-- phpMyAdmin SQL Dump
-- version 4.5.2
-- http://www.phpmyadmin.net
--
-- Host: 127.0.0.1
-- Generation Time: Jan 10, 2018 at 04:52 PM
-- Server version: 5.7.9
-- PHP Version: 5.6.16

SET SQL_MODE = "NO_AUTO_VALUE_ON_ZERO";
SET time_zone = "+00:00";


/*!40101 SET @OLD_CHARACTER_SET_CLIENT=@@CHARACTER_SET_CLIENT */;
/*!40101 SET @OLD_CHARACTER_SET_RESULTS=@@CHARACTER_SET_RESULTS */;
/*!40101 SET @OLD_COLLATION_CONNECTION=@@COLLATION_CONNECTION */;
/*!40101 SET NAMES utf8mb4 */;

--
-- Database: `database`
--

-- --------------------------------------------------------

--
-- Table structure for table `activity`
--

DROP TABLE IF EXISTS `activity`;
CREATE TABLE IF NOT EXISTS `activity` (
  `activityid` int(10) NOT NULL AUTO_INCREMENT,
  `complete` tinyint(1) NOT NULL DEFAULT '0',
  `type` varchar(30) DEFAULT NULL,
  `prospecting_type` varchar(20) DEFAULT NULL,
  `description` varchar(80) DEFAULT NULL,
  `due_date` date DEFAULT NULL,
  `time` time DEFAULT NULL,
  `result` varchar(40) DEFAULT NULL,
  `result_description` varchar(200) DEFAULT NULL,
  `next_action` varchar(40) DEFAULT NULL,
  `next_action_description` varchar(200) DEFAULT NULL,
  `creation_date` date NOT NULL,
  `created_by` varchar(30) DEFAULT NULL,
  `new` tinyint(1) NOT NULL DEFAULT '1',
  `complete_date` timestamp NULL DEFAULT NULL,
  `contacted` varchar(40) DEFAULT NULL,
  `project_ref_num` int(10) DEFAULT NULL,
  `met_with` varchar(50) DEFAULT NULL,
  PRIMARY KEY (`activityid`)
) ENGINE=InnoDB AUTO_INCREMENT=365 DEFAULT CHARSET=latin1;

--
-- Dumping data for table `activity`
--

INSERT INTO `activity` (`activityid`, `complete`, `type`, `prospecting_type`, `description`, `due_date`, `time`, `result`, `result_description`, `next_action`, `next_action_description`, `creation_date`, `created_by`, `new`, `complete_date`, `contacted`, `project_ref_num`, `met_with`) VALUES
(23, 1, 'prospecting', 'left brochure', '', '2016-06-24', '10:00:00', 'got an appointment', '', 'quotation', NULL, '2016-06-01', 'Colin', 0, '2016-07-19 23:00:00', NULL, NULL, NULL),
(24, 1, 'deliver quote', '', 'iuytre â‚¬5800', '2016-06-23', '12:00:00', 'on going', '', 'close meeting', NULL, '2016-06-01', 'Colin', 0, '2016-07-19 23:00:00', NULL, NULL, NULL),
(25, 1, 'closing meeting', '', 'sold 50 beds', '2016-06-29', '13:00:00', 'sold', '', 'create job number', NULL, '2016-06-01', 'Colin', 0, '2016-07-19 23:00:00', NULL, NULL, NULL),
(26, 1, 'prospecting', 'left business card', '', '2016-08-17', '11:11:00', 'no interest', '', 'quotation', NULL, '2016-06-01', 'Colin', 0, '2016-07-19 23:00:00', NULL, NULL, NULL),
(27, 0, 'closing meeting', '', '', '2016-05-12', '12:33:00', '', '', NULL, NULL, '2016-06-01', 'Colin', 0, '2016-07-19 23:00:00', NULL, NULL, NULL),
(28, 1, 'qualifying', '', '', '2016-06-24', '10:00:00', 'proceed to next stage', '', 'qualifying', NULL, '2016-06-01', 'Colin', 0, '2016-07-19 23:00:00', NULL, NULL, NULL),
(29, 1, 'qualifying', '', '', '2016-06-24', '10:00:00', 'on going', '', 'presentation', NULL, '2016-06-01', 'Colin', 0, '2016-07-19 23:00:00', NULL, NULL, NULL),
(30, 1, 'qualifying', '', '', '2016-06-23', '11:11:00', 'advance', '', 'create job number', NULL, '2016-06-01', 'Colin', 0, '2016-07-19 23:00:00', NULL, NULL, NULL),
(31, 1, 'presentation', '', '', '2016-07-23', '12:34:00', 'no interest', '', 'quotation', NULL, '2016-06-01', 'Colin', 0, '2016-07-19 23:00:00', NULL, NULL, NULL),
(32, 1, 'deliver quote', '', '', '2016-06-03', '12:31:00', 'wants more info', 'manager wants a brochure on a bed', 'contact again', NULL, '2016-06-02', 'Colin', 0, '2016-07-19 23:00:00', NULL, NULL, NULL),
(33, 1, 'deliver quote', '', 'hiuoi', '2016-06-23', '10:30:00', 'no interest', '', 'create job number', NULL, '2016-06-08', 'Colin', 0, '2016-07-19 23:00:00', NULL, NULL, NULL),
(34, 1, 'deliver quote', '', 'upgrade new v-mat', '2016-06-23', '12:00:00', 'other', 'sold', 'no further action', NULL, '2016-06-16', 'Colin', 0, '2016-07-19 23:00:00', NULL, NULL, NULL),
(35, 1, 'create job number', NULL, '', '2016-06-21', '00:00:00', NULL, NULL, NULL, NULL, '2016-06-20', 'Colin', 0, '2016-07-19 23:00:00', NULL, NULL, NULL),
(36, 0, 'prospecting', '', 'new build 88 beds', '2016-06-30', '12:00:00', '', '', NULL, NULL, '2016-06-21', 'Colin', 0, '2016-07-19 23:00:00', NULL, NULL, NULL),
(37, 1, 'prospecting', 'courtesy call', '', '2016-06-15', '12:12:00', 'advance', '', 'qualifying', NULL, '2016-06-21', 'Colin', 0, '2016-07-19 23:00:00', NULL, NULL, NULL),
(38, 0, 'prospecting', NULL, '80 beds', '2016-06-30', '09:00:00', NULL, NULL, NULL, NULL, '2016-06-22', 'Colin', 0, '2016-07-19 23:00:00', NULL, NULL, NULL),
(39, 1, 'prospecting', 'door step', '30 beds', '2016-05-30', '11:00:00', 'other', 'wanted a quote', 'contact again', NULL, '2016-06-22', 'Colin', 0, '2016-07-19 23:00:00', NULL, NULL, NULL),
(40, 1, 'prospecting', 'courtesy call', 'ian is back from holidays', '2016-06-01', '12:45:00', 'awaiting feedback', 'ian considering proposal', 'followup meeting', NULL, '2016-06-22', 'Colin', 0, '2016-07-19 23:00:00', NULL, NULL, NULL),
(41, 1, 'followup meeting', '', '', '2016-06-08', '00:00:00', 'on going', 'wants to examine figures', 'close meeting', NULL, '2016-06-22', 'Colin', 0, '2016-07-19 23:00:00', NULL, NULL, NULL),
(42, 1, 'closing meeting', '', 'nikki to look at discount', '2016-06-13', '11:50:00', 'sold', 'order for 3 hoists and 4 beds po number 1234', 'create job number', NULL, '2016-06-22', 'Colin', 0, '2016-07-19 23:00:00', NULL, NULL, NULL),
(43, 1, 'create job number', NULL, 'wants installation by mid september', '2016-06-22', '10:00:00', NULL, NULL, NULL, NULL, '2016-06-22', 'Colin', 0, '2016-07-19 23:00:00', NULL, NULL, NULL),
(44, 1, 'qualifying', '', '', '2016-06-05', '00:00:00', 'advance', '', 'presentation', NULL, '2016-06-22', 'Colin', 0, '2016-07-19 23:00:00', NULL, NULL, NULL),
(45, 0, 'presentation', '', 'need to have demo set up for 2 weeks time. create a job number for this jvfnoesi', '2016-06-06', '01:00:00', '', '', NULL, NULL, '2016-06-22', 'Colin', 0, '2016-07-19 23:00:00', NULL, NULL, NULL),
(46, 1, 'create job number', NULL, '', '2016-06-30', '12:00:00', NULL, NULL, NULL, NULL, '2016-06-23', 'Colin', 0, '2016-07-19 23:00:00', NULL, NULL, NULL),
(47, 1, 'deliver quote', '', 'test', '2016-06-23', '12:00:00', 'wants another visit', '', 'close meeting', NULL, '2016-06-23', 'Colin', 0, '2016-07-19 23:00:00', NULL, NULL, NULL),
(48, 1, 'closing meeting', '', '', '2016-06-24', '12:30:00', 'sold', 'gh3 200kg straight track', 'create job number', NULL, '2016-06-23', 'Colin', 0, '2016-07-19 23:00:00', NULL, NULL, NULL),
(49, 1, 'create job number', NULL, 'needs delivery by mid august', '2016-06-25', '12:45:00', NULL, NULL, NULL, NULL, '2016-06-23', 'Colin', 0, '2016-07-19 23:00:00', NULL, NULL, NULL),
(50, 1, 'prospecting', 'left business card', '', '2016-06-29', '01:00:00', 'not available', 'back from holidays tomorrow', 'contact again', NULL, '2016-06-28', 'Colin', 0, '2016-07-19 23:00:00', NULL, NULL, NULL),
(51, 1, 'prospecting', 'door step', '', '2016-06-29', '12:30:00', 'advance', 'wants quote', 'quotation', NULL, '2016-06-28', 'Colin', 0, '2016-07-19 23:00:00', NULL, NULL, NULL),
(52, 1, 'generate quote', '', '10 beds', '2016-07-28', '14:30:00', 'wants another visit', 'have a quote meeting', 'quotation', NULL, '2016-06-28', 'Colin', 0, '2016-07-20 23:00:00', NULL, NULL, NULL),
(53, 0, 'prospecting', '', '150 bed development in Kenmare', '2016-06-30', '12:00:00', '', '', NULL, NULL, '2016-06-29', 'Colin', 0, '2016-07-19 23:00:00', NULL, NULL, NULL),
(54, 0, 'prospecting', '', 'meet the don', '2016-07-21', '12:30:00', '', '', NULL, NULL, '2016-07-05', 'Colin', 0, '2016-07-19 23:00:00', NULL, NULL, NULL),
(55, 0, 'qualifying', NULL, 'will have O.T and P.T available on next sales call', '2016-07-18', '12:00:00', NULL, NULL, NULL, NULL, '2016-07-11', 'Colin', 0, '2016-07-19 23:00:00', NULL, NULL, NULL),
(56, 0, 'prospecting', '', 'delivery in 4 weeks', '2016-07-11', '16:10:00', '', '', NULL, NULL, '2016-07-11', 'Colin', 0, '2016-07-19 23:00:00', NULL, NULL, NULL),
(57, 1, 'prospecting', 'phone call', 'drop in a broucher', '2016-07-18', '12:00:00', 'advance', 'wants meeting', 'qualifying', NULL, '2016-07-11', 'Colin', 0, '2016-07-19 23:00:00', NULL, NULL, NULL),
(58, 1, 'prospecting', 'door step', '120 bed', '2016-07-12', '12:00:00', 'other', 'Got architect details', 'followup meeting', NULL, '2016-07-11', 'Colin', 0, '2016-07-19 23:00:00', NULL, NULL, NULL),
(59, 1, 'followup meeting', '', 'arrange meeting with stw architects', '2016-07-25', '12:00:00', 'wants more info', 'send spec and brochure', 'contact again', NULL, '2016-07-11', 'Colin', 0, '2016-07-19 23:00:00', NULL, NULL, NULL),
(60, 0, 'prospecting', '', 'anthony@swl.com sent info on bed', '2016-07-12', '12:00:00', '', '', NULL, NULL, '2016-07-11', 'Colin', 0, '2016-07-19 23:00:00', NULL, NULL, NULL),
(61, 1, 'prospecting', 'phone call', 'speak with the don about upgrading their beds', '2016-07-20', '12:00:00', 'continuation', 'call them back soon', 'contact again', NULL, '2016-07-13', 'Colin', 0, '2016-07-19 23:00:00', NULL, NULL, NULL),
(62, 0, 'other', NULL, 'bring cake', '2016-07-15', '12:00:00', NULL, NULL, NULL, NULL, '2016-07-14', 'Colin', 0, '2016-07-19 23:00:00', NULL, NULL, NULL),
(63, 0, 'prospecting', NULL, 'Meet DOM', '2016-07-14', '12:40:00', NULL, NULL, NULL, NULL, '2016-07-14', 'Colin', 0, '2016-07-19 23:00:00', NULL, NULL, NULL),
(64, 1, 'prospecting', 'phone call', 'meet the Don and buy sugar', '2016-07-20', '13:13:00', 'no interest', 'this it the test task', 'contact again', NULL, '2016-07-14', 'Colin', 0, '2016-07-19 23:00:00', NULL, NULL, NULL),
(65, 1, 'prospecting', 'phone call', 'email on the details to example@gmail.com', '2016-07-15', '12:00:00', 'advance', '', 'no further action', NULL, '2016-07-14', 'Colin', 0, '2016-07-19 23:00:00', NULL, NULL, NULL),
(66, 1, 'prospecting', 'phone call', 'this is the test task', '2016-07-15', '00:00:00', 'wants quote', 'quote for 10 gh3 hoists', 'generate quote', NULL, '2016-07-14', 'Colin', 0, '2016-07-19 23:00:00', NULL, NULL, NULL),
(67, 1, 'generate quote', '', 'THIS IS A TEST - quote for 10 gh3 hoists', '2016-07-15', '11:11:00', 'continuation', 'quote made', 'quotation', NULL, '2016-07-15', 'Colin', 0, '2016-07-19 23:00:00', NULL, NULL, NULL),
(68, 0, 'prospecting', NULL, 'this is to test id the created by is working', '2016-07-20', '12:00:00', NULL, NULL, NULL, NULL, '2016-07-15', 'Colin', 0, '2016-07-19 23:00:00', NULL, NULL, NULL),
(69, 0, 'prospecting', NULL, 'test2', '2016-07-27', '12:00:00', NULL, NULL, NULL, NULL, '2016-07-15', 'Colin', 0, '2016-07-19 23:00:00', NULL, NULL, NULL),
(74, 0, 'prospecting', NULL, 'test3', '2016-07-24', '12:12:00', NULL, NULL, NULL, NULL, '2016-07-15', 'Colin', 0, '2016-07-19 23:00:00', NULL, NULL, NULL),
(75, 0, 'prospecting', '', 'deliver a brochure for the beds', '2016-07-19', '12:12:00', '', '', NULL, NULL, '2016-07-15', 'Colin', 0, '2016-07-19 23:00:00', NULL, NULL, NULL),
(76, 1, 'closing meeting', '', 'meet with the don to arrange a delivery date for the beds', '2016-07-22', '12:00:00', 'sold', 'job done', 'no further action', NULL, '2016-07-15', 'Colin', 0, '2016-07-19 23:00:00', NULL, NULL, NULL),
(77, 1, 'presentation', '', 'sample', '2016-07-27', '12:12:00', 'sold', '', 'create job number', NULL, '2016-07-15', 'Colin', 0, '2016-08-17 23:00:00', NULL, NULL, NULL),
(78, 1, 'generate quote', '', 'another sample', '2016-07-27', '12:12:00', 'no interest', 'has been given quote', 'contact again', NULL, '2016-07-15', 'Colin', 0, '2016-07-19 23:00:00', NULL, NULL, NULL),
(79, 1, 'deliver quote', '', 'drop in quote to marc', '2016-07-17', '12:00:00', 'continuation', 'awaiting order', 'contact again', NULL, '2016-07-15', 'Colin', 0, '2016-07-19 23:00:00', NULL, NULL, NULL),
(80, 0, 'prospecting', NULL, '', '2016-07-19', '12:00:00', NULL, NULL, NULL, NULL, '2016-07-18', 'Colin', 0, '2016-07-19 23:00:00', NULL, NULL, NULL),
(81, 0, 'prospecting', NULL, '', '2016-07-26', '12:00:00', NULL, NULL, NULL, NULL, '2016-07-18', 'Colin', 0, '2016-07-19 23:00:00', NULL, NULL, NULL),
(82, 1, 'prospecting', 'phone call', 'clean the pc', '2016-07-19', '12:12:00', 'no interest', '', 'no further action', NULL, '2016-07-18', 'Colin', 0, '2016-07-19 23:00:00', NULL, NULL, NULL),
(83, 0, 'prospecting', NULL, 'This is a test', '2016-07-27', '12:12:00', NULL, NULL, NULL, NULL, '2016-07-18', 'Colin', 0, '2016-07-19 23:00:00', NULL, NULL, NULL),
(84, 0, 'prospecting', NULL, 'meeting with marc', '2016-07-26', '13:00:00', NULL, NULL, NULL, NULL, '2016-07-18', 'Colin', 0, '2016-07-19 23:00:00', NULL, NULL, NULL),
(85, 0, 'presentation', NULL, 'mash bannana', '2016-07-27', '14:00:00', NULL, NULL, NULL, NULL, '2016-07-18', 'Colin', 0, '2016-07-19 23:00:00', NULL, NULL, NULL),
(86, 1, 'prospecting', 'phone call', 'organise meeting', '2016-07-26', '12:12:00', 'awaiting feedback', 'waiting for the don to make a decision', 'contact again', NULL, '2016-07-18', 'Colin', 0, '2016-07-19 23:00:00', NULL, NULL, NULL),
(87, 1, 'prospecting', 'phone call', 'meet banana', '2016-07-13', '00:00:00', 'continuation', 'they asked me to call back next week', 'contact again', NULL, '2016-07-19', 'Colin', 0, '2016-07-19 23:00:00', NULL, NULL, NULL),
(88, 0, 'prospecting', NULL, 'phone call', '2016-07-20', '12:12:00', NULL, NULL, NULL, NULL, '2016-07-19', 'Colin', 0, '2016-07-19 23:00:00', NULL, NULL, NULL),
(89, 1, 'prospecting', 'phone call', 'phone call', '2016-07-21', '12:12:00', 'continuation', 'phone them again tomorrow', 'contact again', NULL, '2016-07-19', 'Colin', 0, '2016-07-19 23:00:00', NULL, NULL, NULL),
(90, 1, 'prospecting', 'left brochure', 'ring the dom tomorrow', '2016-07-20', '11:11:00', 'wants quote', 'quote for 10 beds', 'generate quote', NULL, '2016-07-19', 'Colin', 0, '2016-07-19 23:00:00', NULL, NULL, NULL),
(91, 1, 'generate quote', '', 'make a quote for 10 low lying beds', '2016-07-20', '12:34:00', 'continuation', 'quote made', 'deliver quote', NULL, '2016-07-19', 'Colin', 0, '2016-07-25 23:00:00', NULL, NULL, NULL),
(92, 1, 'qualifying', '', 'meet with don about beds', '2016-07-20', '11:11:00', 'sold', 'customer is buying 10 beds', 'create job number', NULL, '2016-07-19', 'Colin', 0, '2016-07-19 23:00:00', NULL, NULL, NULL),
(93, 1, 'create job number', NULL, 'deliver and install 10 beds', '2016-07-27', '11:11:00', NULL, NULL, NULL, NULL, '2016-07-20', 'Colin', 0, '2016-07-19 23:00:00', NULL, NULL, NULL),
(94, 1, 'deliver quote', '', '50&#39;000', '2016-07-27', '11:11:00', 'wants another visit', 'meeting about quote', 'close meeting', NULL, '2016-07-20', 'Colin', 0, '2016-07-19 23:00:00', NULL, NULL, NULL),
(95, 1, 'closing meeting', '', 'get deposit', '2016-07-20', '10:00:00', 'sold', '5 hoists', 'create job number', NULL, '2016-07-20', 'Colin', 0, '2016-09-07 23:00:00', NULL, NULL, NULL),
(96, 0, 'prospecting', NULL, 'call next week', '2016-07-27', '12:12:00', NULL, NULL, NULL, NULL, '2016-07-20', 'Colin', 0, '2016-07-19 23:00:00', NULL, NULL, NULL),
(97, 0, 'deliver quote', '', 'deliver quote', '2016-07-21', '11:11:00', '', '', NULL, NULL, '2016-07-20', 'Colin', 0, '2016-07-19 23:00:00', NULL, NULL, NULL),
(98, 0, 'deliver quote', '', 'deliver quote', '2016-07-21', '11:11:00', '', '', NULL, NULL, '2016-07-20', 'Colin', 0, '2016-07-19 23:00:00', NULL, NULL, NULL),
(99, 0, 'quotation', NULL, 'meet with the maintenance manager', '2016-07-28', '10:30:00', NULL, NULL, NULL, NULL, '2016-07-21', 'Colin', 0, NULL, NULL, NULL, NULL),
(100, 0, 'prospecting', NULL, '', '2016-07-27', '12:12:00', NULL, NULL, NULL, NULL, '2016-07-22', 'Marc', 0, NULL, NULL, NULL, NULL),
(101, 1, 'qualifying', '', '', '2016-07-27', '12:12:00', 'advance', '', 'closing meeting', NULL, '2016-07-22', 'Marc', 0, '2017-04-08 23:00:00', NULL, NULL, NULL),
(102, 1, 'prospecting', 'door step', '', '2016-07-11', '12:00:00', 'not available', 'saw site notice MOAH are architects', 'contact again', NULL, '2016-07-25', 'Marc', 0, '2016-07-24 23:00:00', NULL, NULL, NULL),
(103, 1, 'prospecting', 'left brochure', 'contact architect', '2016-07-12', '12:00:00', 'wants quote', '10 hoists', 'generate quote', NULL, '2016-07-25', 'Vincent', 0, '2016-07-24 23:00:00', NULL, NULL, NULL),
(104, 1, 'prospecting', 'phone call', 'contact architect', '2016-07-12', '12:00:00', 'other', 'Nikki to send in broucher', 'contact again', NULL, '2016-07-25', 'Vincent', 0, '2016-07-24 23:00:00', NULL, NULL, NULL),
(105, 1, 'prospecting', 'left brochure', 'Send broucher on beds and give me a reminder', '2016-07-25', '12:00:00', 'continuation', 'emailed the brochure', 'contact again', NULL, '2016-07-25', 'Vincent', 0, '2016-07-24 23:00:00', NULL, NULL, NULL),
(106, 1, 'prospecting', 'followup meeting', 'follow up on brochure', '2016-07-13', '12:12:00', 'wants quote', '60 beds', 'generate quote', NULL, '2016-07-25', 'Nikki', 0, '2016-07-24 23:00:00', NULL, NULL, NULL),
(107, 1, 'prospecting', 'phone call', 'quote for 60 beds', '2016-07-14', '10:00:00', 'wants quote', 'quote for 60 beds', 'generate quote', NULL, '2016-07-25', 'Vincent', 0, '2016-07-24 23:00:00', NULL, NULL, NULL),
(108, 0, 'generate quote', NULL, 'quote for 60 beds', '2016-07-25', '12:12:00', NULL, NULL, NULL, NULL, '2016-07-25', 'Nikki', 0, NULL, NULL, NULL, NULL),
(109, 0, 'generate quote', NULL, '10 hoists', '2016-07-26', '12:12:00', NULL, NULL, NULL, NULL, '2016-07-25', 'Vincent', 0, NULL, NULL, NULL, NULL),
(110, 0, 'other', '', 'THIS IS A TEST', '2016-07-25', '11:11:00', 'continuation', 'THIS IS STILL A TEST', 'contact again', NULL, '2016-07-25', 'Nikki', 0, '2016-07-24 23:00:00', NULL, NULL, NULL),
(111, 0, 'prospecting', NULL, 'THIS IS A TEST', '2016-07-25', '11:11:00', NULL, NULL, NULL, NULL, '2016-07-25', 'Nikki', 0, NULL, NULL, NULL, NULL),
(112, 0, 'prospecting', NULL, 'this is a test to see if duplicates appear', '2016-07-26', '12:34:00', NULL, NULL, NULL, NULL, '2016-07-25', 'Nikki', 1, NULL, NULL, NULL, NULL),
(113, 0, 'prospecting', NULL, 'this is a test to see if duplicates appear', '2016-07-26', '12:34:00', NULL, NULL, NULL, NULL, '2016-07-25', 'Nikki', 1, NULL, NULL, NULL, NULL),
(114, 0, 'prospecting', NULL, 'this is a test to see if duplicates appear', '2016-07-26', '12:34:00', NULL, NULL, NULL, NULL, '2016-07-25', 'Nikki', 1, NULL, NULL, NULL, NULL),
(115, 0, 'prospecting', NULL, 'this is a test to see if duplicates appear', '2016-07-26', '12:34:00', NULL, NULL, NULL, NULL, '2016-07-25', 'Nikki', 1, NULL, NULL, NULL, NULL),
(116, 0, 'prospecting', NULL, 'this is a test to see if duplicates appear', '2016-07-26', '12:34:00', NULL, NULL, NULL, NULL, '2016-07-25', 'Nikki', 1, NULL, NULL, NULL, NULL),
(117, 0, 'prospecting', NULL, 'have a meeting with the don', '2016-07-26', '12:12:00', NULL, NULL, NULL, NULL, '2016-07-25', 'Marc', 0, NULL, NULL, NULL, NULL),
(118, 0, 'prospecting', NULL, 'phone call', '2016-07-26', '12:00:00', NULL, NULL, NULL, NULL, '2016-07-25', 'Marc', 0, NULL, NULL, NULL, NULL),
(119, 1, 'prospecting', 'left brochure', 'drop in brochure', '2016-07-26', '11:11:00', 'wants quote', '', 'generate quote', NULL, '2016-07-25', 'Vincent', 0, '2016-08-17 23:00:00', NULL, NULL, NULL),
(120, 1, 'prospecting', 'left brochure', 'door step and drop in a brochure', '2016-07-27', '21:02:00', 'wants quote', 'wants a quote for 10 hoists', 'generate quote', NULL, '2016-07-26', 'Vincent', 0, '2016-07-25 23:00:00', NULL, NULL, NULL),
(121, 0, 'prospecting', NULL, '', '2016-07-13', '11:11:00', NULL, NULL, NULL, NULL, '2016-07-26', 'Vincent', 0, NULL, NULL, NULL, NULL),
(122, 1, 'qualifying', '', 'test', '2016-07-27', '11:11:00', 'advance', '', 'create job number', NULL, '2016-07-26', 'Vincent', 0, '2016-09-16 23:00:00', NULL, NULL, NULL),
(123, 1, 'generate quote', '', 'quote 10 beds', '2016-07-26', '11:11:00', 'continuation', 'quote made', 'deliver quote', NULL, '2016-07-26', 'Vincent', 0, '2016-07-25 23:00:00', NULL, NULL, NULL),
(124, 1, 'deliver quote', '', 'drop off quote to the QS', '2016-07-27', '11:11:00', 'sold', 'will buy the 10 hoists', 'create job number', NULL, '2016-07-26', 'Nikki', 0, '2016-07-25 23:00:00', NULL, NULL, NULL),
(125, 1, 'create job number', NULL, 'create a job for the installation of the 10 hoists', '2016-07-28', '12:12:00', NULL, NULL, NULL, NULL, '2016-07-26', 'Vincent', 0, NULL, NULL, NULL, NULL),
(126, 1, 'deliver quote', '', 'hand deliver quote to QS', '2016-07-27', '12:00:00', 'sold', '10 hoists sold', 'create job number', NULL, '2016-07-26', 'Nikki', 0, '2016-07-25 23:00:00', NULL, NULL, NULL),
(127, 1, 'create job number', NULL, 'install the 10 hoists', '2016-07-27', '12:00:00', NULL, NULL, NULL, NULL, '2016-07-26', 'Vincent', 0, NULL, NULL, NULL, NULL),
(128, 0, 'qualifying', '', 'spin mouse', '2017-03-03', '09:00:00', 'sold', '', 'closing meeting', NULL, '2016-07-27', 'Nikki', 0, '2017-04-08 23:00:00', NULL, NULL, NULL),
(129, 0, 'prospecting', 'phone call', 'bring brocheurs', '2018-01-06', '13:00:00', 'no interest', '', 'no further action', NULL, '2016-07-27', 'Marc', 1, '2016-09-06 23:00:00', NULL, NULL, NULL),
(130, 0, 'generate quote', NULL, '10 beds', '2016-07-27', '14:00:00', NULL, NULL, NULL, NULL, '2016-07-27', 'Marc', 0, NULL, NULL, NULL, NULL),
(131, 1, 'prospecting', 'other', '', '2016-07-27', '09:00:00', 'wants quote', '', 'generate quote', NULL, '2016-07-27', 'Marc', 0, '2016-07-26 23:00:00', NULL, NULL, NULL),
(132, 1, 'generate quote', '', '10 beds turtles', '2016-07-27', '15:00:00', 'advance', '', 'deliver quote', NULL, '2016-07-27', 'Marc', 0, '2016-08-17 23:00:00', NULL, NULL, NULL),
(133, 1, 'deliver quote', '', '', '2016-08-19', '12:00:00', 'sold', '', 'create job number', NULL, '2016-08-18', 'Nikki', 0, '2016-08-18 23:00:00', NULL, NULL, NULL),
(134, 1, 'create job number', NULL, '', '2016-08-19', '12:12:00', NULL, NULL, NULL, NULL, '2016-08-18', 'Vincent', 0, NULL, NULL, NULL, NULL),
(135, 0, 'create job number', NULL, '', '2016-08-19', '12:12:00', NULL, NULL, NULL, NULL, '2016-08-18', 'Vincent', 0, NULL, NULL, NULL, NULL),
(136, 1, 'prospecting', 'left business card', '', '2016-08-18', '14:00:00', 'wants quote', '', 'generate quote', NULL, '2016-08-18', 'Vincent', 0, '2016-08-17 23:00:00', NULL, NULL, NULL),
(137, 1, 'generate quote', '', '', '2016-08-18', '11:11:00', 'no interest', '', 'qualifying', NULL, '2016-08-18', 'Vincent', 0, '2017-04-08 23:00:00', NULL, NULL, NULL),
(138, 1, 'prospecting', 'left brochure', '', '2016-08-24', '11:11:00', 'wants quote', '', 'generate quote', NULL, '2016-08-18', 'Vincent', 0, '2016-08-17 23:00:00', NULL, NULL, NULL),
(139, 1, 'generate quote', '', '', '2016-08-18', '00:00:00', 'advance', '', 'deliver quote', NULL, '2016-08-18', 'Vincent', 0, '2016-08-17 23:00:00', NULL, NULL, NULL),
(140, 1, 'deliver quote', '', '', '2016-08-18', '12:34:00', 'sold', '', 'create job number', NULL, '2016-08-18', 'Nikki', 0, '2016-08-17 23:00:00', NULL, NULL, NULL),
(141, 1, 'create job number', NULL, '', '2016-08-19', '12:55:00', NULL, NULL, NULL, NULL, '2016-08-18', 'Vincent', 0, NULL, NULL, NULL, NULL),
(142, 1, 'deliver quote', '', '', '2016-08-19', '09:00:00', 'sold', '', 'create job number', NULL, '2016-08-18', 'Nikki', 0, '2016-08-17 23:00:00', NULL, NULL, NULL),
(143, 1, 'create job number', NULL, '', '2016-08-19', '12:00:00', 'Job Number: 2421', NULL, NULL, NULL, '2016-08-18', 'Vincent', 0, NULL, NULL, NULL, NULL),
(144, 1, 'deliver quote', '', '', '2016-08-19', '00:00:00', 'no interest', '', 'no further action', NULL, '2016-08-18', 'Nikki', 0, '2017-04-08 23:00:00', NULL, NULL, NULL),
(145, 1, 'prospecting', 'phone call', '', '2016-08-19', '12:12:00', 'wants quote', '', 'generate quote', NULL, '2016-08-18', 'Nikki', 0, '2016-08-17 23:00:00', NULL, NULL, NULL),
(146, 0, 'create job number', NULL, '', '2016-08-19', '00:00:00', NULL, NULL, NULL, NULL, '2016-08-19', 'Vincent', 0, NULL, NULL, NULL, NULL),
(147, 1, 'prospecting', 'demo', '', '2016-08-20', '12:12:00', 'wants quote', '', 'generate quote', NULL, '2016-08-19', 'Nikki', 0, '2016-08-18 23:00:00', NULL, NULL, NULL),
(148, 0, 'generate quote', NULL, '', '2016-08-22', '00:00:00', NULL, NULL, NULL, NULL, '2016-08-19', 'Vincent', 0, NULL, NULL, NULL, NULL),
(149, 0, 'generate quote', NULL, '', '2016-08-22', '00:00:00', NULL, NULL, NULL, NULL, '2016-08-19', 'Vincent', 0, NULL, NULL, NULL, NULL),
(150, 0, 'generate quote', NULL, '', '2016-08-22', '00:00:00', NULL, NULL, NULL, NULL, '2016-08-19', 'Vincent', 0, NULL, NULL, NULL, NULL),
(151, 0, 'generate quote', NULL, '', '2016-08-22', '00:00:00', NULL, NULL, NULL, NULL, '2016-08-19', 'Vincent', 0, NULL, NULL, NULL, NULL),
(152, 0, 'generate quote', NULL, '', '2016-08-22', '00:00:00', NULL, NULL, NULL, NULL, '2016-08-19', 'Vincent', 0, NULL, NULL, NULL, NULL),
(153, 0, 'generate quote', NULL, '', '2016-08-22', '00:00:00', NULL, NULL, NULL, NULL, '2016-08-19', 'Vincent', 0, NULL, NULL, NULL, NULL),
(154, 0, 'generate quote', NULL, '', '2016-08-22', '00:00:00', NULL, NULL, NULL, NULL, '2016-08-19', 'Vincent', 0, NULL, NULL, NULL, NULL),
(155, 0, 'generate quote', NULL, '', '2016-08-22', '00:00:00', NULL, NULL, NULL, NULL, '2016-08-19', 'Vincent', 0, NULL, NULL, NULL, NULL),
(156, 0, 'generate quote', NULL, '', '2016-08-22', '00:00:00', NULL, NULL, NULL, NULL, '2016-08-19', 'Vincent', 0, NULL, NULL, NULL, NULL),
(157, 0, 'generate quote', NULL, '', '2016-08-22', '00:00:00', NULL, NULL, NULL, NULL, '2016-08-19', 'Vincent', 0, NULL, NULL, NULL, NULL),
(158, 0, 'generate quote', NULL, '', '2016-08-22', '00:00:00', NULL, NULL, NULL, NULL, '2016-08-19', 'Vincent', 0, NULL, NULL, NULL, NULL),
(159, 1, 'generate quote', '', '', '2016-08-22', '00:00:00', 'advance', '', 'deliver quote', NULL, '2016-08-19', 'Vincent', 0, '2016-08-18 23:00:00', NULL, NULL, NULL),
(160, 0, 'generate quote', NULL, '', '2016-08-22', '00:00:00', NULL, NULL, NULL, NULL, '2016-08-19', 'Vincent', 0, NULL, NULL, NULL, NULL),
(161, 1, 'deliver quote', '', '', '2016-08-23', '00:00:00', 'sold', '', 'create job number', NULL, '2016-08-19', 'Nikki', 0, '2016-08-18 23:00:00', NULL, NULL, NULL),
(162, 0, 'generate quote', NULL, '', '2016-08-24', '00:00:00', NULL, NULL, NULL, NULL, '2016-08-19', 'Vincent', 0, NULL, NULL, NULL, NULL),
(163, 1, 'create job number', NULL, '', '2016-08-23', '00:00:00', NULL, NULL, NULL, NULL, '2016-08-19', 'Vincent', 0, NULL, NULL, NULL, NULL),
(164, 1, 'prospecting', 'demo', '', '2016-08-27', '11:01:00', 'wants quote', '', 'generate quote', NULL, '2016-08-19', 'Nikki', 0, '2016-08-18 23:00:00', NULL, NULL, NULL),
(165, 1, 'generate quote', '', '', '2016-08-29', '12:12:00', 'advance', '', 'deliver quote', NULL, '2016-08-19', 'Vincent', 0, '2016-08-18 23:00:00', NULL, NULL, NULL),
(166, 1, 'deliver quote', '', '', '2016-08-29', '12:12:00', 'sold', '', 'create job number', NULL, '2016-08-19', 'Nikki', 0, '2016-08-18 23:00:00', NULL, NULL, NULL),
(167, 1, 'create job number', NULL, '', '2016-08-30', '12:12:00', NULL, NULL, NULL, NULL, '2016-08-19', 'Vincent', 0, NULL, NULL, NULL, NULL),
(168, 1, 'closing meeting', '', '', '2016-08-25', '12:12:00', 'sold', '', 'create job number', NULL, '2016-08-19', 'Vincent', 0, '2016-08-18 23:00:00', NULL, NULL, NULL),
(169, 1, 'create job number', NULL, '', '2016-08-25', '00:00:00', NULL, NULL, NULL, NULL, '2016-08-19', 'Vincent', 0, NULL, NULL, NULL, NULL),
(170, 1, 'prospecting', 'demo', '', '2016-08-31', '12:12:00', 'wants quote', '', 'generate quote', NULL, '2016-08-19', 'Vincent', 0, '2016-08-18 23:00:00', NULL, NULL, NULL),
(171, 1, 'generate quote', '', 'tessssssssssst', '2016-09-01', '00:00:00', 'advance', '', 'deliver quote', NULL, '2016-08-19', 'Vincent', 0, '2016-08-18 23:00:00', NULL, NULL, NULL),
(172, 1, 'deliver quote', '', '', '2016-09-02', '00:00:00', 'sold', '', 'create job number', NULL, '2016-08-19', 'Nikki', 0, '2016-08-18 23:00:00', NULL, NULL, NULL),
(173, 1, 'create job number', NULL, 'TEST TEST TEST', '2016-09-03', '00:00:00', NULL, NULL, NULL, NULL, '2016-08-19', 'Vincent', 0, NULL, NULL, NULL, NULL),
(174, 0, 'prospecting', NULL, '', '2016-08-24', '12:12:00', NULL, NULL, NULL, NULL, '2016-08-22', 'Nikki', 0, NULL, NULL, NULL, NULL),
(175, 1, 'prospecting', 'demo', '', '2016-08-23', '12:12:00', 'wants quote', '', 'generate quote', NULL, '2016-08-22', 'Nikki', 0, '2016-08-21 23:00:00', NULL, NULL, NULL),
(176, 1, 'generate quote', '', '', '2016-08-25', '11:11:00', 'advance', '', 'deliver quote', NULL, '2016-08-22', 'Vincent', 0, '2016-08-21 23:00:00', NULL, NULL, NULL),
(177, 1, 'deliver quote', '', '', '2016-08-26', '11:11:00', 'sold', '', 'create job number', NULL, '2016-08-22', 'Nikki', 0, '2016-08-21 23:00:00', NULL, NULL, NULL),
(178, 1, 'create job number', NULL, '', '2016-08-27', '11:11:00', NULL, NULL, NULL, NULL, '2016-08-22', 'Vincent', 0, NULL, NULL, NULL, NULL),
(179, 1, 'prospecting', 'left brochure', 'Meet with the QS', '2016-08-23', '12:00:00', 'awaiting feedback', 'Needs time to decide who they will choose as their supplier if hoists', 'contact again', NULL, '2016-08-22', 'Nikki', 0, '2016-08-21 23:00:00', NULL, NULL, NULL),
(180, 1, 'prospecting', 'followup meeting', '', '2016-08-31', '12:00:00', 'on going', 'wants quote for 80 beds', 'generate quote', NULL, '2016-08-22', 'Tony', 0, '2016-08-21 23:00:00', NULL, NULL, NULL),
(181, 1, 'generate quote', '', '80 Sentida 6 beds', '2016-08-31', '00:00:00', 'advance', 'Quote on 80 sentida 6 beds - complete', 'deliver quote', NULL, '2016-08-22', 'Tony', 0, '2016-08-21 23:00:00', NULL, NULL, NULL),
(182, 1, 'deliver quote', '', 'Hand deliver the quote', '2016-09-01', '11:00:00', 'wants another visit', 'They will give a decision next week', 'followup meeting', NULL, '2016-08-22', 'Nikki', 0, '2016-08-21 23:00:00', NULL, NULL, NULL),
(183, 1, 'followup meeting', '', 'Regarding the quote', '2016-09-08', '12:30:00', 'sold', 'The quote has been accepted', 'create job number', NULL, '2016-08-22', 'Tony', 0, '2016-08-21 23:00:00', NULL, NULL, NULL),
(184, 1, 'create job number', NULL, 'Create job to deliver and install 80 sentida 6 beds', '2016-09-08', '00:00:00', NULL, NULL, NULL, NULL, '2016-08-22', 'Tony', 0, NULL, NULL, NULL, NULL),
(185, 1, 'other', '', 'site survey', '2016-08-22', '01:01:00', 'advance', '', 'contact again', NULL, '2016-08-22', 'Nikki', 0, '2016-08-21 23:00:00', NULL, NULL, NULL),
(186, 1, 'prospecting', 'phone call', '', '2016-08-30', '01:01:00', 'other', '', 'no further action', NULL, '2016-08-22', 'Nikki', 0, '2016-09-06 23:00:00', NULL, NULL, NULL),
(187, 0, 'prospecting', NULL, '', '2017-02-22', '10:00:00', NULL, NULL, NULL, NULL, '2016-08-22', 'Nikki', 0, NULL, NULL, NULL, NULL),
(189, 1, 'generate quote', '', 'train them how to use the hoist', '2016-08-24', '00:00:00', 'advance', '', 'close meeting', NULL, '2016-08-23', 'Nikki', 0, '2016-08-25 23:00:00', NULL, NULL, NULL),
(190, 0, 'generate quote', NULL, 'quote test', '2016-08-25', '00:00:00', NULL, NULL, NULL, NULL, '2016-08-24', 'Ian', 0, NULL, NULL, NULL, NULL),
(191, 0, 'generate quote', NULL, 'another quote test', '2016-08-25', '00:00:00', NULL, NULL, NULL, NULL, '2016-08-24', 'Ian', 0, NULL, NULL, NULL, NULL),
(192, 0, 'get PO number', '', '', '2016-08-25', '00:00:00', 'sold', '', 'create job number', NULL, '2016-08-24', 'Marc', 1, '2016-09-04 23:00:00', NULL, NULL, NULL),
(193, 0, 'order parts', '', 'this is the description', '2016-09-21', '00:00:00', '', '', NULL, NULL, '2016-08-24', 'Marc', 1, NULL, NULL, NULL, NULL),
(194, 1, 'generate quote', '', '', '2016-08-26', '00:00:00', 'sold', '', 'closing meeting', NULL, '2016-08-25', 'Marc', 0, '2016-08-25 23:00:00', NULL, NULL, NULL),
(195, 1, 'prospecting', 'left business card', 'vincent', '2016-08-22', '09:00:00', 'not available', '', 'contact again', NULL, '2016-08-26', 'Nikki', 0, '2016-08-25 23:00:00', NULL, NULL, NULL),
(196, 1, 'prospecting', 'sales meeting', '', '2016-08-23', '09:00:00', 'advance', '', 'presentation', NULL, '2016-08-26', 'Nikki', 0, '2016-08-25 23:00:00', NULL, NULL, NULL),
(197, 1, 'presentation', '', '', '2016-08-24', '09:00:00', 'wants a quote', '', 'generate quote', NULL, '2016-08-26', 'Nikki', 0, '2016-08-25 23:00:00', NULL, NULL, NULL),
(198, 1, 'generate quote', '', '25 beds n 4 hoists', '2016-08-28', '09:00:00', 'wants another visit', '', 'close meeting', NULL, '2016-08-26', 'Nikki', 0, '2016-08-25 23:00:00', NULL, NULL, NULL),
(199, 1, 'prospecting', 'sales meeting', '', '2016-08-01', '09:00:00', 'advance', '', 'qualifying', NULL, '2016-08-26', 'Nikki', 0, '2016-08-25 23:00:00', NULL, NULL, NULL),
(200, 1, 'qualifying', '', '', '2016-08-28', '09:00:00', 'advance', '', 'deliver quote', NULL, '2016-08-26', 'Nikki', 0, '2016-08-25 23:00:00', NULL, NULL, NULL),
(201, 1, 'deliver quote', '', '', '2016-08-29', '09:00:00', 'continuation', '', 'contact again', NULL, '2016-08-26', 'Nikki', 0, '2016-08-25 23:00:00', NULL, NULL, NULL),
(202, 1, 'closing meeting', '', '', '2016-08-08', '09:00:00', 'on going', '', 'no further action', NULL, '2016-08-26', 'Nikki', 0, '2016-08-25 23:00:00', NULL, NULL, NULL),
(203, 1, 'prospecting', 'courtesy call', '', '2016-08-24', '09:00:00', 'no interest', '', '', NULL, '2016-08-26', 'Nikki', 0, '2016-08-25 23:00:00', NULL, NULL, NULL),
(204, 1, 'closing meeting', '', '', '2016-09-04', '09:00:00', 'sold', '', 'create job number', NULL, '2016-08-26', 'Nikki', 0, '2016-08-25 23:00:00', NULL, NULL, NULL),
(205, 1, 'create job number', NULL, '', '2016-09-05', '01:00:00', NULL, NULL, NULL, NULL, '2016-08-26', 'Nikki', 0, NULL, NULL, NULL, NULL),
(206, 0, 'other', '', 'THIS IS  A TEST', '2016-08-22', '00:00:00', 'no sale', '', 'no further action', NULL, '2016-08-26', 'Marc', 1, '2016-09-06 23:00:00', NULL, NULL, NULL),
(207, 0, 'closing meeting', '', 'another test', '2016-08-31', '00:00:00', 'no interest', '', 'no further action', NULL, '2016-08-26', 'Marc', 0, '2016-08-29 23:00:00', NULL, NULL, NULL),
(208, 0, 'prospecting', 'phone call', '', '2016-08-28', '10:00:00', 'no interest', '', 'no further action', NULL, '2016-08-30', 'Marc', 0, '2016-08-29 23:00:00', NULL, NULL, NULL),
(209, 0, 'prospecting', 'phone call', '', '2016-08-29', '09:00:00', 'not available', '', 'contact again', NULL, '2016-08-30', 'Marc', 0, '2016-08-29 23:00:00', NULL, NULL, NULL),
(210, 0, 'prospecting', 'left business card', '', '2016-08-31', '10:00:00', 'not available', 'we', 'presentation', NULL, '2016-08-30', 'Marc', 0, '2016-08-29 23:00:00', NULL, NULL, NULL),
(211, 0, 'presentation', '', '', '2016-09-30', '11:11:00', '', '', NULL, NULL, '2016-08-30', 'Marc', 1, NULL, NULL, NULL, NULL),
(212, 1, 'create job number', NULL, '', '2016-09-06', '00:00:00', 'Job Number: 5862348', NULL, NULL, NULL, '2016-09-05', 'Marc', 0, NULL, NULL, NULL, NULL),
(213, 1, 'prospecting', 'sales meeting', 'meet mary about 30 beds', '2016-09-14', '12:00:00', 'wants quote', '', 'generate quote', NULL, '2016-09-06', 'Marc', 0, '2016-09-05 23:00:00', NULL, NULL, NULL),
(214, 1, 'generate quote', '', 'quote 30 beds', '2016-09-07', '00:00:00', 'continuation', '', 'contact again', NULL, '2016-09-06', 'Vincent', 0, '2017-04-08 23:00:00', NULL, NULL, NULL),
(215, 0, 'prospecting', NULL, '', '2016-09-11', '09:00:00', NULL, NULL, NULL, NULL, '2016-09-07', 'Marc', 1, NULL, NULL, NULL, NULL),
(216, 0, 'prospecting', 'other', 'call the manager', '2016-09-08', '12:00:00', 'awaiting feedback', '', 'no further action', NULL, '2016-09-07', 'Nikki', 0, '2017-05-03 23:00:00', NULL, NULL, NULL),
(217, 0, 'closing meeting', '', 'Ian to do site surey', '2016-09-09', '09:00:00', '', '', NULL, NULL, '2016-09-08', 'Marc', 1, NULL, NULL, NULL, NULL),
(218, 0, 'prospecting', 'phone call', '', '2016-09-09', '11:32:00', 'continuation', 'Three beds', 'contact again', NULL, '2016-09-09', 'Marc', 1, '2016-09-08 23:00:00', NULL, NULL, NULL),
(219, 0, 'prospecting', NULL, '', '2016-09-10', '00:00:00', NULL, NULL, NULL, NULL, '2016-09-09', 'Marc', 1, NULL, NULL, NULL, NULL),
(220, 0, 'prospecting', NULL, '', '2016-09-18', '21:02:00', NULL, NULL, NULL, NULL, '2016-09-17', 'Marc', 1, NULL, NULL, NULL, NULL),
(221, 1, 'prospecting', 'phone call', '', '2016-09-09', '11:11:00', 'continuation', '`11111111111111111111111111', 'followup meeting', NULL, '2016-09-17', 'Marc', 0, '2017-04-08 23:00:00', NULL, NULL, NULL),
(222, 1, 'prospecting', 'door step', '', '2016-09-19', '11:11:00', 'not available', '', 'contact again', NULL, '2016-09-17', 'Marc', 0, '2017-04-08 23:00:00', NULL, NULL, NULL),
(223, 0, 'create job number', NULL, '', '2016-09-17', '11:11:00', 'Job Number: 999', NULL, NULL, NULL, '2016-09-17', 'Marc', 1, '2016-09-16 23:00:00', NULL, NULL, NULL),
(224, 0, 'create job number', NULL, '', '2016-09-17', '11:11:00', 'Job Number: fake', NULL, NULL, NULL, '2016-09-17', 'Marc', 1, '2017-04-08 23:00:00', NULL, NULL, NULL),
(225, 0, 'prospecting', '', '', '2017-05-05', '11:11:00', '', '', NULL, NULL, '2016-09-17', 'Marc', 1, NULL, NULL, NULL, NULL),
(226, 0, 'prospecting', '', '', '2016-09-18', '11:11:00', '', '', NULL, NULL, '2016-09-17', 'Marc', 1, NULL, NULL, NULL, NULL),
(227, 0, 'prospecting', '', '', '2017-03-16', '11:11:00', '', '', NULL, NULL, '2017-03-11', 'Marc', 1, NULL, NULL, NULL, NULL),
(228, 1, 'deliver quote', '', '', '2017-03-17', '13:00:00', 'sold', 'Sold 10 beds', 'create job number', NULL, '2017-03-16', 'Marc', 0, '2017-03-16 00:00:00', NULL, NULL, NULL),
(229, 0, 'create job number', NULL, 'get the lads to deliver 10 beds', '2017-03-17', '00:00:00', 'Job Number: 12345678rty', NULL, NULL, NULL, '2017-03-16', 'Colin', 0, '2017-03-16 00:00:00', NULL, NULL, NULL),
(230, 0, 'followup meeting', NULL, '11111111111111111111111111111', '2017-04-09', '00:00:00', NULL, NULL, NULL, NULL, '2017-04-09', 'Marc', 1, NULL, NULL, NULL, NULL),
(231, 0, 'closing meeting', NULL, '1234567890', '2017-04-10', '00:00:00', NULL, NULL, NULL, NULL, '2017-04-09', 'Marc', 1, NULL, NULL, NULL, NULL),
(232, 0, 'closing meeting', NULL, '1234123452345', '2017-04-11', '00:00:00', NULL, NULL, NULL, NULL, '2017-04-09', 'Marc', 1, NULL, NULL, NULL, NULL),
(233, 0, 'closing meeting', NULL, '1234123452345', '2017-04-11', '00:00:00', NULL, NULL, NULL, NULL, '2017-04-09', 'Marc', 1, NULL, NULL, NULL, NULL),
(234, 0, 'closing meeting', NULL, '1234123452345', '2017-04-11', '00:00:00', NULL, NULL, NULL, NULL, '2017-04-09', 'Marc', 1, NULL, NULL, NULL, NULL),
(235, 0, 'prospecting', NULL, 'wants  a meeting with Vincent', '2017-04-29', '02:00:00', NULL, NULL, NULL, NULL, '2017-04-22', 'Marc', 1, NULL, NULL, NULL, NULL),
(236, 0, 'prospecting', 'door step', 'test task', '2017-04-27', '11:11:00', 'wants quote', 'quote for 1 lift', 'generate quote', NULL, '2017-04-22', 'Marc', 0, '2017-05-03 23:00:00', NULL, NULL, NULL),
(237, 0, 'generate quote', NULL, '', '2017-05-04', '00:00:00', NULL, NULL, NULL, NULL, '2017-05-16', 'Marc', 1, NULL, NULL, NULL, NULL),
(238, 0, 'order parts', NULL, '', '2017-05-24', '00:00:00', NULL, NULL, NULL, NULL, '2017-05-16', 'Marc', 1, NULL, NULL, NULL, NULL),
(239, 0, 'prospecting', NULL, '', '2017-05-18', '13:00:00', NULL, NULL, NULL, NULL, '2017-05-17', 'Marc', 0, NULL, NULL, NULL, NULL),
(240, 1, 'deliver quote', '', '', '2017-05-18', '11:11:00', 'sold', '10 beds', 'create job number', NULL, '2017-05-17', 'Marc', 1, '2017-05-16 23:00:00', NULL, NULL, NULL),
(241, 0, 'create job number', NULL, 'install 10 beds', '2017-05-24', '00:00:00', NULL, NULL, NULL, NULL, '2017-05-17', 'Marc', 0, NULL, NULL, NULL, NULL),
(242, 0, 'other', NULL, 'itkyujdteshrgaef', '2017-05-24', '11:11:00', NULL, NULL, NULL, NULL, '2017-05-17', 'Nikki', 0, NULL, NULL, NULL, NULL),
(243, 0, 'other', '', 'WDQEWRFDGS', '2017-05-31', '11:11:00', '', '', NULL, NULL, '2017-05-17', 'Marc', 1, NULL, NULL, NULL, NULL),
(244, 0, 'prospecting', NULL, 'test', '2017-05-19', '11:11:00', NULL, NULL, NULL, NULL, '2017-05-18', 'Marc', 1, NULL, NULL, NULL, NULL),
(245, 0, 'prospecting', NULL, 'test', '2017-05-19', '11:11:00', NULL, NULL, NULL, NULL, '2017-05-18', 'Marc', 1, NULL, NULL, NULL, NULL),
(246, 0, 'prospecting', NULL, 'test', '2017-05-19', '11:11:00', NULL, NULL, NULL, NULL, '2017-05-18', 'Marc', 1, NULL, NULL, NULL, NULL),
(247, 0, 'prospecting', NULL, 'test', '2017-05-19', '11:11:00', NULL, NULL, NULL, NULL, '2017-05-18', 'Marc', 1, NULL, NULL, NULL, NULL),
(248, 0, 'prospecting', NULL, 'test', '2017-05-19', '11:11:00', NULL, NULL, NULL, NULL, '2017-05-18', 'Marc', 1, NULL, NULL, NULL, NULL),
(249, 0, 'prospecting', NULL, 'test', '2017-05-19', '11:11:00', NULL, NULL, NULL, NULL, '2017-05-18', 'Marc', 1, NULL, NULL, NULL, NULL),
(250, 0, 'prospecting', NULL, 'another test', '2017-05-20', '12:34:00', NULL, NULL, NULL, NULL, '2017-05-18', 'Marc', 1, NULL, NULL, NULL, NULL),
(251, 0, 'prospecting', NULL, 'still testing', '2017-05-21', '04:44:00', NULL, NULL, NULL, NULL, '2017-05-18', 'Marc', 1, NULL, NULL, NULL, NULL),
(252, 1, 'followup meeting', '', 'test', '2017-05-22', '04:21:00', 'no interest', '', 'no further action', NULL, '2017-05-18', 'Marc', 1, '2017-09-05 23:00:00', NULL, NULL, 'paul'),
(253, 0, 'prospecting', NULL, 'testing', '2017-05-26', '11:11:00', NULL, NULL, NULL, NULL, '2017-05-18', 'Marc', 1, NULL, NULL, NULL, NULL),
(254, 0, 'prospecting', NULL, '', '2017-05-19', '11:11:00', NULL, NULL, NULL, NULL, '2017-05-18', 'Marc', 1, NULL, NULL, NULL, NULL),
(255, 0, 'prospecting', NULL, '', '2017-05-19', '12:12:00', NULL, NULL, NULL, NULL, '2017-05-18', 'Marc', 1, NULL, NULL, NULL, NULL),
(256, 1, 'followup meeting', '', '', '2017-05-26', '12:12:00', 'wants a quote', '', 'closing meeting', NULL, '2017-05-18', 'Marc', 1, '2017-05-18 23:00:00', NULL, NULL, NULL),
(257, 0, 'prospecting', NULL, '245Y36', '2017-05-26', '07:59:00', NULL, NULL, NULL, NULL, '2017-05-18', 'Marc', 1, NULL, NULL, NULL, NULL),
(258, 0, 'prospecting', NULL, '676', '2017-05-26', '06:59:00', NULL, NULL, NULL, NULL, '2017-05-18', 'Marc', 1, NULL, NULL, NULL, NULL),
(259, 0, 'followup meeting', NULL, '676767', '2017-06-02', '06:59:00', NULL, NULL, NULL, NULL, '2017-05-18', 'Marc', 1, NULL, NULL, NULL, NULL),
(260, 0, 'prospecting', NULL, '1234567', '2017-05-31', '12:23:00', NULL, NULL, NULL, NULL, '2017-05-18', 'Marc', 1, NULL, NULL, NULL, NULL),
(261, 0, 'prospecting', NULL, '', '2017-06-01', '12:23:00', NULL, NULL, NULL, NULL, '2017-05-18', 'Marc', 1, NULL, NULL, NULL, NULL),
(262, 0, 'prospecting', 'phone call', 'U756WY45', '2017-05-31', '12:12:00', 'advance', '', 'followup meeting', NULL, '2017-05-18', 'Marc', 1, '2017-05-18 23:00:00', NULL, NULL, NULL),
(263, 1, 'deliver quote', '', '65234567', '2017-06-03', '09:59:00', 'wants another visit', '', 'closing meeting', NULL, '2017-05-18', 'Marc', 1, '2017-05-18 23:00:00', NULL, NULL, NULL),
(264, 1, 'prospecting', 'left business card', '', '2017-05-26', '09:59:00', 'wants quote', 'ftherth', 'quotation', NULL, '2017-05-18', 'Marc', 1, '2017-05-17 23:00:00', NULL, NULL, NULL),
(265, 0, 'other', '', '2t4AY354S65E', '2017-05-26', '12:34:00', 'wants a quote', 'RTH', 'generate quote', NULL, '2017-05-18', 'Marc', 1, '2017-05-17 23:00:00', NULL, NULL, NULL),
(266, 1, 'prospecting', 'phone call', 'REHST', '2017-05-12', '11:11:00', 'sold', '', 'generate quote', NULL, '2017-05-18', 'Marc', 1, '2017-05-17 23:00:00', NULL, NULL, NULL),
(267, 0, 'generate quote', NULL, '', '2017-05-19', '00:00:00', NULL, NULL, NULL, NULL, '2017-05-18', 'Marc', 1, NULL, NULL, NULL, NULL),
(268, 0, 'generate quote', NULL, '', '2017-05-26', '00:00:00', NULL, NULL, NULL, NULL, '2017-05-18', 'Marc', 1, NULL, NULL, NULL, NULL),
(269, 0, 'generate quote', NULL, 'dhdty', '2017-05-26', '12:12:00', NULL, NULL, NULL, NULL, '2017-05-18', 'Marc', 1, NULL, NULL, NULL, NULL),
(270, 0, 'quotation', NULL, 'rtherthertherht', '2017-05-27', '12:34:00', NULL, NULL, NULL, NULL, '2017-05-18', 'Marc', 1, NULL, NULL, NULL, NULL),
(271, 1, 'closing meeting', '', '', '2017-05-31', '11:11:00', 'wants more info', '', 'deliver quote', NULL, '2017-05-19', 'Marc', 1, '2017-05-18 23:00:00', NULL, NULL, NULL),
(272, 1, 'followup meeting', '', '', '2017-06-01', '12:34:00', 'sold', '', 'generate quote', NULL, '2017-05-19', 'Marc', 1, '2017-05-18 23:00:00', NULL, NULL, NULL),
(273, 1, 'generate quote', '', '', '2017-06-01', '03:33:00', 'continuation', '', 'contact again', NULL, '2017-05-19', 'Marc', 1, '2017-05-18 23:00:00', NULL, NULL, NULL),
(274, 1, 'closing meeting', '', '', '2017-06-02', '12:12:00', 'sold', '', 'deliver quote', NULL, '2017-05-19', 'Marc', 1, '2017-05-18 23:00:00', NULL, NULL, NULL),
(275, 0, 'prospecting', 'door step', 'visit DOM', '2017-06-01', '12:34:00', 'wants quote', '', 'quotation', NULL, '2017-05-19', 'Marc', 1, '2017-05-18 23:00:00', NULL, NULL, NULL),
(276, 0, 'deliver quote', '', '', '2017-06-03', '11:01:00', '', '', NULL, NULL, '2017-05-19', 'Marc', 1, NULL, NULL, NULL, NULL),
(277, 1, 'prospecting', 'left business card', '', '2017-06-01', '00:00:00', 'advance', '', 'generate quote', NULL, '2017-05-19', 'Marc', 1, '2017-05-18 23:00:00', NULL, NULL, NULL),
(278, 1, 'generate quote', '', '', '2017-05-19', '14:00:00', 'continuation', '', 'deliver quote', NULL, '2017-05-19', 'Marc', 1, '2017-05-18 23:00:00', NULL, NULL, NULL),
(279, 0, 'deliver quote', NULL, '', '2017-05-19', '12:00:00', NULL, NULL, NULL, NULL, '2017-05-19', 'Marc', 1, NULL, NULL, NULL, NULL),
(280, 0, 'deliver quote', NULL, '', '2017-06-01', '11:11:00', NULL, NULL, NULL, NULL, '2017-05-19', 'Marc', 1, NULL, NULL, NULL, NULL),
(281, 1, 'deliver quote', '', '', '2017-06-01', '00:00:00', 'sold', '', 'create job number', NULL, '2017-05-19', 'Marc', 1, '2017-05-18 23:00:00', NULL, NULL, NULL),
(282, 0, 'prospecting', NULL, '', '2017-06-01', '12:34:00', NULL, NULL, NULL, NULL, '2017-05-19', 'Marc', 1, NULL, NULL, NULL, NULL),
(283, 0, 'deliver quote', NULL, '', '2017-05-31', '16:00:00', NULL, NULL, NULL, NULL, '2017-05-19', 'Marc', 1, NULL, NULL, NULL, NULL),
(284, 0, 'qualifying', NULL, '', '2017-05-19', '11:11:00', NULL, NULL, NULL, NULL, '2017-05-19', 'Marc', 1, NULL, NULL, NULL, NULL),
(285, 0, 'prospecting', NULL, 'testing', '2017-05-19', '11:11:00', NULL, NULL, NULL, NULL, '2017-05-19', 'Marc', 1, NULL, NULL, NULL, NULL),
(286, 0, 'qualifying', NULL, 'more testing', '2017-05-31', '14:14:00', NULL, NULL, NULL, NULL, '2017-05-19', 'Marc', 1, NULL, NULL, NULL, NULL),
(287, 0, 'qualifying', NULL, 'test:3', '2017-05-26', '11:11:00', NULL, NULL, NULL, NULL, '2017-05-19', 'Marc', 1, NULL, NULL, NULL, NULL),
(288, 0, 'prospecting', NULL, 'test:4', '2017-06-01', '12:12:00', NULL, NULL, NULL, NULL, '2017-05-19', 'Marc', 1, NULL, NULL, NULL, NULL),
(289, 0, 'presentation', NULL, 'dewaef', '2017-05-31', '11:11:00', NULL, NULL, NULL, NULL, '2017-05-19', 'Marc', 1, NULL, NULL, NULL, NULL),
(290, 0, 'prospecting', NULL, '', '2017-05-25', '12:02:00', NULL, NULL, NULL, NULL, '2017-05-19', 'Marc', 1, NULL, NULL, NULL, NULL),
(291, 0, 'prospecting', NULL, 'testing: 01', '2017-05-20', '11:11:00', NULL, NULL, NULL, NULL, '2017-05-19', 'Marc', 1, NULL, NULL, NULL, NULL),
(292, 0, 'qualifying', NULL, 'testing: 02', '2017-05-25', '11:11:00', NULL, NULL, NULL, NULL, '2017-05-19', 'Marc', 1, NULL, NULL, NULL, NULL),
(293, 1, 'prospecting', 'phone call', 'testing: 03', '2017-05-31', '11:11:00', 'awaiting feedback', '', 'no further action', NULL, '2017-05-19', 'Marc', 1, '2017-09-05 23:00:00', NULL, NULL, 'colin'),
(294, 1, 'presentation', '', 'testing: 04', '2017-05-24', '12:12:00', 'no interest', '', 'no further action', NULL, '2017-05-19', 'Marc', 1, '2017-09-05 23:00:00', NULL, NULL, 'paul'),
(295, 1, 'prospecting', '', 'testing: 05', '2017-06-01', '23:34:00', 'no interest', '', 'no further action', NULL, '2017-05-19', 'Marc', 1, '2017-09-05 23:00:00', NULL, NULL, 'colin'),
(296, 1, 'create job number', NULL, '', '2017-05-20', '11:11:00', 'Job Number: ', NULL, NULL, NULL, '2017-05-19', 'Marc', 1, '2017-05-18 23:00:00', NULL, NULL, NULL),
(297, 0, 'prospecting', NULL, '', '2017-05-31', '11:11:00', NULL, NULL, NULL, NULL, '2017-05-22', 'Marc', 1, NULL, NULL, NULL, NULL),
(298, 0, 'prospecting', NULL, '', '2017-05-23', '11:11:00', NULL, NULL, NULL, NULL, '2017-05-22', 'Marc', 1, NULL, NULL, NULL, NULL),
(299, 0, 'prospecting', NULL, '', '2017-05-23', '11:11:00', NULL, NULL, NULL, NULL, '2017-05-22', 'Marc', 1, NULL, NULL, NULL, NULL),
(300, 0, 'prospecting', NULL, '', '2017-05-23', '11:11:00', NULL, NULL, NULL, NULL, '2017-05-22', 'Marc', 1, NULL, NULL, NULL, NULL),
(301, 0, 'prospecting', NULL, '', '2017-05-23', '11:11:00', NULL, NULL, NULL, NULL, '2017-05-22', 'Marc', 1, NULL, NULL, NULL, NULL),
(302, 0, 'prospecting', NULL, '', '2017-05-23', '11:11:00', NULL, NULL, NULL, NULL, '2017-05-22', 'Marc', 1, NULL, NULL, NULL, NULL),
(303, 0, 'prospecting', NULL, '', '2017-05-23', '11:11:00', NULL, NULL, NULL, NULL, '2017-05-22', 'Marc', 1, NULL, NULL, NULL, NULL),
(304, 0, 'prospecting', NULL, '', '2017-05-23', '11:11:00', NULL, NULL, NULL, NULL, '2017-05-22', 'Marc', 1, NULL, NULL, NULL, NULL),
(305, 1, 'prospecting', 'phone call', '', '2017-05-23', '11:11:00', 'other', '', 'no further action', NULL, '2017-05-22', 'Marc', 1, '2017-05-21 23:00:00', NULL, NULL, NULL),
(306, 1, 'presentation', '', '', '2017-05-31', '12:34:00', 'no interest', '', 'no further action', NULL, '2017-05-22', 'Marc', 1, '2017-05-21 23:00:00', NULL, NULL, NULL),
(307, 1, 'prospecting', 'door step', 'meet with barry', '2017-09-07', '11:11:00', 'no interest', 'there is no money in the budget for upgrading the equipment', 'no further action', NULL, '2017-09-06', 'Marc', 1, '2017-09-05 23:00:00', NULL, NULL, NULL),
(308, 1, 'prospecting', 'phone call', 'call into the DOM', '2017-09-07', '12:12:00', 'no interest', '', 'no further action', NULL, '2017-09-06', 'Marc', 1, '2017-09-06 23:00:00', NULL, NULL, 'Colin Curran'),
(309, 1, 'presentation', '', 'TEST', '2017-09-08', '12:34:00', 'no interest', 'didn&#39;t want to hear from us', 'no further action', NULL, '2017-09-06', 'Marc', 1, '2017-09-05 23:00:00', NULL, NULL, NULL),
(310, 0, 'prospecting', NULL, '', '2017-09-07', '00:00:00', NULL, NULL, NULL, NULL, '2017-09-06', 'Marc', 1, NULL, NULL, NULL, NULL),
(311, 0, 'prospecting', NULL, '', '2017-09-07', '00:00:00', NULL, NULL, NULL, NULL, '2017-09-06', 'Marc', 1, NULL, NULL, NULL, NULL),
(312, 1, 'prospecting', 'left business card', 'test1', '2017-09-07', '00:00:00', 'awaiting feedback', 'test1', 'no further action', NULL, '2017-09-06', 'Marc', 1, '2017-09-05 23:00:00', NULL, NULL, 'sean'),
(313, 1, 'prospecting', 'phone call', '', '2017-09-07', '00:00:00', 'not available', '', 'no further action', NULL, '2017-09-06', 'Marc', 1, '2017-09-05 23:00:00', NULL, NULL, NULL),
(314, 1, 'deliver quote', '', 'give the contractors the quote', '2017-09-08', '00:00:00', 'wants another visit', '', 'followup meeting', NULL, '2017-09-08', 'Marc', 1, '2017-09-07 23:00:00', NULL, NULL, 'Bob the builder'),
(315, 1, 'followup meeting', '', '', '2017-09-09', '00:00:00', 'continuation', '', 'closing meeting', NULL, '2017-09-08', 'Marc', 1, '2017-09-22 23:00:00', NULL, NULL, 'Sean'),
(316, 1, 'prospecting', 'door step', 'test number 1', '2017-09-24', '11:11:00', 'no interest', '', 'no further action', NULL, '2017-09-23', 'Marc', 1, '2017-09-22 23:00:00', NULL, NULL, ''),
(317, 0, 'closing meeting', NULL, 'test number 2', '2017-09-25', '00:00:00', NULL, NULL, NULL, NULL, '2017-09-23', 'Marc', 1, NULL, NULL, NULL, NULL),
(318, 0, 'closing meeting', NULL, 'test number 2', '2017-09-25', '00:00:00', NULL, NULL, NULL, NULL, '2017-09-23', 'Marc', 1, NULL, NULL, NULL, NULL),
(319, 0, 'closing meeting', NULL, 'test number 2', '2017-09-25', '00:00:00', NULL, NULL, NULL, NULL, '2017-09-23', 'Marc', 1, NULL, NULL, NULL, NULL),
(320, 1, 'closing meeting', '', 'test number 2', '2017-09-25', '00:00:00', 'advance', '', 'followup meeting', NULL, '2017-09-23', 'Marc', 1, '2017-09-22 23:00:00', NULL, NULL, ''),
(321, 0, 'followup meeting', NULL, 'test number 3', '2017-09-26', '00:00:00', NULL, NULL, NULL, NULL, '2017-09-23', 'Marc', 1, NULL, NULL, NULL, NULL),
(322, 0, 'followup meeting', NULL, 'test number 3', '2017-09-26', '00:00:00', NULL, NULL, NULL, NULL, '2017-09-23', 'Marc', 1, NULL, NULL, NULL, NULL);
INSERT INTO `activity` (`activityid`, `complete`, `type`, `prospecting_type`, `description`, `due_date`, `time`, `result`, `result_description`, `next_action`, `next_action_description`, `creation_date`, `created_by`, `new`, `complete_date`, `contacted`, `project_ref_num`, `met_with`) VALUES
(323, 0, 'followup meeting', NULL, 'test number 3', '2017-09-26', '00:00:00', NULL, NULL, NULL, NULL, '2017-09-23', 'Marc', 1, NULL, NULL, NULL, NULL),
(324, 1, 'followup meeting', '', 'test number 3', '2017-09-26', '00:00:00', 'wants a quote', '', 'deliver quote', NULL, '2017-09-23', 'Marc', 1, '2017-09-22 23:00:00', NULL, NULL, ''),
(325, 1, 'deliver quote', '', 'test number 11', '2017-09-27', '12:12:00', 'wants more info', '', 'followup meeting', NULL, '2017-09-23', 'Marc', 1, '2017-09-29 23:00:00', NULL, NULL, 'gaesdfv'),
(326, 0, 'followup meeting', NULL, 'TEST 101', '2017-10-01', '00:00:00', NULL, NULL, NULL, NULL, '2017-09-30', 'Marc', 1, NULL, NULL, NULL, NULL),
(327, 0, 'followup meeting', NULL, 'TEST 101', '2017-10-01', '00:00:00', NULL, NULL, NULL, NULL, '2017-09-30', 'Marc', 1, NULL, NULL, NULL, NULL),
(328, 0, 'followup meeting', NULL, 'TEST 101', '2017-10-01', '00:00:00', NULL, NULL, NULL, NULL, '2017-09-30', 'Marc', 1, NULL, NULL, NULL, NULL),
(329, 1, 'followup meeting', '', 'TEST 101', '2017-10-01', '00:00:00', 'wants another visit', '', 'followup meeting', NULL, '2017-09-30', 'Marc', 1, '2017-09-29 23:00:00', NULL, NULL, ''),
(330, 0, 'followup meeting', NULL, 'test102', '2017-09-30', '00:00:00', NULL, NULL, NULL, NULL, '2017-09-30', 'Marc', 1, NULL, NULL, NULL, NULL),
(331, 0, 'followup meeting', NULL, 'test102', '2017-09-30', '00:00:00', NULL, NULL, NULL, NULL, '2017-09-30', 'Marc', 1, NULL, NULL, NULL, NULL),
(332, 1, 'followup meeting', '', 'test102', '2017-09-30', '00:00:00', 'no interest', '', 'closing meeting', NULL, '2017-09-30', 'Marc', 1, '2017-09-29 23:00:00', NULL, NULL, ''),
(333, 0, 'closing meeting', NULL, 'test 103', '2017-10-02', '00:00:00', NULL, NULL, NULL, NULL, '2017-09-30', 'Marc', 1, NULL, NULL, NULL, NULL),
(334, 0, 'closing meeting', NULL, 'test 103', '2017-10-02', '00:00:00', NULL, NULL, NULL, NULL, '2017-09-30', 'Marc', 1, NULL, NULL, NULL, NULL),
(335, 0, 'closing meeting', NULL, 'test 103', '2017-10-02', '00:00:00', NULL, NULL, NULL, NULL, '2017-09-30', 'Marc', 1, NULL, NULL, NULL, NULL),
(336, 0, 'closing meeting', NULL, 'test 103', '2017-10-02', '00:00:00', NULL, NULL, NULL, NULL, '2017-09-30', 'Marc', 1, NULL, NULL, NULL, NULL),
(337, 0, 'closing meeting', NULL, 'test 103', '2017-10-02', '00:00:00', NULL, NULL, NULL, NULL, '2017-09-30', 'Marc', 1, NULL, NULL, NULL, NULL),
(338, 0, 'closing meeting', NULL, 'test 103', '2017-10-02', '00:00:00', NULL, NULL, NULL, NULL, '2017-09-30', 'Marc', 1, NULL, NULL, NULL, NULL),
(339, 0, 'closing meeting', NULL, 'test 103', '2017-10-02', '00:00:00', NULL, NULL, NULL, NULL, '2017-09-30', 'Marc', 1, NULL, NULL, NULL, NULL),
(340, 0, 'closing meeting', NULL, 'test 103', '2017-10-02', '00:00:00', NULL, NULL, NULL, NULL, '2017-09-30', 'Marc', 1, NULL, NULL, NULL, NULL),
(341, 0, 'closing meeting', NULL, 'test 103', '2017-10-02', '00:00:00', NULL, NULL, NULL, NULL, '2017-09-30', 'Marc', 1, NULL, NULL, NULL, NULL),
(342, 0, 'closing meeting', NULL, 'test 103', '2017-10-02', '00:00:00', NULL, NULL, NULL, NULL, '2017-09-30', 'Marc', 1, NULL, NULL, NULL, NULL),
(343, 0, 'closing meeting', NULL, 'test 103', '2017-10-02', '00:00:00', NULL, NULL, NULL, NULL, '2017-09-30', 'Marc', 1, NULL, NULL, NULL, NULL),
(344, 0, 'closing meeting', NULL, 'test 103', '2017-10-02', '00:00:00', NULL, NULL, NULL, NULL, '2017-09-30', 'Marc', 1, NULL, NULL, NULL, NULL),
(345, 0, 'closing meeting', NULL, 'test 103', '2017-10-02', '00:00:00', NULL, NULL, NULL, NULL, '2017-09-30', 'Marc', 1, NULL, NULL, NULL, NULL),
(346, 1, 'closing meeting', '', 'test 103', '2017-10-02', '00:00:00', 'advance', '', 'deliver quote', NULL, '2017-09-30', 'Marc', 1, '2017-09-29 23:00:00', NULL, NULL, ''),
(347, 1, 'deliver quote', '', 'test 104', '2017-10-01', '00:00:00', 'wants a quote', '', 'closing meeting', NULL, '2017-09-30', 'Marc', 1, '2017-09-29 23:00:00', NULL, NULL, ''),
(348, 1, 'closing meeting', '', 'test105', '2017-09-30', '11:11:00', 'no sale', '', 'followup meeting', NULL, '2017-09-30', 'Marc', 1, '2017-09-29 23:00:00', NULL, NULL, ''),
(349, 1, 'followup meeting', '', 'test1066', '2018-01-12', '00:00:00', 'no interest', '', 'contact again', NULL, '2017-09-30', 'Marc', 1, '2018-01-05 00:00:00', NULL, NULL, ''),
(350, 1, 'deliver quote', '', '', '2017-10-30', '00:00:00', 'no sale', '', 'no further action', NULL, '2017-10-29', 'Marc', 0, '2018-01-05 00:00:00', NULL, NULL, ''),
(351, 1, 'presentation', '', '', '2018-01-05', '00:00:00', 'no interest', '', 'no further action', NULL, '2018-01-05', 'Marc', 0, '2018-01-05 08:57:26', NULL, NULL, ''),
(352, 1, 'prospecting', 'phone call', '', '2018-01-06', '11:11:00', 'no interest', '', 'no further action', NULL, '2018-01-05', 'Colin', 0, '2018-01-05 09:00:29', NULL, NULL, ''),
(353, 1, 'prospecting', 'door step', '', '2018-01-07', '00:00:00', 'no interest', '', 'no further action', NULL, '2018-01-05', 'Colin', 0, '2018-01-05 09:00:14', NULL, NULL, ''),
(354, 1, 'deliver quote', '', '', '2018-01-08', '00:00:00', 'no interest', '', 'no further action', NULL, '2018-01-05', 'Colin', 0, '2018-01-05 09:00:36', NULL, NULL, ''),
(355, 1, 'prospecting', '', '', '2018-01-06', '00:00:00', 'no interest', '', 'no further action', NULL, '2018-01-05', 'Marc', 0, '2018-01-05 11:51:08', NULL, NULL, ''),
(356, 1, 'prospecting', '', '', '2018-01-08', '00:00:00', 'no interest', '', 'no further action', NULL, '2018-01-05', 'Marc', 0, '2018-01-05 11:50:50', NULL, NULL, ''),
(357, 0, 'prospecting', NULL, '', '2018-01-05', '00:00:00', NULL, NULL, NULL, NULL, '2018-01-05', 'Marc', 1, NULL, NULL, NULL, NULL),
(358, 0, 'prospecting', NULL, '', '2018-01-06', '00:00:00', NULL, NULL, NULL, NULL, '2018-01-05', 'Marc', 1, NULL, NULL, NULL, NULL),
(359, 0, 'prospecting', NULL, '', '2018-01-04', '00:00:00', NULL, NULL, NULL, NULL, '2018-01-05', 'Marc', 1, NULL, NULL, NULL, NULL),
(360, 1, 'prospecting', '', '', '2018-01-06', '00:00:00', 'no interest', '', 'no further action', NULL, '2018-01-05', 'Marc', 0, '2018-01-05 11:50:59', NULL, NULL, ''),
(361, 1, 'prospecting', 'phone call', '', '2018-01-17', '00:00:00', 'no interest', '', 'no further action', NULL, '2018-01-05', 'Colin', 0, '2018-01-05 11:39:13', NULL, NULL, ''),
(362, 1, 'prospecting', '', '', '2018-01-15', '00:00:00', 'no interest', '', 'no further action', NULL, '2018-01-05', 'Colin', 0, '2018-01-05 11:50:41', NULL, NULL, ''),
(363, 1, 'prospecting', '', '', '2018-01-24', '00:00:00', 'no interest', '', 'no further action', NULL, '2018-01-05', 'Colin', 0, '2018-01-05 11:50:33', NULL, NULL, ''),
(364, 0, 'prospecting', NULL, '', '2018-01-09', '00:00:00', NULL, NULL, NULL, NULL, '2018-01-08', 'Colin', 0, NULL, NULL, NULL, NULL);

-- --------------------------------------------------------

--
-- Table structure for table `asset_type`
--

DROP TABLE IF EXISTS `asset_type`;
CREATE TABLE IF NOT EXISTS `asset_type` (
  `assetid` int(10) NOT NULL AUTO_INCREMENT,
  `asset_type` varchar(70) NOT NULL,
  PRIMARY KEY (`assetid`)
) ENGINE=MyISAM AUTO_INCREMENT=47 DEFAULT CHARSET=latin1;

--
-- Dumping data for table `asset_type`
--

INSERT INTO `asset_type` (`assetid`, `asset_type`) VALUES
(1, 'hoist'),
(2, 'bathtub'),
(3, 'aqualine'),
(4, 'body drier'),
(5, 'flexi sink'),
(6, 'v-amat'),
(7, 'bed'),
(8, 'shower stretcher'),
(9, 'shower trolley'),
(10, 'platform lift'),
(11, 'screen'),
(12, 'shower bed'),
(13, 'stair lift'),
(14, 'changing bench'),
(20, 'efri system'),
(16, 'air pressure relief mattress'),
(17, 'mobile hoist'),
(19, 'chair');

-- --------------------------------------------------------

--
-- Table structure for table `assigned`
--

DROP TABLE IF EXISTS `assigned`;
CREATE TABLE IF NOT EXISTS `assigned` (
  `userid` varchar(30) NOT NULL,
  `jobid` int(12) NOT NULL,
  KEY `userid` (`userid`),
  KEY `jobid` (`jobid`)
) ENGINE=InnoDB DEFAULT CHARSET=latin1;

--
-- Dumping data for table `assigned`
--

INSERT INTO `assigned` (`userid`, `jobid`) VALUES
('Colin', 2329),
('Colin', 2330),
('Colin', 2331),
('Colin', 2331),
('Colin', 2332),
('Colin', 2333),
('Colin', 2334),
('Colin', 2335),
('Colin', 2336),
('Colin', 2337),
('Colin', 2338),
('Colin', 2339),
('Colin', 2340),
('Colin', 2341),
('Colin', 2342),
('Colin', 2343),
('Colin', 2344),
('Colin', 2345),
('Colin', 2346),
('Colin', 2347),
('Colin', 2348),
('Colin', 2349),
('Colin', 2350),
('Colin', 2351),
('Colin', 2352),
('Colin', 2353),
('Colin', 2354),
('Colin', 2355),
('Colin', 2356),
('Colin', 2357),
('Colin', 2358),
('Colin', 2359),
('Colin', 2360),
('Colin', 2361),
('Colin', 2362),
('Colin', 2363),
('Colin', 2364),
('Colin', 2365),
('Ian', 2366),
('Ian', 2367),
('Colin', 2368),
('Colin', 2369),
('Colin', 2370),
('Colin', 2371),
('Colin', 2372),
('Ian', 2373),
('Ian', 2374),
('Ian', 2375),
('Ian', 2376),
('Ian', 2377),
('Ian', 2378),
('Ian', 2379),
('Ian', 2380),
('Ian', 2381),
('Ian', 2382),
('Ian', 2383),
('Ian', 2384),
('Ian', 2385),
('Ian', 2386),
('Ian', 2387),
('Ian', 2388),
('Ian', 2389),
('Ian', 2390),
('Ian', 2398),
('Marc', 2399),
('Marc', 2400),
('Ian', 2421),
('Ian', 2422),
('Ian', 2423),
('Marc', 2424),
('Marc', 2425),
('Dawn', 2431),
('Christoff', 2432),
('Christoff', 2434),
('Colin', 2435),
('Colin', 2436),
('Colin', 2437),
('Dawn', 2438),
('Dawn', 2439),
('Dawn', 2440),
('Ian', 2441),
('Marc', 2442),
('Colin', 2443),
('Colin', 2444),
('Dawn', 2445),
('Dawn', 2446),
('Ian', 2447),
('Colin', 2448),
('Colin', 2449),
('Colin', 2450),
('Dawn', 2451),
('Christoff', 2452),
('Colin', 2453),
('Christoff', 2454),
('Christoff', 2455),
('Ana', 2456),
('Christoff', 2457),
('Dawn', 2458),
('Marc', 2459),
('Marc', 2460),
('Marc', 2461),
('Marc', 2462),
('Marc', 2463),
('Christoff', 2464),
('Colin', 2465),
('Colin', 2466),
('Christoff', 2467),
('Christoff', 2468),
('Christoff', 2469),
('Ian', 2470),
('Colin', 2471),
('Nikki', 2472),
('fdsd', 2473),
('Ian', 2474),
('Rory', 2475),
('Colin', 2476),
('Colin', 2477),
('Colin', 2478),
('Colin', 2479),
('Colin', 2480),
('Colin', 2481),
('Colin', 2482),
('Colin', 2483),
('Colin', 2484),
('Colin', 2485),
('Colin', 2485),
('Colin', 2486),
('Colin', 2487),
('Colin', 2488),
('Colin', 2489),
('Colin', 2491),
('Colin', 2492),
('Colin', 2493);

-- --------------------------------------------------------

--
-- Table structure for table `assigned_activity`
--

DROP TABLE IF EXISTS `assigned_activity`;
CREATE TABLE IF NOT EXISTS `assigned_activity` (
  `userid` varchar(30) DEFAULT NULL,
  `activityid` int(10) DEFAULT NULL,
  KEY `userid` (`userid`),
  KEY `activityid` (`activityid`)
) ENGINE=InnoDB DEFAULT CHARSET=latin1;

--
-- Dumping data for table `assigned_activity`
--

INSERT INTO `assigned_activity` (`userid`, `activityid`) VALUES
('Colin', 23),
('Colin', 24),
('Colin', 25),
('Colin', 26),
('Colin', 27),
('Colin', 28),
('Colin', 29),
('Colin', 30),
('Colin', 31),
('Colin', 32),
('Colin', 33),
('Colin', 34),
('Colin', 35),
('Dawn', 36),
('Colin', 37),
('Colin', 38),
('Colin', 39),
('Colin', 40),
('Colin', 41),
('Colin', 42),
('Colin', 43),
('Colin', 44),
('Colin', 45),
('Colin', 46),
('Colin', 47),
('Colin', 48),
('Colin', 49),
('Colin', 50),
('Colin', 51),
('Nikki', 52),
('Tony', 53),
('Colin', 54),
('Colin', 55),
('Nikki', 56),
('Vincent', 57),
('Tony', 58),
('Colin', 59),
('Colin', 60),
('Nikki', 61),
('Dawn', 62),
('Maebh', 63),
('Colin', 64),
('Colin', 65),
('Colin', 66),
('Nikki', 67),
('Nikki', 68),
('Nikki', 69),
('Nikki', 74),
('John', 75),
('Vincent', 76),
('Vincent', 77),
('Vincent', 78),
('Vincent', 78),
('Vincent', 78),
('Vincent', 78),
('Vincent', 79),
('Vincent', 79),
('Colin', 80),
('Colin', 81),
('Colin', 81),
('Colin', 82),
('Colin', 83),
('Colin', 84),
('Colin', 85),
('Nikki', 86),
('Nikki', 87),
('Nikki', 88),
('Nikki', 89),
('Nikki', 90),
('Nikki', 91),
('Nikki', 92),
('Nikki', 93),
('Nikki', 94),
('Tony', 95),
('Nikki', 96),
('Nikki', 97),
('Nikki', 98),
('Nikki', 99),
('Nikki', 100),
('Nikki', 101),
('Vincent', 102),
('Vincent', 103),
('Vincent', 104),
('Nikki', 105),
('Vincent', 106),
('Nikki', 107),
('Nikki', 108),
('Nikki', 109),
('Nikki', 110),
('Nikki', 111),
('Nikki', 112),
('Nikki', 113),
('Nikki', 114),
('Nikki', 115),
('Nikki', 116),
('Ana', 117),
('Colin', 118),
('Vincent', 119),
('Vincent', 120),
('Colin', 121),
('Colin', 122),
('Nikki', 123),
('Vincent', 124),
('Nikki', 125),
('Vincent', 126),
('Nikki', 127),
('Marc', 128),
('Marc', 129),
('Nikki', 130),
('Marc', 131),
('Nikki', 132),
('Vincent', 133),
('Nikki', 134),
('Nikki', 134),
('Nikki', 135),
('Vincent', 136),
('Nikki', 137),
('Vincent', 138),
('Nikki', 139),
('Vincent', 140),
('Nikki', 141),
('Vincent', 142),
('Nikki', 143),
('Vincent', 144),
('Vincent', 145),
('Nikki', 145),
('Nikki', 146),
('Vincent', 147),
('Nikki', 148),
('Nikki', 149),
('Nikki', 150),
('Nikki', 151),
('Nikki', 152),
('Nikki', 153),
('Nikki', 154),
('Nikki', 155),
('Nikki', 156),
('Nikki', 157),
('Nikki', 158),
('Nikki', 159),
('Nikki', 160),
('Vincent', 161),
('Nikki', 162),
('Nikki', 163),
('Vincent', 164),
('Nikki', 165),
('Vincent', 166),
('Nikki', 167),
('Vincent', 168),
('Nikki', 169),
('Vincent', 170),
('Nikki', 171),
('Vincent', 172),
('Nikki', 173),
('Vincent', 174),
('Vincent', 175),
('Nikki', 176),
('Vincent', 177),
('Nikki', 178),
('Tony', 179),
('Tony', 180),
('Nikki', 181),
('Tony', 182),
('Tony', 183),
('Nikki', 184),
('Ian', 185),
('Ian', 186),
('Nikki', 187),
('Ian', 189),
('Ian', 190),
('Ian', 191),
('Marc', 192),
('Marc', 193),
('Nikki', 194),
('Vincent', 195),
('Vincent', 196),
('Vincent', 197),
('Nikki', 198),
('Nikki', 199),
('Nikki', 200),
('Nikki', 201),
('Nikki', 202),
('Nikki', 203),
('Nikki', 203),
('Nikki', 204),
('Nikki', 205),
('Marc', 206),
('Marc', 207),
('Marc', 208),
('Marc', 209),
('Marc', 210),
('Marc', 211),
('Nikki', 212),
('Vincent', 213),
('Nikki', 214),
('Marc', 215),
('Marc', 216),
('Ian', 217),
('Marc', 218),
('Marc', 219),
('Marc', 220),
('Ana', 221),
('Ana', 222),
('Marc', 223),
('Marc', 224),
('Marc', 225),
('Marc', 226),
('Marc', 227),
('Colin', 228),
('Nikki', 229),
('Marc', 229),
('Marc', 230),
('Marc', 230),
('Marc', 230),
('Marc', 230),
('Marc', 230),
('Marc', 230),
('Marc', 231),
('Marc', 232),
('Marc', 233),
('Marc', 234),
('Vincent', 235),
('Marc', 236),
('Nikki', 236),
('Marc', 237),
('Marc', 238),
('Nikki', 239),
('Marc', 240),
('Nikki', 241),
('Marc', 242),
('Marc', 243),
('Marc', 244),
('Marc', 245),
('Marc', 246),
('Marc', 247),
('Marc', 248),
('Marc', 249),
('Marc', 250),
('Marc', 251),
('Marc', 252),
('Marc', 253),
('Marc', 254),
('Marc', 255),
('Marc', 256),
('Marc', 257),
('Marc', 258),
('Marc', 259),
('Marc', 260),
('Marc', 261),
('Marc', 262),
('Marc', 263),
('Marc', 264),
('Marc', 265),
('Marc', 266),
('Marc', 267),
('Marc', 268),
('Marc', 269),
('Marc', 270),
('Marc', 271),
('Marc', 272),
('Marc', 273),
('Marc', 274),
('Marc', 275),
('Marc', 276),
('Marc', 277),
('Marc', 278),
('Marc', 279),
('Marc', 280),
('Marc', 281),
('Marc', 282),
('Marc', 283),
('Marc', 284),
('Marc', 285),
('Marc', 286),
('Marc', 287),
('Marc', 288),
('Marc', 289),
('Marc', 290),
('Marc', 291),
('Marc', 292),
('Marc', 293),
('Marc', 294),
('Marc', 295),
('Marc', 296),
('Marc', 297),
('Marc', 298),
('Marc', 299),
('Marc', 300),
('Marc', 301),
('Marc', 302),
('Marc', 303),
('Marc', 304),
('Marc', 305),
('Marc', 306),
('Marc', 307),
('Marc', 308),
('Marc', 309),
('Marc', 310),
('Marc', 311),
('Marc', 312),
('Marc', 313),
('Marc', 313),
('Marc', 313),
('Marc', 313),
('Marc', 313),
('Marc', 314),
('Marc', 315),
('Marc', 316),
('Marc', 317),
('Marc', 318),
('Marc', 319),
('Marc', 320),
('Marc', 321),
('Marc', 322),
('Marc', 323),
('Marc', 324),
('Marc', 325),
('Marc', 326),
('Marc', 327),
('Marc', 328),
('Marc', 329),
('Marc', 330),
('Marc', 331),
('Marc', 332),
('Marc', 333),
('Marc', 334),
('Marc', 335),
('Marc', 336),
('Marc', 337),
('Marc', 338),
('Marc', 339),
('Marc', 340),
('Marc', 341),
('Marc', 342),
('Marc', 343),
('Marc', 344),
('Marc', 345),
('Marc', 346),
('Marc', 347),
('Marc', 348),
('Marc', 349),
('Colin', 350),
('Marc', 350),
('Colin', 351),
('Colin', 352),
('Colin', 353),
('Colin', 354),
('Colin', 355),
('Colin', 356),
('Marc', 357),
('Marc', 358),
('Marc', 359),
('Colin', 360),
('Colin', 361),
('Colin', 362),
('Colin', 363),
('Colin', 364);

-- --------------------------------------------------------

--
-- Table structure for table `company`
--

DROP TABLE IF EXISTS `company`;
CREATE TABLE IF NOT EXISTS `company` (
  `companyid` int(10) NOT NULL AUTO_INCREMENT,
  `name` varchar(70) NOT NULL,
  `address_line1` varchar(45) DEFAULT NULL,
  `address_line2` varchar(35) DEFAULT NULL,
  `address_line3` varchar(35) DEFAULT NULL,
  `address_line4` varchar(35) DEFAULT NULL,
  `county` varchar(20) DEFAULT NULL,
  `country` varchar(28) DEFAULT NULL,
  `sage_id` varchar(20) DEFAULT NULL,
  `sector` varchar(30) DEFAULT NULL,
  `lead` tinyint(1) DEFAULT '0',
  `hide` tinyint(1) DEFAULT '0',
  `project` tinyint(1) DEFAULT '0',
  `projectid` int(10) DEFAULT NULL,
  `last_contacted` date DEFAULT NULL,
  `creation_date` date DEFAULT NULL,
  PRIMARY KEY (`companyid`)
) ENGINE=InnoDB AUTO_INCREMENT=463 DEFAULT CHARSET=latin1;

--
-- Dumping data for table `company`
--

INSERT INTO `company` (`companyid`, `name`, `address_line1`, `address_line2`, `address_line3`, `address_line4`, `county`, `country`, `sage_id`, `sector`, `lead`, `hide`, `project`, `projectid`, `last_contacted`, `creation_date`) VALUES
(1, 'adult centre', '72 ballymena road', '', '', 'larne', 'antrim', 'ireland', '', '', 0, 0, 0, NULL, '2017-05-16', NULL),
(2, 'advance maintenance ltd', 'mirabell', 'dunkathel', 'glanmire', 'cork', 'cork', 'ireland', '', NULL, 0, 0, 0, NULL, '2018-01-05', NULL),
(3, 'aiglish national school', '', '', '', 'nenagh', 'tipperary', 'ireland', '', NULL, 0, 0, 0, NULL, '2017-09-06', NULL),
(4, 'ailbhe national school', '', '', '', 'thurles', 'tipperary', 'ireland', '', NULL, 0, 0, 0, NULL, NULL, NULL),
(5, 'an sli', 'bellewsbridge road', 'toberona', '', 'dundalk', 'louth', 'ireland', '', NULL, 0, 0, 0, NULL, NULL, NULL),
(6, 'angle day care centre', 'gweedore road', '', '', 'dungloe', 'donegal', 'ireland', '', NULL, 0, 0, 0, NULL, '2017-12-18', NULL),
(7, 'aquired brain injury ireland', 'teach failte', 'mount bonus', '', 'tullamore', 'offaly', 'ireland', '', NULL, 0, 0, 0, NULL, NULL, NULL),
(8, 'aras an phobail', 'croilar an mistealach', 'boherbee', '', 'tralee', 'kerry', 'ireland', '', NULL, 0, 0, 0, NULL, NULL, NULL),
(9, 'aras chuchulain', 'resource centre', '', '', 'manorcunningham', 'donegal', 'ireland', '', NULL, 0, 0, 0, NULL, '2017-12-18', NULL),
(10, 'aras ghaoth dobhair nursing home', 'meenanillar', '', '', 'derrybeg', 'donegal', 'ireland', '', NULL, 0, 0, 0, NULL, NULL, NULL),
(11, 'aras mhuire nursing unit', '7 dublin road', '', '', 'tuam', 'galway', 'ireland', '', NULL, 0, 0, 0, NULL, '2017-04-09', NULL),
(12, 'ardfert national school', '', '', '', 'ardfert', 'kerry', 'ireland', '', NULL, 0, 0, 0, NULL, '2017-05-16', NULL),
(13, 'athboy community school', '', '', '', 'athboy', 'meath', 'ireland', '11359', NULL, 0, 0, 0, NULL, NULL, NULL),
(14, 'athlone primary care centre', '', '', '', 'athlone', 'westmeath', 'ireland', '', NULL, 0, 0, 0, NULL, NULL, NULL),
(15, 'aura leitrim leisure', 'attfinlay', '', '', 'carrick-on-shannon', 'leitrim', 'ireland', '', NULL, 0, 0, 0, NULL, NULL, NULL),
(16, 'ballinsloe community nursing unit', '', '', '', 'ballinasloe', 'galway', 'ireland', '', NULL, 0, 0, 0, NULL, NULL, NULL),
(17, 'ballycar national school', 'newmarket on fergus', '', '', 'ballycar', 'clare', 'ireland', 'b0011', NULL, 0, 0, 0, NULL, NULL, NULL),
(18, 'ballyfermot primary health centre', 'cherry orchard', '', '', 'ballyfermot', 'dublin', 'ireland', '11424', NULL, 0, 0, 0, NULL, NULL, NULL),
(19, 'baltinglass district hospital', 'baltinglass', '', '', 'baltinglass', 'wicklow', 'ireland', '', NULL, 0, 0, 0, NULL, NULL, NULL),
(20, 'baltydaniel national school', '', '', '', 'newtwopothouse', 'cork', 'ireland', '', NULL, 0, 0, 0, NULL, NULL, NULL),
(21, 'bantry general hospital', '', '', '', 'bantry', 'cork', 'ireland', '', NULL, 0, 0, 0, NULL, '2017-12-18', NULL),
(22, 'beara comm. school', '', '', '', 'castletownbere', 'cork', 'ireland', 'b0005', NULL, 0, 0, 0, NULL, NULL, NULL),
(23, 'beaumont residential care ltd.', 'woodvale rd', 'ballintemple', '', 'cork', 'cork', 'ireland', 'b0007', NULL, 0, 0, 0, NULL, NULL, NULL),
(24, 'beech haven residential', 'black stopps', '', '', 'enniscorthy', 'wexford', 'ireland', '', NULL, 0, 0, 0, NULL, NULL, NULL),
(25, 'belvilla community unit', '', '129 south circular road', '', 'south circular road', 'dublin', 'ireland', '', NULL, 0, 0, 0, NULL, '2016-08-30', NULL),
(26, 'bishop o''brien national school', 'bartelmy', '', '', 'fermoy', 'cork', 'ireland', '', NULL, 0, 0, 0, NULL, NULL, NULL),
(27, 'borrisokane community college', '', '', '', 'borrisokane', 'tipperary', 'ireland', '', NULL, 0, 0, 0, NULL, NULL, NULL),
(28, 'bray town council', 'st. rita''s', 'upper dargle road', '(for apt 1 green park rd)', 'bray', 'wicklow', 'ireland', '800659', NULL, 0, 0, 0, NULL, NULL, NULL),
(29, 'breffni care centre', 'community service', '', '', 'ballyconnell', 'cavan', 'ireland', '', NULL, 0, 0, 0, NULL, NULL, NULL),
(30, 'brookhaven nursing home', 'dounoughmore', '', '', 'ballyragget', 'kilkenny', 'ireland', '', NULL, 0, 0, 0, NULL, NULL, NULL),
(31, 'brothers of charity - acquired brain injury service', '24 heather grove', 'acquired brain injury service', '', 'ballybane', 'galway', 'ireland', '', NULL, 0, 0, 0, NULL, NULL, NULL),
(32, 'brothers of charity - activation unit', 'activation unit', 'st. patricks road', '', 'clonmel', 'tipperary', 'ireland', '', NULL, 0, 0, 0, NULL, NULL, NULL),
(33, 'brothers of charity - ard na seaghsa', 'ard na seaghsa', 'abbeytown', '', 'boyle', 'roscommon', 'ireland', 'b11', NULL, 0, 0, 0, NULL, NULL, NULL),
(34, 'brothers of charity - ashbrook house', 'ashbrook house', 'bolands lane', '', 'gort', 'galway', 'ireland', '', NULL, 0, 0, 0, NULL, NULL, NULL),
(35, 'brothers of charity - aughmagree house', '', '', '', 'kilteavan', 'roscommon', 'ireland', '', NULL, 0, 0, 0, NULL, NULL, NULL),
(36, 'brothers of charity - ballindereen lower', '', 'ballindereen lower', 'kilenmunster lane', 'kilcolgan', 'galway', 'ireland', '', NULL, 0, 0, 0, NULL, NULL, NULL),
(37, 'brothers of charity - ballybane', 'john paul services', 'ballybane', '', 'galway', 'galway', 'ireland', '', NULL, 0, 0, 0, NULL, NULL, NULL),
(38, 'brothers of charity - burren view day care', '5 fana bui', 'burrenview', 'ballymoney road', 'knocknacarra', 'galway', 'ireland', '', NULL, 0, 0, 0, NULL, NULL, NULL),
(39, 'brothers of charity - care abbey', 'care abbey', '', '', 'cahir', 'tipperary', 'ireland', 'b8', NULL, 0, 0, 0, NULL, NULL, NULL),
(40, 'brothers of charity - carrann park', 'stepping stones', 'carrann park', '', 'tuam', 'galway', 'ireland', '', NULL, 0, 0, 0, NULL, NULL, NULL),
(41, 'brothers of charity - carraroe', '', '', '', 'carraroe', 'galway', 'ireland', '', NULL, 0, 0, 0, NULL, NULL, NULL),
(42, 'brothers of charity - carrownaherick', 'carrownaherick', 'belclare', '', 'tuam', 'galway', 'ireland', '', NULL, 0, 0, 0, NULL, NULL, NULL),
(43, 'brothers of charity - clarinbridge', 'kilcornan centre', 'clarinbridge', '', 'galway', 'galway', 'ireland', '', NULL, 0, 0, 0, NULL, NULL, NULL),
(44, 'brothers of charity - deerpark printing centre', 'deerpark center', 'avalon house', '', 'ballinasloe', 'galway', 'ireland', '', NULL, 0, 0, 0, NULL, NULL, NULL),
(45, 'brothers of charity - derrydonnellmore', 'finns house', 'derrydonnellmore', '', 'athenry', 'galway', 'ireland', '', NULL, 0, 0, 0, NULL, NULL, NULL),
(46, 'brothers of charity - drumacoo', 'doysiam', 'drumacoo', '', 'kilcolgan', 'galway', 'ireland', '', NULL, 0, 0, 0, NULL, NULL, NULL),
(47, 'brothers of charity - early childhood services', 'early childhood services', '35 lower newcastle road', '', 'galway', 'galway', 'ireland', '', NULL, 0, 0, 0, NULL, NULL, NULL),
(48, 'brothers of charity - fia nua', 'fia nua house 1', '', 'new house', 'ballinasloe', 'galway', 'ireland', 'b8', NULL, 0, 0, 0, NULL, NULL, NULL),
(49, 'brothers of charity - gort day centre', 'boc day center', '', '', 'gort', 'galway', 'ireland', '', NULL, 0, 0, 0, NULL, NULL, NULL),
(50, 'brothers of charity - grange', 'grange', '', '', 'cahir', 'tipperary', 'ireland', '', NULL, 0, 0, 0, NULL, NULL, NULL),
(51, 'brothers of charity - hazelwood house', 'hazelwood house', 'bellmount', 'ferrybank', 'waterford', 'waterford', 'ireland', '', NULL, 0, 0, 0, NULL, NULL, NULL),
(52, 'brothers of charity - hillcrest', 'hillcrest', 'knock roe', '', 'castlerea', 'roscommon', 'ireland', '', NULL, 0, 0, 0, NULL, NULL, NULL),
(53, 'brothers of charity - john paul centre', 'st. michael''s', 'john paul centre', 'ballybane', 'galway', 'galway', 'ireland', '', NULL, 0, 0, 0, NULL, NULL, NULL),
(54, 'brothers of charity - kilcolgan', 'rose lodge/stone lodge', '', '', 'kilcornan', 'galway', 'ireland', '', NULL, 0, 0, 0, NULL, NULL, NULL),
(55, 'brothers of charity - killarney', '7 countess grove', '', '', 'killarney', 'kerry', 'ireland', '195, 800048', NULL, 0, 0, 0, NULL, NULL, NULL),
(56, 'brothers of charity - kiltalla house', 'kiltalla house', 'airport road', '', 'carnmore', 'galway', 'ireland', '', NULL, 0, 0, 0, NULL, NULL, NULL),
(57, 'brothers of charity - kiltulagh', 'john paul centre', 'kiltulagh', '', 'carnmore', 'galway', 'ireland', '', NULL, 0, 0, 0, NULL, NULL, NULL),
(58, 'brothers of charity - lota', 'lota,', 'bungalow 1', '', 'glanmire', 'cork', 'ireland', 'b011', NULL, 0, 0, 0, NULL, NULL, NULL),
(59, 'brothers of charity - lus na greine', 'lus na greine', 'fetherd road', '', 'clonmel', 'tipperary', 'ireland', '', NULL, 0, 0, 0, NULL, NULL, NULL),
(60, 'brothers of charity - moneymore east', 'moneymore house', 'moneymore east', '', 'oranmore', 'galway', 'ireland', '', NULL, 0, 0, 0, NULL, NULL, NULL),
(61, 'brothers of charity - moyderwell', 'moyderwell', '', '', 'tralee', 'kerry', 'ireland', 'b018', NULL, 0, 0, 0, NULL, NULL, NULL),
(62, 'brothers of charity - nagle centre', 'nagle centre', '', '', 'cashel', 'tipperary', 'ireland', '', NULL, 0, 0, 0, NULL, NULL, NULL),
(63, 'brothers of charity - renmore', 'renmore', '', '', 'woodlands', 'galway', 'ireland', '', NULL, 0, 0, 0, NULL, NULL, NULL),
(64, 'brothers of charity - siolta nua', 'siolta nua', 'carrigeen business park', 'clogheen road', 'cahir', 'tipperary', 'ireland', 'b8', NULL, 0, 0, 0, NULL, NULL, NULL),
(65, 'brothers of charity - skylark centre', '', 'skylark centre', 'raheen road', 'athenry', 'galway', 'ireland', '', NULL, 0, 0, 0, NULL, NULL, NULL),
(66, 'brothers of charity - stradbally', 'lochaun house', 'stradbally', '', 'clarinbridge', 'galway', 'ireland', '', NULL, 0, 0, 0, NULL, NULL, NULL),
(67, 'brothers of charity - tus maith', 'tus maith', '', '', 'tipperary town', 'tipperary', 'ireland', 'b0009', NULL, 0, 0, 0, NULL, NULL, NULL),
(68, 'brothers of charity - tus nua', 'tus nua, upper drumdrony', 'bellefield road', 'slieverue', 'waterford', 'waterford', 'ireland', '', NULL, 0, 0, 0, NULL, NULL, NULL),
(69, 'brothers of charity - weir road', 'tara house', 'weir road', 'kilcolgan', 'clarinbridge', 'galway', 'ireland', '', NULL, 0, 0, 0, NULL, NULL, NULL),
(70, 'brothers of charity - woodland centre', 'rosedale school', 'woodland centre', 'little oaks room', 'renmore', 'galway', 'ireland', '', NULL, 0, 0, 0, NULL, NULL, NULL),
(71, 'bun scoil na toirbirte', '', '', '', 'mitchelstown', 'cork', 'ireland', '', NULL, 0, 0, 0, NULL, NULL, NULL),
(72, 'callan community care - camphill', 'coolagh', '', '', 'callan', 'kilkenny', 'ireland', '', NULL, 0, 0, 0, NULL, NULL, NULL),
(73, 'carlow county council', 'shrougan no. 31', '', '', 'tullow', 'carlow', 'ireland', '', NULL, 0, 0, 0, NULL, NULL, NULL),
(74, 'carrick-on-shannon community school', '', '', '', 'carrick-on-shannon', 'leitrim', 'ireland', '800054', NULL, 0, 0, 0, NULL, NULL, NULL),
(75, 'carrignabhfear national school', 'carrignabhfear', '', '', 'mallow', 'cork', 'ireland', '700,640,249,250', NULL, 0, 0, 0, NULL, NULL, NULL),
(76, 'castletownbere community hospital', '', '', '', 'castletownbere', 'cork', 'ireland', '', NULL, 0, 0, 0, NULL, NULL, NULL),
(77, 'cbc secondary school', 'o donovan rossa street', '', '', 'thurles', 'tipperary', 'ireland', '', NULL, 0, 0, 0, NULL, NULL, NULL),
(78, 'ceathru caol national school', '', '', '(close to lifford)', 'kerrykeel', 'donegal', 'ireland', '', NULL, 0, 0, 0, NULL, NULL, NULL),
(79, 'chapel road hostel', 'chapel road', '', '', 'dungloe', 'donegal', 'ireland', '', NULL, 0, 0, 0, NULL, NULL, NULL),
(80, 'charter medical group', 'the forge', 'smithfield market', 'smithfield', 'dublin 7', 'dublin', 'ireland', '', NULL, 0, 0, 0, NULL, NULL, NULL),
(81, 'cheeverstown house ltd', 'templeogue', '', '', 'dublin 6w', 'dublin', 'ireland', '', NULL, 0, 0, 0, NULL, NULL, NULL),
(82, 'cherry orchard hospital', 'ballyfermot', '', '', 'dublin 10', 'dublin', 'ireland', '', NULL, 0, 0, 0, NULL, NULL, NULL),
(83, 'cheshire homes', 'st. laurance', 'lota', '', 'glanmire', 'cork', 'ireland', 'c0001', NULL, 0, 0, 0, NULL, NULL, NULL),
(84, 'child & family centre', '', 'ardnagennha', '', 'bantry', 'cork', 'ireland', '', NULL, 0, 0, 0, NULL, NULL, NULL),
(85, 'cillaoibhinn group home', 'killynard', '', '', 'donegal town', 'donegal', 'ireland', 'c1', NULL, 0, 0, 0, NULL, NULL, NULL),
(86, 'clare county council', 'for 30 westbourne terrace', 'watery road', '', 'ennis', 'clare', 'ireland', '800208', NULL, 0, 0, 0, NULL, NULL, NULL),
(87, 'cloghroe national school', '', '', '', 'cloghroe', 'cork', 'ireland', '', NULL, 0, 0, 0, NULL, NULL, NULL),
(88, 'clonbrusk resource centre', 'coosan road', '', '', 'athlone', 'westmeath', 'ireland', '', NULL, 0, 0, 0, NULL, NULL, NULL),
(89, 'clonmoney national school', '', '', '', 'newmarket on fergus', 'clare', 'ireland', '', NULL, 0, 0, 0, NULL, NULL, NULL),
(90, 'clonskeagh c.n.u', '', '', '', 'clonskeagh', 'dublin', 'ireland', '', NULL, 0, 0, 0, NULL, NULL, NULL),
(91, 'cnu ballincollig', '', '', '', 'ballincollig', 'cork', 'ireland', '', NULL, 0, 0, 0, NULL, NULL, NULL),
(92, 'cnu farranlea', '', '', '', 'farranlea', 'cork', 'ireland', '', NULL, 0, 0, 0, NULL, NULL, NULL),
(93, 'co-action', '23/24 connolly street', '', '', 'clonakilty', 'cork', 'ireland', '', NULL, 0, 0, 0, NULL, NULL, NULL),
(94, 'colaiste na coiribe', 'tuam road', '', '', 'galway', 'galway', 'ireland', '', NULL, 0, 0, 0, NULL, NULL, NULL),
(95, 'colaiste na trocaire', 'mercy community college', '', '', 'rathkeale', 'limerick', 'ireland', '', NULL, 0, 0, 0, NULL, NULL, NULL),
(96, 'colaiste pobail bheanntrai', 'seskin', '', '', 'bantry', 'cork', 'ireland', '', NULL, 0, 0, 0, NULL, NULL, NULL),
(97, 'college gardens (kashma)', 'ingrid brennan', 'college gardens', 'callan road', 'kilkenny', 'kilkenny', 'ireland', '', NULL, 0, 0, 0, NULL, NULL, NULL),
(98, 'college of commerce', 'morrisons island', '', '', 'cork', 'cork', 'ireland', 's033', NULL, 0, 0, 0, NULL, NULL, NULL),
(99, 'coloiste na toirbhirte bandon', '', '', '', 'bandon', 'cork', 'ireland', '', NULL, 0, 0, 0, NULL, NULL, NULL),
(100, 'community services store', 'hse west - unit 3', 'lisnennan', '', 'letterkenny', 'donegal', 'ireland', '', NULL, 0, 0, 0, NULL, NULL, NULL),
(101, 'convent primary school', '', '', '', 'boyle', 'roscommon', 'ireland', '', NULL, 0, 0, 0, NULL, NULL, NULL),
(102, 'cope foundation - clonakilty', 'scartagh', '', '', 'clonakilty', 'cork', 'ireland', '', NULL, 0, 0, 0, NULL, NULL, NULL),
(103, 'cope foundation - montenotte', 'ard dara - house 3', 'springfort', 'bonnington', 'montenotte', 'cork', 'ireland', 'c0008', NULL, 0, 0, 0, NULL, NULL, NULL),
(104, 'cork college of commerce', 'morrisons island', 'south terrace', '', 'cork', 'cork', 'ireland', '', NULL, 0, 0, 0, NULL, NULL, NULL),
(105, 'crana college', 'crana road', '', '', 'buncrana', 'donegal', 'ireland', 'c0032', NULL, 0, 0, 0, NULL, NULL, NULL),
(106, 'crc waterford', 'waterford regional hospital', 'waterford community services', 'cork road', 'waterford', 'waterford', 'ireland', '', NULL, 0, 0, 0, NULL, NULL, NULL),
(107, 'crescent comprehensive college', 'dooradoyle', '', '', 'limerick', 'limerick', 'ireland', '', NULL, 0, 0, 0, NULL, NULL, NULL),
(108, 'crowhill', 'ballinoosky', '', '', 'newmarket on fergus', 'clare', 'ireland', 'inv 9274', NULL, 0, 0, 0, NULL, NULL, NULL),
(109, 'cuanannie day services', '', 'ballyraine industrial estate', '', 'letterkenny', 'donegal', 'ireland', '', NULL, 0, 0, 0, NULL, NULL, NULL),
(110, 'cuh cork', '', '', 'wilton', 'cork', 'cork', 'ireland', '', NULL, 0, 0, 0, NULL, NULL, NULL),
(111, 'cuil aodha national', 'cuil aodha', 'macroom', '', 'macroom', 'cork', 'ireland', '', NULL, 0, 0, 0, NULL, NULL, NULL),
(112, 'dalkey community unit', 'kilbegnet close', '', '', 'dalkey', 'dublin', 'ireland', 'd1017', NULL, 0, 0, 0, NULL, NULL, NULL),
(113, 'daughters of charity - annacotty', 'the rivers', 'sejare house', '', 'annacotty', 'limerick', 'ireland', '', NULL, 0, 0, 0, NULL, '2018-01-05', NULL),
(114, 'daughters of charity - clonsilla', 'st josephs', 'clonsilla', '', 'dublin', 'dublin', 'ireland', '', NULL, 0, 0, 0, NULL, NULL, NULL),
(115, 'daughters of charity - st. vincent''s centre', 'navan road', '', '', 'dublin', 'dublin', 'ireland', 'd068', NULL, 0, 0, 0, NULL, NULL, NULL),
(116, 'dawn house', 'sjog', '', '', 'enniscorthy', 'wexford', 'ireland', 's0227', NULL, 0, 0, 0, NULL, NULL, NULL),
(117, 'day resource unit', 'bree', '', '', 'castleblaney', 'monaghan', 'ireland', '800139, 244', NULL, 0, 0, 0, NULL, NULL, NULL),
(118, 'dean maxwell community nursing unit', 'the valley', '', '', 'roscrea', 'tipperary', 'ireland', '', NULL, 0, 0, 0, NULL, NULL, NULL),
(119, 'deidre courtney', '', '', '', 'ardfert', 'kerry', 'ireland', 'c0065', NULL, 0, 0, 0, NULL, NULL, NULL),
(120, 'denray construction ltd', '5 beauliew view', '', '', 'drogheda', 'louth', 'ireland', '', NULL, 0, 0, 0, NULL, NULL, NULL),
(121, 'department of agriculture', '', 'kildare street', '', 'dublin 2', 'dublin', 'ireland', '', NULL, 0, 0, 0, NULL, NULL, NULL),
(122, 'derrane resource centre', '', 'derrane resource centre', '', 'derrane', 'roscommon', 'ireland', '', NULL, 0, 0, 0, NULL, NULL, NULL),
(123, 'derrybeg national school', '', '', '', 'derrybeg', 'donegal', 'ireland', '800634', NULL, 0, 0, 0, NULL, NULL, NULL),
(124, 'dingle community nursing unit', '', '', '', 'dingle', 'kerry', 'ireland', '', NULL, 0, 0, 0, NULL, NULL, NULL),
(125, 'disability services - limerick', 'south west wing', 'st josephs hospital', 'limerick', 'limerick', 'limerick', 'ireland', '', NULL, 0, 0, 0, NULL, NULL, NULL),
(126, 'disability services - meath', 'commons road', '', '', 'navan', 'meath', 'ireland', 'd0017', NULL, 0, 0, 0, NULL, NULL, NULL),
(127, 'drakelands nursing home', '', '', '', 'kilkenny', 'kilkenny', 'ireland', '', NULL, 0, 0, 0, NULL, NULL, NULL),
(128, 'dromclough n.s.', 'listowel', '', '', 'listowel', 'kerry', 'ireland', '', NULL, 0, 0, 0, NULL, NULL, NULL),
(129, 'drumfries national school', 'cinn mhara', '', '', 'galway', 'galway', 'ireland', '', NULL, 0, 0, 0, NULL, NULL, NULL),
(130, 'dungloe district hospital', 'gweedore road', '', '', 'dungloe', 'donegal', 'ireland', 'dl1', NULL, 0, 0, 0, NULL, NULL, NULL),
(131, 'dungloe national school', 'dungloe', '', '', 'donegal', 'donegal', 'ireland', '', NULL, 0, 0, 0, NULL, NULL, NULL),
(132, 'dunmanway swimming pool', 'bantry road', '', '', 'dunmanway', 'cork', 'ireland', '', NULL, 0, 0, 0, NULL, NULL, NULL),
(133, 'enable ireland - adult centre', 'adult centre', 'edward street', '', 'tralee', 'kerry', 'ireland', '', NULL, 0, 0, 0, NULL, NULL, NULL),
(134, 'enable ireland - child centre', 'oakview village', '', '', 'tralee', 'kerry', 'ireland', '', NULL, 0, 0, 0, NULL, NULL, NULL),
(135, 'enable ireland - drumraymond house', 'drumraymond house', 'mamoir west', '', 'tralee', 'kerry', 'ireland', '', NULL, 0, 0, 0, NULL, NULL, NULL),
(136, 'enable ireland - ennis', 'clonroad business park', 'clon road', '', 'ennis', 'clare', 'ireland', 'e0006', NULL, 0, 0, 0, NULL, NULL, NULL),
(137, 'enable ireland - lavanagh centre', 'lavanagh centre', '', '', 'ballintemple', 'cork', 'ireland', '', NULL, 0, 0, 0, NULL, NULL, NULL),
(138, 'enable ireland - st. brendan''s', 'st brendan''s', 'sandymount ave', 'ballsbridge', 'dublin 4', 'dublin', 'ireland', 'e0007', NULL, 0, 0, 0, NULL, NULL, NULL),
(139, 'enable ireland galway', 'seamus quirke rd', '', '', 'newcastle', 'galway', 'ireland', '800899', NULL, 0, 0, 0, NULL, NULL, NULL),
(140, 'enable supplies', '7 kilnagleary business park', '', '', 'carrigaline', 'cork', 'ireland', '', NULL, 0, 0, 0, NULL, NULL, NULL),
(141, 'enable supplies ltd', '', '', '', '', '', 'ireland', '', NULL, 0, 0, 0, NULL, NULL, NULL),
(142, 'enniscorthy community workshop', 'bellefield', '', '', 'enniscorthy', 'wexford', 'ireland', '800481', NULL, 0, 0, 0, NULL, NULL, NULL),
(143, 'falcarragh day hospital', '', '', '', 'falcarragh', 'donegal', 'ireland', '', NULL, 0, 0, 0, NULL, NULL, NULL),
(144, 'falcarragh nursing home', '', '', '', 'falcarragh', 'donegal', 'ireland', '', NULL, 0, 0, 0, NULL, NULL, NULL),
(145, 'ferbane national school', '', '', '', 'ferbane', 'offaly', 'ireland', '', NULL, 0, 0, 0, NULL, NULL, NULL),
(146, 'fermoy leisure centre', '', '', '', 'fermoy', 'cork', 'ireland', '', NULL, 0, 0, 0, NULL, NULL, NULL),
(147, 'festina lente enterprises ltd.', 'old conaught avenue', '', '', 'bray', 'wicklow', 'ireland', '800111, 259', NULL, 0, 0, 0, NULL, NULL, NULL),
(148, 'firmount national school', '', '', '', 'donoughmore', 'cork', 'ireland', 'f0002', NULL, 0, 0, 0, NULL, NULL, NULL),
(149, 'forest lodge respite childrens home', 'stockmans lane, musgrave park hospital', 'bt9 7jb', '', 'belfast', 'antrim', 'ireland', '', NULL, 0, 0, 0, NULL, NULL, NULL),
(150, 'gael scoil', 'thomas david', 'summerhill', '', 'mallow', 'cork', 'ireland', 'g0002', NULL, 0, 0, 0, NULL, NULL, NULL),
(151, 'gaelscoil mhic amhlaigh', 'an coim in mor', 'bothar na gcepach', '', 'cnoc na cathrach', 'galway', 'ireland', '800094', NULL, 0, 0, 0, NULL, NULL, NULL),
(152, 'gallen community school', '', '', '', 'ferbane', 'offaly', 'ireland', '', NULL, 0, 0, 0, NULL, NULL, NULL),
(153, 'galway p.c.c.c. stores', 'briarhill business park', '', '', 'ballybrit', 'galway', 'ireland', '11182', NULL, 0, 0, 0, NULL, NULL, NULL),
(154, 'garda retirement home', '476 howth road', 'raheny', '', 'raheny', 'dublin', 'ireland', '', NULL, 0, 0, 0, NULL, NULL, NULL),
(155, 'garryhankard house', '', '', '', 'upton', 'cork', 'ireland', '202', NULL, 0, 0, 0, NULL, '2018-01-05', NULL),
(156, 'gorey educate together ns', 'kilnahue lane', 'carnew road', '', 'gorey', 'wexford', 'ireland', '', NULL, 0, 0, 0, NULL, NULL, NULL),
(157, 'granstown priory scheme', 'grantstown', '', '', 'wellington bridge', 'wexford', 'ireland', '', NULL, 0, 0, 0, NULL, NULL, NULL),
(158, 'grantstown day care centre', '', '', '', 'wexford', 'wexford', 'ireland', '', NULL, 0, 0, 0, NULL, NULL, NULL),
(159, 'grove court', 'grove road', '', 'blanchardstown', 'dublin 17', 'dublin', 'ireland', '', NULL, 0, 0, 0, NULL, NULL, NULL),
(160, 'grove house', 'st. mary''s orthopaedic hospital', '', '', 'gurranabraher', 'cork', 'ireland', '', NULL, 0, 0, 0, NULL, NULL, NULL),
(161, 'h.s.e. north east area', 'local health office', '', '', 'lisdarn', 'cavan', 'ireland', 'po 95', NULL, 0, 0, 0, NULL, NULL, NULL),
(162, 'hacketstown national school', '', '', '', 'hacketstown', 'carlow', 'ireland', '', NULL, 0, 0, 0, NULL, NULL, NULL),
(163, 'hazel hall nursing home', 'prosperous road', '', '', 'clane', 'kildare', 'ireland', '', NULL, 0, 0, 0, NULL, NULL, NULL),
(164, 'headway', 'unit 3b', 'link road business park', '', 'cork', 'cork', 'ireland', '', NULL, 0, 0, 0, NULL, NULL, NULL),
(165, 'healthy living centre', 'hospital grounds', '', '', 'new ross', 'wexford', 'ireland', '', NULL, 0, 0, 0, NULL, NULL, NULL),
(166, 'highfield hospital', '', 'swords rd', 'whitehall', 'dublin 4', 'dublin', 'ireland', '', NULL, 0, 0, 0, NULL, NULL, NULL),
(167, 'holy angels day care centre', 'strawhall industrial est', '', '', 'carlow', 'carlow', 'ireland', 'h2', NULL, 0, 0, 0, NULL, NULL, NULL),
(168, 'holy family school', 'old bridge road', '', '', 'cootehill', 'cavan', 'ireland', 'h0015', NULL, 0, 0, 0, NULL, NULL, NULL),
(169, 'hse', 'rathcoole', '', '', 'fethard', 'tipperary', 'ireland', '', NULL, 0, 0, 0, NULL, NULL, NULL),
(170, 'hse - n.w.a.', '', '', '', 'falcarragh', 'donegal', 'ireland', '', NULL, 0, 0, 0, NULL, NULL, NULL),
(171, 'hse department', '', 'naas vista house', 'ballymore rd', 'naas', 'kildare', 'ireland', '', NULL, 0, 0, 0, NULL, NULL, NULL),
(172, 'hse letterkenny', 'lisnennan', '', '', 'letterkenny', 'donegal', 'ireland', '', NULL, 0, 0, 0, NULL, NULL, NULL),
(173, 'hse ofalia house', 'st mary''s road', '', '', 'edenderry', 'offaly', 'ireland', '', NULL, 0, 0, 0, NULL, NULL, NULL),
(174, 'hse stores letterkenny', '', '', 'lisnennan', 'letterkenny', 'donegal', 'ireland', '9292', NULL, 0, 0, 0, NULL, NULL, NULL),
(175, 'imnda', '', 'coleraine house', 'coleraine street', 'dublin 7', 'dublin', 'ireland', '', NULL, 0, 0, 0, NULL, NULL, NULL),
(176, 'inchicore community nursing unit', '', '', '', 'inchicore', 'dublin', 'ireland', '', NULL, 0, 0, 0, NULL, NULL, NULL),
(177, 'iniscealtra national school', '', '', '', 'mountshannon', 'clare', 'ireland', '', NULL, 0, 0, 0, NULL, NULL, NULL),
(178, 'irish wheelchair association - clontarf', 'black heath drive', 'clontarf', '', 'dublin 3', 'dublin', 'ireland', '', NULL, 0, 0, 0, NULL, NULL, NULL),
(179, 'irish wheelchair association - ennis', '30 westbourne', 'watery road', '', 'ennis', 'clare', 'ireland', '800208', NULL, 0, 0, 0, NULL, NULL, NULL),
(180, 'irish wheelchair association - kilkenny', '', '', '', 'kilkenny', 'kilkenny', 'ireland', '', NULL, 0, 0, 0, NULL, NULL, NULL),
(181, 'irish wheelchair association - limerick', 'phoenix lodge', 'sarsfield rd', '', 'limerick', 'limerick', 'ireland', '', NULL, 0, 0, 0, NULL, NULL, NULL),
(182, 'irish wheelchair association - listowel', '', 'ballygoluge rd', '', 'listowel', 'kerry', 'ireland', '', NULL, 0, 0, 0, NULL, NULL, NULL),
(183, 'irish wheelchair association - lucan', '', 'londonbridge road', 'irishtown', 'dublin 4', 'dublin', 'ireland', 'sop700070 / inv7420', NULL, 0, 0, 0, NULL, NULL, NULL),
(184, 'irish wheelchair association - rosbrien', 'block 1, sarsfield park,', '', '', 'rosbrien', 'limerick', 'ireland', '', NULL, 0, 0, 0, NULL, NULL, NULL),
(185, 'irish wheelchair association - south tipperary', '(ref johns court, the steeples)', 'brodeen', 'cashel rd', 'tipperary town', 'tipperary', 'ireland', 'i0025', NULL, 0, 0, 0, NULL, NULL, NULL),
(186, 'jd contracting', '7 melrose gardens', '', '', 'clondalkin', 'dublin', 'ireland', '248, 700425', NULL, 0, 0, 0, NULL, NULL, NULL),
(187, 'journey man centre', 'ballynagarra', '', '', 'carrick on suir', 'tipperary', 'ireland', '', NULL, 0, 0, 0, NULL, NULL, NULL),
(188, 'kanturk community hospital', '', '', '', 'kanturk', 'cork', 'ireland', '', NULL, 0, 0, 0, NULL, NULL, NULL),
(189, 'kenmare community unit', '', '', '', 'kenmare', 'kerry', 'ireland', '', NULL, 0, 0, 0, NULL, NULL, NULL),
(190, 'kilbeheny national school', '', '', '', 'mitchelstown', 'cork', 'ireland', 'k0011', NULL, 0, 0, 0, NULL, NULL, NULL),
(191, 'kildysart national school', '', '', '', 'kildysart', 'clare', 'ireland', '9289', NULL, 0, 0, 0, NULL, NULL, NULL),
(192, 'kilfinnane national school', '', '', '', 'kilfinnane', 'limerick', 'ireland', '', NULL, 0, 0, 0, NULL, NULL, NULL),
(193, 'kilkenny community services', 'westcourt', '', '', 'callan', 'kilkenny', 'ireland', 'k023', NULL, 0, 0, 0, NULL, NULL, NULL),
(194, 'killahan national school', 'abbeydorney', '', '', 'tralee', 'kerry', 'ireland', '', NULL, 0, 0, 0, NULL, NULL, NULL),
(195, 'killarney community college', 'new road', '', '', 'killarney', 'kerry', 'ireland', '', NULL, 0, 0, 0, NULL, NULL, NULL),
(196, 'killarney nursing home', '', '', '', 'killarney', 'kerry', 'ireland', '', NULL, 0, 0, 0, NULL, NULL, NULL),
(197, 'killcreene regional orthopaedic hospital', 'children''s disability unit', '', '', 'kilkenny', 'kilkenny', 'ireland', '', NULL, 0, 0, 0, NULL, NULL, NULL),
(198, 'kinsale community hospital', '', '', '', 'kinsale', 'cork', 'ireland', 'kinsale', NULL, 0, 0, 0, NULL, NULL, NULL),
(199, 'knockanure national school', 'moyvane', '', '', 'listowel', 'kerry', 'ireland', '700514', NULL, 0, 0, 0, NULL, NULL, NULL),
(200, 'kolbe special school', 'portlaoise', '', '', 'portlaoise', 'laois', 'ireland', '', NULL, 0, 0, 0, NULL, NULL, NULL),
(201, 'laragh national school', '', '', '', 'bandon', 'cork', 'ireland', '', NULL, 0, 0, 0, NULL, NULL, NULL),
(202, 'laurel lodge', 'templemichael glebe', '', '', 'longford', 'longford', 'ireland', '', NULL, 0, 0, 0, NULL, NULL, NULL),
(203, 'letterkenny institute of technology', 'port road', '', '', 'letterkenny', 'donegal', 'ireland', '800641', NULL, 0, 0, 0, NULL, NULL, NULL),
(204, 'letterkenny leisure centre', 'high rd,', '', '', 'letterkenny', 'donegal', 'ireland', '', NULL, 0, 0, 0, NULL, NULL, NULL),
(205, 'limerick regional hospital', 'dooradoyle', '', '', 'navan', 'meath', 'ireland', '', NULL, 0, 0, 0, NULL, NULL, NULL),
(206, 'linda mccarthy', 'derrygrath', '', '', 'clonmel', 'tipperary', 'ireland', '', NULL, 0, 0, 0, NULL, NULL, NULL),
(207, 'lisdarn cnu (cavan gen hosp)', 'lisdarn unit for the elderly', '', '', 'cavan', 'cavan', 'ireland', '', NULL, 0, 0, 0, NULL, NULL, NULL),
(208, 'lisdarn residential unit', 'cavan hospital', '', '', 'cavan', 'cavan', 'ireland', '', NULL, 0, 0, 0, NULL, NULL, NULL),
(209, 'little angels school', 'knocknamona', '', '', 'letterkenny', 'donegal', 'ireland', '', NULL, 0, 0, 0, NULL, NULL, NULL),
(210, 'long lane letterkenny', 'ballytrim house', '', '', 'raphoe', 'donegal', 'ireland', '', NULL, 0, 0, 0, NULL, NULL, NULL),
(211, 'longford swimming pool', '', '', '', 'longford', 'longford', 'ireland', '', NULL, 0, 0, 0, NULL, NULL, NULL),
(212, 'loretto secondary school', 'granges road', '', '', 'kilkenny', 'kilkenny', 'ireland', '', NULL, 0, 0, 0, NULL, NULL, NULL),
(213, 'loughrea community nursing unit', '', '', '', 'loughrea', 'galway', 'ireland', '', NULL, 0, 0, 0, NULL, NULL, NULL),
(214, 'loughrea court house', '', '', '', 'loughrea', 'galway', 'ireland', '11076', NULL, 0, 0, 0, NULL, NULL, NULL),
(215, 'lyreacrompane ns', '', '', '', 'listowel', 'kerry', 'ireland', '', NULL, 0, 0, 0, NULL, NULL, NULL),
(216, 'macroom community hospital', '', '', '', 'macroom', 'cork', 'ireland', 'inv 9304', NULL, 0, 0, 0, NULL, NULL, NULL),
(217, 'magh ene college', '', '', '', 'bundoran', 'donegal', 'ireland', '800505', NULL, 0, 0, 0, NULL, NULL, NULL),
(218, 'masonic hall', 'castle street', '', '', 'dalkey', 'dublin', 'ireland', '', NULL, 0, 0, 0, NULL, NULL, NULL),
(219, 'maynooth community care centre', '', 'leinster st.', '', 'maynooth', 'kildare', 'ireland', '', NULL, 0, 0, 0, NULL, NULL, NULL),
(220, 'meadow high school', 'royal lane', 'hillingdon', '', 'london', 'middlesex', 'england', 'inv 1116', NULL, 0, 0, 0, NULL, NULL, NULL),
(221, 'meath county council', '', '43 ashbrook', '', 'navan', 'meath', 'ireland', '', NULL, 0, 0, 0, NULL, NULL, NULL),
(222, 'meath hospital', '', 'heytesbury street', 'dublin 8', 'dublin', 'dublin', 'ireland', '', NULL, 0, 0, 0, NULL, NULL, NULL),
(223, 'mercy hospital', '', '', '', 'cork', 'cork', 'ireland', '', NULL, 0, 0, 0, NULL, NULL, NULL),
(224, 'merlin park hospital', 'unit 10a seating clinic', '', '', 'galway', 'galway', 'ireland', '', NULL, 0, 0, 0, NULL, NULL, NULL),
(225, 'mid western regional hosptial', '', '', '', 'limerick', 'limerick', 'ireland', '', NULL, 0, 0, 0, NULL, NULL, NULL),
(226, 'middleton community hospital', '', '', '', 'middleton', 'cork', 'ireland', 'ok1', NULL, 0, 0, 0, NULL, NULL, NULL),
(227, 'midway services', 'clima hall', 'oldcastle road', '', 'kells', 'meath', 'ireland', '', NULL, 0, 0, 0, NULL, NULL, NULL),
(228, 'milford care centre', 'plassey park road', '', '', 'castletroy', 'limerick', 'ireland', '', NULL, 0, 0, 0, NULL, NULL, NULL),
(229, 'millbrook day centre', 'enniscorthy', '', '', 'enniscorthy', 'wexford', 'ireland', '', NULL, 0, 0, 0, NULL, NULL, NULL),
(230, 'millhouse care centre', 'newtown', 'cummons', '', 'newross', 'wexford', 'ireland', '', NULL, 0, 0, 0, NULL, NULL, NULL),
(231, 'millstreet community school', '', '', '', 'millstreet', 'cork', 'ireland', '', NULL, 0, 0, 0, NULL, NULL, NULL),
(232, 'milltown national school', '', '', '', 'belturbet', 'cavan', 'ireland', '', NULL, 0, 0, 0, NULL, NULL, NULL),
(233, 'monastery cbs primary school', 'st patricks avenue', '', '', 'tipperary town', 'tipperary', 'ireland', '', NULL, 0, 0, 0, NULL, NULL, NULL),
(234, 'moorehaven centre', 'o''brien street', '', '', 'tipperary', 'tipperary', 'ireland', '', NULL, 0, 0, 0, NULL, NULL, NULL),
(235, 'mortuarty - connolly hospital', 'blanchardstown', '', '', 'dublin 15', 'dublin', 'ireland', '', NULL, 0, 0, 0, NULL, NULL, NULL),
(236, 'mount alvernia hospital', '', '', '', 'mallow', 'cork', 'ireland', '', NULL, 0, 0, 0, NULL, NULL, NULL),
(237, 'musgrave park hospital', 'independent living unit', 'stockman''s lane', '', 'belfast', 'antrim', 'ireland', '', NULL, 0, 0, 0, NULL, NULL, NULL),
(238, 'nano nagle school', '', '', '', 'listowel', 'kerry', 'ireland', '', NULL, 0, 0, 0, NULL, NULL, NULL),
(239, 'national aquatic centre', 'snugborough road', 'blanchardstown', '', 'dublin 15', 'dublin', 'ireland', '158, 700401', NULL, 0, 0, 0, NULL, NULL, NULL),
(240, 'national learning network', 'roseville', 'western rd', '', 'clonmel', 'tipperary', 'ireland', 'n13', NULL, 0, 0, 0, NULL, NULL, NULL),
(241, 'national rehab hospital', '', 'rochestown avenue', '', 'dun laoghaire', 'dublin', 'ireland', '', NULL, 0, 0, 0, NULL, NULL, NULL),
(242, 'navan community hospital', 'beaufort house', '', '', 'navan', 'meath', 'ireland', '', NULL, 0, 0, 0, NULL, NULL, NULL),
(243, 'navan road primary care centre', 'school for the deaf campus', '', '', 'dublin 7', 'dublin', 'ireland', '', NULL, 0, 0, 0, NULL, NULL, NULL),
(244, 'nenagh general hospital', '', '', '', 'nenagh', 'tipperary', 'ireland', 'm0008', NULL, 0, 0, 0, NULL, NULL, NULL),
(245, 'new haughton hospital', 'day care centre', '', '', 'new ross', 'wexford', 'ireland', '', NULL, 0, 0, 0, NULL, NULL, NULL),
(246, 'newbridge respite centre', '356 strand house road', '', '', 'newbridge', 'kildare', 'ireland', '', NULL, 0, 0, 0, NULL, NULL, NULL),
(247, 'newgrove housing association', 'rehab care', '24 heather grove', '', 'ballybane', 'galway', 'ireland', '', NULL, 0, 0, 0, NULL, NULL, NULL),
(248, 'newpark school sports centre', 'newtownpark ave', 'blackrock', '', 'dublin', 'dublin', 'ireland', '', NULL, 0, 0, 0, NULL, NULL, NULL),
(249, 'newport daycare centre', 'church rd', '', '', 'newport', 'tipperary', 'ireland', 'n001', NULL, 0, 0, 0, NULL, NULL, NULL),
(250, 'newtownmountkennedy primary school', 'newtownmountkennedy', 'juniorschool', '', 'wicklow', 'wicklow', 'ireland', 'n15', NULL, 0, 0, 0, NULL, NULL, NULL),
(251, 'ns cnoc na manach', '', '', '', 'minane bridge', 'cork', 'ireland', '', NULL, 0, 0, 0, NULL, NULL, NULL),
(252, 'oaklee house', 'springfield ave', '', '', 'belfast', 'antrim', 'ireland', '', NULL, 0, 0, 0, NULL, NULL, NULL),
(253, 'oaklodge nursing home', 'churchtown south', '', '', 'cloyne', 'cork', 'ireland', '', NULL, 0, 0, 0, NULL, NULL, NULL),
(254, 'o''connell primary school', 'north richmond street', '', '', 'north circular rd', 'dublin', 'ireland', '', NULL, 0, 0, 0, NULL, NULL, NULL),
(255, 'o''connor bros funeral home', 'north gate bridge', '', '', 'shanakiel', 'cork', 'ireland', '', NULL, 0, 0, 0, NULL, NULL, NULL),
(256, 'ofalia house', '', '', '', 'edenderry', 'offaly', 'ireland', '', NULL, 0, 0, 0, NULL, NULL, NULL),
(257, 'offally county council', 'tinnymuck', '', '', 'moate', 'westmeath', 'ireland', '', NULL, 0, 0, 0, NULL, NULL, NULL),
(258, 'orange blossom cottage', 'knockeadan', 'gilford park', '', 'portadown', 'armagh', 'ireland', '', NULL, 0, 0, 0, NULL, NULL, NULL),
(259, 'our lady''s girl''s national school', '', '', '', 'rathdrum', 'wicklow', 'ireland', '', NULL, 0, 0, 0, NULL, NULL, NULL),
(260, 'our lady''s hospital', '', '', '', 'cashel', 'tipperary', 'ireland', 'inv 9183', NULL, 0, 0, 0, NULL, NULL, NULL),
(261, 'our lady''s hospital for sick children', '', '', '', 'crumlin', 'dublin', 'ireland', 'o0002', NULL, 0, 0, 0, NULL, NULL, NULL),
(262, 'parents & friends stranorlar', 'house 4 ard greine', 'mullindrait', '', 'stranorlar', 'donegal', 'ireland', '', NULL, 0, 0, 0, NULL, NULL, NULL),
(263, 'peamount hospital newcastle', '', '', '', 'newcastle', 'dublin', 'ireland', '', NULL, 0, 0, 0, NULL, NULL, NULL),
(264, 'physical & sensory disability services', 'bayview respite house', '', '', 'tullyhan', 'leitrim', 'ireland', '', NULL, 0, 0, 0, NULL, NULL, NULL),
(265, 'pobal scoil inbhear sceine', '', '', '', 'kenmare', 'kerry', 'ireland', '900120', NULL, 0, 0, 0, NULL, NULL, NULL),
(266, 'pontville school', 'black moss lane', 'ormskirk', '', 'lancashire', 'lancashire', 'england', '', NULL, 0, 0, 0, NULL, NULL, NULL),
(267, 'portmagee national school', '', '', '', 'portmagee', 'kerry', 'ireland', '', NULL, 0, 0, 0, NULL, NULL, NULL),
(268, 'portmarnoch community school', '', '', '', 'portmarnock', 'dublin', 'ireland', '', NULL, 0, 0, 0, NULL, NULL, NULL),
(269, 'pre-school ballaghderg', 'day care centre', 'ballaghderg', 'mountain top', 'letterkenny', 'donegal', 'ireland', 'n010', NULL, 0, 0, 0, NULL, NULL, NULL),
(270, 'presentation secondary school', '', '', '', 'listowel', 'kerry', 'ireland', '', NULL, 0, 0, 0, NULL, NULL, NULL),
(271, 'rainbow view', '', 'cloonmahon', '', 'collooney', 'sligo', 'ireland', '', NULL, 0, 0, 0, NULL, NULL, NULL),
(272, 'raphoe central national school', 'lisnoble', 'manse', '', 'raphoe', 'donegal', 'ireland', 'ri', NULL, 0, 0, 0, NULL, NULL, NULL),
(273, 'rathakevin nursing home', 'barna', 'cahir road', '', 'clonmel', 'tipperary', 'ireland', 'r0002', NULL, 0, 0, 0, NULL, NULL, NULL),
(274, 'rathdrum boys national school', 'rathdrum', '', '', 'rathdrum', 'wicklow', 'ireland', '', NULL, 0, 0, 0, NULL, NULL, NULL),
(275, 'ratoath independent living', '', 'tankerstown', '', 'rathooth', 'meath', 'ireland', '', NULL, 0, 0, 0, NULL, NULL, NULL),
(276, 'redwood care facility', '', '', '', 'stamullen', 'meath', 'ireland', '', NULL, 0, 0, 0, NULL, NULL, NULL),
(277, 'rehab care', '1 connels road', '', '', 'nenagh', 'tipperary', 'ireland', 'r0008', NULL, 0, 0, 0, NULL, NULL, NULL),
(278, 'rehabcare', 'the meadows', 'athlumney', '', 'navan', 'meath', 'ireland', '', NULL, 0, 0, 0, NULL, NULL, NULL),
(279, 'residential unit', 'main st', 'inbhear na mara', '', 'bundoran', 'donegal', 'ireland', 'b017', NULL, 0, 0, 0, NULL, NULL, NULL),
(280, 'riada house', 'community nursing unit', '', '', 'tullamore', 'offaly', 'ireland', '', NULL, 0, 0, 0, NULL, NULL, NULL),
(281, 'ringaskiddy national school', '', '', '', 'ringaskiddy', 'cork', 'ireland', '', NULL, 0, 0, 0, NULL, NULL, NULL),
(282, 'rivendell house', '', '', 'kitestown', 'crossabeg', 'wexford', 'ireland', 'r010', NULL, 0, 0, 0, NULL, NULL, NULL),
(283, 'rockwell college', '', '', '', 'cashel', 'tipperary', 'ireland', '', NULL, 0, 0, 0, NULL, NULL, NULL),
(284, 'roscare social housing', 'srah', 'ballinlough', '', 'castlerea', 'roscommon', 'ireland', '', NULL, 0, 0, 0, NULL, NULL, NULL),
(285, 'rose construction', 'maglin road', '', '', 'ballincollig', 'cork', 'ireland', '', NULL, 0, 0, 0, NULL, NULL, NULL),
(286, 'rowanberry day centre', 'block road', '', '', 'portlaoise', 'laois', 'ireland', '', NULL, 0, 0, 0, NULL, NULL, NULL),
(287, 'royal prior school', '', '', '', 'raphoe', 'donegal', 'ireland', '', NULL, 0, 0, 0, NULL, NULL, NULL),
(288, 'royal secondary school', 'raphoe', '', '', 'lifford', 'donegal', 'ireland', '', NULL, 0, 0, 0, NULL, NULL, NULL),
(289, 's.e.h.b.o.t. dept.', 'kickhamarch', 'davis road', '', 'clonmel', 'tipperary', 'ireland', '', NULL, 0, 0, 0, NULL, NULL, NULL),
(290, 'sacred heart convent', 'new site', 'bessboro', '', 'blackrock', 'cork', 'ireland', '', NULL, 0, 0, 0, NULL, NULL, NULL),
(291, 'sacred heart nursing home', 'roslea road', '', '', 'clones', 'monaghan', 'ireland', '', NULL, 0, 0, 0, NULL, NULL, NULL),
(292, 'sacred heart school', 'sacred heart school', '', '', 'ladies lane', 'waterford', 'ireland', '', NULL, 0, 0, 0, NULL, NULL, NULL),
(293, 'san joseph', 'ballysimon road', '', '', 'limerick city', 'limerick', 'ireland', 't0002', NULL, 0, 0, 0, NULL, NULL, NULL),
(294, 'sandymount school', 'sandymount avenue', '', '', 'dublin 4', 'dublin', 'ireland', '', NULL, 0, 0, 0, NULL, NULL, NULL),
(295, 'schull community college', 'colla road', '', '', 'schull', 'cork', 'ireland', '', NULL, 0, 0, 0, NULL, NULL, NULL),
(296, 'scoil aonghusa', 'cahir road', '', '', 'cashel', 'tipperary', 'ireland', '', NULL, 0, 0, 0, NULL, NULL, NULL),
(297, 'scoil chriost ri', '', '', '', 'portlaoise', 'laois', 'ireland', '', NULL, 0, 0, 0, NULL, NULL, NULL),
(298, 'scoil chronain naofa', 'dromakernan', '', '', 'roscrea', 'tipperary', 'ireland', 's0226', NULL, 0, 0, 0, NULL, NULL, NULL),
(299, 'scoil cormac', 'golden rd', '', '', 'cashel', 'tipperary', 'ireland', 's012', NULL, 0, 0, 0, NULL, NULL, NULL),
(300, 'scoil eoin baiste', '', '', '', 'carrigart', 'donegal', 'ireland', 'n12', NULL, 0, 0, 0, NULL, NULL, NULL),
(301, 'scoil mhuire', 'kilsheelan', '', '', 'clonmel', 'tipperary', 'ireland', 's0038', NULL, 0, 0, 0, NULL, NULL, NULL),
(302, 'sean chara nursing home', 'st canice road', '', '', 'glasnevin', 'dublin', 'ireland', '800644', NULL, 0, 0, 0, NULL, NULL, NULL),
(303, 'sean tracey memorial swimming pool', '', '', '', 'tipperary', 'tipperary', 'ireland', '', NULL, 0, 0, 0, NULL, NULL, NULL),
(304, 'seancara nursing home', 'st. canice road', 'off ballygall road east', 'glasnevin', 'dublin 11', 'dublin', 'ireland', 's0033', NULL, 0, 0, 0, NULL, NULL, NULL),
(305, 'sea-view house', '', '', '', 'mountcharles', 'donegal', 'ireland', '', NULL, 0, 0, 0, NULL, NULL, NULL),
(306, 'sisters of mercy - aras mhuire', 'aras mhuire', 'mccurtin hill', 'scartagh', 'clonakilty', 'cork', 'ireland', '', NULL, 0, 0, 0, NULL, NULL, NULL),
(307, 'sisters of mercy - st leo''s convent', 'st. leo''s convent', '', '', 'carlow', 'carlow', 'ireland', '', NULL, 0, 0, 0, NULL, NULL, NULL),
(308, 'sisters of mercy - st mary of the isle', 'st. mary of the isle', 'sharman', 'crawford street', 'cork', 'cork', 'ireland', '', NULL, 0, 0, 0, NULL, NULL, NULL),
(309, 'sisters of the african mission convent', 'ardfoyle', '', '', 'ballintemple', 'cork', 'ireland', '', NULL, 0, 0, 0, NULL, NULL, NULL),
(310, 'sjog', 'paddock lane', 'old long hill', '', 'enniskerry', 'wicklow', 'ireland', '', NULL, 0, 0, 0, NULL, NULL, NULL),
(311, 'sligo courthouse', '', '', '', 'sligo', 'sligo', 'ireland', '', NULL, 0, 0, 0, NULL, NULL, NULL),
(312, 'sodexo - nagle rice complex', 'borris road', '', '', 'portlaoise', 'laois', 'ireland', '', NULL, 0, 0, 0, NULL, NULL, NULL),
(313, 'sophia housing', 'house 2', '', '', 'tubbercurry', 'sliog', 'ireland', '', NULL, 0, 0, 0, NULL, NULL, NULL),
(314, 'southwestmeath hospice', 'athlone hospital', '', '', 'athlone', 'westmeath', 'ireland', '9559', NULL, 0, 0, 0, NULL, NULL, NULL),
(315, 'special care unit', '', '', '', 'navan', 'meath', 'ireland', 's0030', NULL, 0, 0, 0, NULL, NULL, NULL),
(316, 'st agnes centre', '', '', '', 'donegal town', 'donegal', 'ireland', '', NULL, 0, 0, 0, NULL, NULL, NULL),
(317, 'st angela''s national school', 'castlebar', '', '', 'castlebar', 'mayo', 'ireland', '', NULL, 0, 0, 0, NULL, NULL, NULL),
(318, 'st brendan''s community school', '', '', '', 'birr', 'offaly', 'ireland', '', NULL, 0, 0, 0, NULL, NULL, NULL),
(319, 'st bridgid''s n.s', 'duagh', '', '', 'listowl', 'kerry', 'ireland', '', NULL, 0, 0, 0, NULL, NULL, NULL),
(320, 'st brid''s national school', '', '', '', 'castlebar', 'mayo', 'ireland', '', NULL, 0, 0, 0, NULL, NULL, NULL),
(321, 'st brigid''s hospital', 'horgans house', 'walnut grove', '', 'ballinasloe', 'galway', 'ireland', '', NULL, 0, 0, 0, NULL, NULL, NULL),
(322, 'st brigid''s national school', 'annacurragh', '', '', 'annacurragh', 'wicklow', 'ireland', '', NULL, 0, 0, 0, NULL, NULL, NULL),
(323, 'st brogan''s college', 'bandon', '', '', 'bandon', 'cork', 'ireland', '', NULL, 0, 0, 0, NULL, NULL, NULL),
(324, 'st catherines special school', 'killmullen lane', 'newcastle', '', 'newcastle', 'wicklow', 'ireland', '', NULL, 0, 0, 0, NULL, NULL, NULL),
(325, 'st colmcille''s boys national school', 'chapel lane', '', '', 'swords', 'dublin', 'ireland', 's306', NULL, 0, 0, 0, NULL, NULL, NULL),
(326, 'st columba''s girls national school', '', '', '', 'douglas', 'cork', 'ireland', '', NULL, 0, 0, 0, NULL, NULL, NULL),
(327, 'st columba''s hospital', 'thomastown', '', '', 'kilkenny', 'kilkenny', 'ireland', '', NULL, 0, 0, 0, NULL, NULL, NULL),
(328, 'st conals hospital', 'mortuary', '', '', 'letterkenny', 'donegal', 'ireland', 'n010', NULL, 0, 0, 0, NULL, NULL, NULL),
(329, 'st conleth''s national school', '', '', '', 'derrinturn', 'kildare', 'ireland', '', NULL, 0, 0, 0, NULL, NULL, NULL),
(330, 'st cronan''s boys n.s.', 'vevay crescent', 'vevay road', '', 'bray', 'wicklow', 'ireland', '', NULL, 0, 0, 0, NULL, NULL, NULL),
(331, 'st crona''s national school', '', 'chapel road', '', 'dungloe', 'donegal', 'ireland', '800101', NULL, 0, 0, 0, NULL, NULL, NULL),
(332, 'st davnets hospital', 'swimming pool', 'rooskey', '', 'monaghan', 'monaghan', 'ireland', '', NULL, 0, 0, 0, NULL, NULL, NULL),
(333, 'st declan''s community college', '', '', '', 'kilmacthomas', 'waterford', 'ireland', '800289', NULL, 0, 0, 0, NULL, NULL, NULL),
(334, 'st fanahans college', 'mitchelstown', '', '', 'mitchelstown', 'cork', 'ireland', '', NULL, 0, 0, 0, NULL, NULL, NULL),
(335, 'st fergals junior national school', '', '', '', 'bray', 'wicklow', 'ireland', '800102, 236', NULL, 0, 0, 0, NULL, NULL, NULL),
(336, 'st fergals senior school', '', '', '', 'bray', 'wicklow', 'ireland', '', NULL, 0, 0, 0, NULL, NULL, NULL),
(337, 'st finbarrs hospital', '', '', 'old maternity hospital', 'douglas', 'cork', 'ireland', '', NULL, 0, 0, 0, NULL, '2018-01-05', NULL),
(338, 'st francis hospice', 'blanchardstown', '', '', 'dublin 15', 'dublin', 'ireland', '', NULL, 0, 0, 0, NULL, NULL, NULL),
(339, 'st gabriels special school', 'curraheen road', '', 'bishopstown', 'cork', 'cork', 'ireland', '', NULL, 0, 0, 0, NULL, NULL, NULL),
(340, 'st helens senior national school', 'limetree avenue', '', '', 'portmarnock', 'dublin', 'ireland', 's035', NULL, 0, 0, 0, NULL, NULL, NULL),
(341, 'st hilda''s centre', '', 'hillquarter', 'coosan', 'athlone', 'westmeath', 'ireland', '700230', NULL, 0, 0, 0, NULL, NULL, NULL),
(342, 'st john the baptist national school', 'old road', '', '', 'cashel', 'tipperary', 'ireland', 's030', NULL, 0, 0, 0, NULL, NULL, NULL),
(343, 'st joseph''s centre for the visually impaired', 'irish guide dogs training centre', 'model farm road', '', 'bishopstown', 'cork', 'ireland', '', NULL, 0, 0, 0, NULL, NULL, NULL),
(344, 'st joseph''s community hospital', '', '', '', 'trim', 'meath', 'ireland', '', NULL, 0, 0, 0, NULL, NULL, NULL),
(345, 'st joseph''s daughters of charity', 'clonsilla', '', 'clonsilla', 'dublin 15', 'dublin', 'ireland', '', NULL, 0, 0, 0, NULL, NULL, NULL),
(346, 'st joseph''s hospital', '', '', '', 'raheny', 'dublin', 'ireland', '', NULL, 0, 0, 0, NULL, NULL, NULL),
(347, 'st joseph''s national school', '', '', '', 'longford', 'longford', 'ireland', '', NULL, 0, 0, 0, NULL, NULL, NULL),
(348, 'st joseph''s primary school', 'grace park', '', '', 'drumcondra', 'dublin', 'ireland', '', NULL, 0, 0, 0, NULL, NULL, NULL),
(349, 'st leo''s convent', 'st. leo''s convent', 'dublin road', '', 'carlow', 'carlow', 'ireland', '', NULL, 0, 0, 0, NULL, NULL, NULL),
(350, 'st luke''s home', 'mahon', '', '', 'cork', 'cork', 'ireland', '', NULL, 0, 0, 0, NULL, NULL, NULL),
(351, 'st martin''s house', '', '', '', 'falcarragh', 'donegal', 'ireland', '700356', NULL, 0, 0, 0, NULL, NULL, NULL),
(352, 'st mary''s boys national school', 'grotto avenye', '', '', 'booterstown', 'dublin', 'ireland', '8670', NULL, 0, 0, 0, NULL, NULL, NULL),
(353, 'st mary''s hospital - castleblaney', '', '', '', 'castleblaney', 'monaghan', 'ireland', '', NULL, 0, 0, 0, NULL, NULL, NULL),
(354, 'st mary''s hospital - phoenix park', '', '', '', 'phoenix park', 'dublin', 'ireland', 'sop800557', NULL, 0, 0, 0, NULL, NULL, NULL),
(355, 'st mary''s national school', 'enniskeane', '', '', 'cork', 'cork', 'ireland', '', NULL, 0, 0, 0, NULL, NULL, NULL),
(356, 'st mary''s orthopaedic hospital', '', '', '', 'gurranabraher', 'cork', 'ireland', '', NULL, 0, 0, 0, NULL, NULL, NULL),
(357, 'piermount house', 'pool road', '', 'meenmore', 'dungloe', 'donegal', 'ireland', '', NULL, 0, 0, 0, NULL, NULL, NULL),
(358, 'st mary''s secondary school', 'thomas david', '', '', 'birr', 'offaly', 'ireland', '', NULL, 0, 0, 0, NULL, NULL, NULL),
(359, 'st mary''s special school', 'johnstown', '', '', 'navan', 'meath', 'ireland', 's0097', NULL, 0, 0, 0, NULL, NULL, NULL),
(360, 'st mc cartans n.s.', '', '', '', 'bundorn', 'donegal', 'ireland', '', NULL, 0, 0, 0, NULL, NULL, NULL),
(361, 'st michael''s house', 'the beeches', 'donoughmede', '', 'dublin 13', 'dublin', 'ireland', '', NULL, 0, 0, 0, NULL, NULL, NULL),
(362, 'st michael''s school', '', '', '', 'tipperary', 'tipperary', 'ireland', '9368', NULL, 0, 0, 0, NULL, NULL, NULL),
(363, 'st olaf''s national school', 'balally drive', 'dundrum', '', 'dublin 14', 'dublin', 'ireland', '', NULL, 0, 0, 0, NULL, NULL, NULL),
(364, 'st oliver plunkett hospital', 'service for the older people', 'dublin road', '', 'dundalk', 'louth', 'ireland', '', NULL, 0, 0, 0, NULL, NULL, NULL),
(365, 'st oliver plunkett national school', '', '', '', 'navan', 'meath', 'ireland', '', NULL, 0, 0, 0, NULL, NULL, NULL),
(366, 'st oliver''s school', '', '', '', 'ballyvolane', 'cork', 'ireland', '', NULL, 0, 0, 0, NULL, NULL, NULL),
(367, 'st patrick national school', 'st patrick national school', 'killtormer', '', 'ballinasloe', 'galway', 'ireland', '', NULL, 0, 0, 0, NULL, NULL, NULL),
(368, 'st patrick''s community hospital', '', '', '', 'fermoy', 'cork', 'ireland', '800072, 242', NULL, 0, 0, 0, NULL, NULL, NULL),
(369, 'st patricks girls n.s.', 'hollypark', 'foxrock avenue', 'foxrock', 'dublin 18', 'dublin', 'ireland', '', NULL, 0, 0, 0, NULL, NULL, NULL),
(370, 'st patrick''s hospital', '', '', '', 'cashel', 'tipperary', 'ireland', '', NULL, 0, 0, 0, NULL, NULL, NULL),
(371, 'st patricks junior school', 'pierce road', '', '', 'enniscorthy', 'wexford', 'ireland', '', NULL, 0, 0, 0, NULL, NULL, NULL),
(372, 'st patricks lurgybrack national school', '', '', '', 'letterkenny', 'donegal', 'ireland', 'l0003', NULL, 0, 0, 0, NULL, NULL, NULL),
(373, 'st patricks n.s.', 'churtlestown', '', '', 'enniskerry', 'wicklow', 'ireland', '800367', NULL, 0, 0, 0, NULL, NULL, NULL),
(374, 'st patricks special school', '', '', '', 'enniscorthy', 'wexford', 'ireland', '', NULL, 0, 0, 0, NULL, NULL, NULL),
(375, 'st pauls school', 'bonnington', '', '', 'montenotte', 'cork', 'ireland', '', NULL, 0, 0, 0, NULL, NULL, NULL),
(376, 'st peter''s infant school', 'castlepark', '', '', 'arklow', 'wicklow', 'ireland', '', NULL, 0, 0, 0, NULL, NULL, NULL),
(377, 'st philomena''s national school', '', 'ravenswell', '', 'bray', 'wicklow', 'ireland', '', NULL, 0, 0, 0, NULL, NULL, NULL),
(378, 'st raphael''s hospital', 'oakvale', '', '', 'youghal', 'cork', 'ireland', '', NULL, 0, 0, 0, NULL, NULL, NULL),
(379, 'st rita''s respite', 'thomas street', '', '', 'clonmel', 'tipperary', 'ireland', 'b0003', NULL, 0, 0, 0, NULL, NULL, NULL);
INSERT INTO `company` (`companyid`, `name`, `address_line1`, `address_line2`, `address_line3`, `address_line4`, `county`, `country`, `sage_id`, `sector`, `lead`, `hide`, `project`, `projectid`, `last_contacted`, `creation_date`) VALUES
(380, 'st senna national school', '', '', '', 'kilrush', 'clare', 'ireland', '', NULL, 0, 0, 0, NULL, NULL, NULL),
(381, 'st vincent''s boy''s school', 'north william street', '', '', 'dublin 1', 'dublin', 'ireland', '', NULL, 0, 0, 0, NULL, NULL, NULL),
(382, 'st vincent''s centre', 'st mary''s rd', '', '', 'cork city', 'cork', 'ireland', 'inv 9187', NULL, 0, 0, 0, NULL, NULL, NULL),
(383, 'st vincents'' daughters of charity', 'the orchard', 'navan road', '', 'dublin 22', 'dublin', 'ireland', '', NULL, 0, 0, 0, NULL, NULL, NULL),
(384, 'st vincent''s hospital', 'st theresa''s', '', '', 'mountmellick', 'laois', 'ireland', '', NULL, 0, 0, 0, NULL, NULL, NULL),
(385, 'stewart''s home care', '28 kilcronan crescent', '', '', 'clondalkin', 'dublin', 'ireland', '', NULL, 0, 0, 0, NULL, NULL, NULL),
(386, 'stewart''s hospital', 'bungalow 12', '', '', 'palmerstown', 'dublin', 'ireland', '', NULL, 0, 0, 0, NULL, NULL, NULL),
(387, 'stewarts training and resouce centre', 'balgaddy', '', '', 'lucan', 'dublin', 'ireland', '', NULL, 0, 0, 0, NULL, NULL, NULL),
(388, 'straffan national school', '', '', '', 'straffan', 'kildare', 'ireland', '', NULL, 0, 0, 0, NULL, NULL, NULL),
(389, 'summerhill house', '', '', '', 'enniscorthy', 'wexford', 'ireland', '', NULL, 0, 0, 0, NULL, NULL, NULL),
(390, 'suzanne''s house', '6 main road', 'tallaght', 'd24', 'tallaght', 'dublin', 'ireland', '110388', NULL, 0, 0, 0, NULL, NULL, NULL),
(391, 'teach alter nursing home', '', '', '', 'newmarket', 'cork', 'ireland', 't0020', NULL, 0, 0, 0, NULL, NULL, NULL),
(392, 'the derg centre day care', 'gortlandroe', '', '', 'nenagh', 'tipperary', 'ireland', '', NULL, 0, 0, 0, NULL, NULL, NULL),
(393, 'the martin trust', '48 ballyclare road', '', '', 'newtownabbey', 'antrim', 'ireland', '', NULL, 0, 0, 0, NULL, NULL, NULL),
(394, 'thurles institute of technology', '', '', '', 'thurles', 'tipperary', 'ireland', '', NULL, 0, 0, 0, NULL, NULL, NULL),
(395, 'thurles leisure centre', '', '', '', 'thurles', 'tipperary', 'ireland', 't0034', NULL, 0, 0, 0, NULL, NULL, NULL),
(396, 'togher boys school', 'togher', '', '', 'cork', 'cork', 'ireland', '', NULL, 0, 0, 0, NULL, NULL, NULL),
(397, 'university of limerick', '', '', '', 'limerick city', 'limerick', 'ireland', '', NULL, 0, 0, 0, NULL, NULL, NULL),
(398, 'ursline secondary school', '', '', '', 'blackrock', 'cork', 'ireland', '', NULL, 0, 0, 0, NULL, NULL, NULL),
(399, 'ursuline national school', '', '', '', 'waterford', 'waterford', 'ireland', '', NULL, 0, 0, 0, NULL, NULL, NULL),
(400, 'val nolan', 'monashennach', 'ardagh', '', 'limerick', 'limerick', 'ireland', '800670', NULL, 0, 0, 0, NULL, NULL, NULL),
(401, 'vec school', 'high rd,', 'ballyraine national school', '', 'letterkenny', 'donegal', 'ireland', '', NULL, 0, 0, 0, NULL, NULL, NULL),
(402, 'vicarstown national school', 'vicarstown', '', '', 'blarney', 'cork', 'ireland', '', NULL, 0, 0, 0, NULL, NULL, NULL),
(403, 'virginia care centre', 'dublin road', '', '', 'virginia', 'cavan', 'ireland', '', NULL, 0, 0, 0, NULL, NULL, NULL),
(404, 'waterford insitute for technology', 'nurse education building', 'cork road', '', 'waterford', 'waterford', 'ireland', '', NULL, 0, 0, 0, NULL, NULL, NULL),
(405, 'westmeath county council', '', 'halting site beside', 'st. mary''s hospital', 'mullingar', 'westmeath', 'ireland', '', NULL, 0, 0, 0, NULL, NULL, NULL),
(406, 'wexford county council', 'county hall', 'house at coolcotts', '', 'coolcotts', 'wexford', 'ireland', '', NULL, 0, 0, 0, NULL, NULL, NULL),
(407, 'wexford general hospital', '', '', '', 'wexford', 'wexford', 'ireland', '', NULL, 0, 0, 0, NULL, NULL, NULL),
(408, 'whitfield clinic', 'butlerstown north', 'cork road', '', 'waterford', 'waterford', 'ireland', '700448', NULL, 0, 0, 0, NULL, NULL, NULL),
(409, 'woodlands national school', '', '', '', 'letterkenny', 'donegal', 'ireland', 'w0003', NULL, 0, 0, 0, NULL, NULL, NULL),
(410, 'youghal community hospital', '', '', '', 'youghal', 'cork', 'ireland', '', NULL, 0, 0, 0, NULL, NULL, NULL),
(411, 'st mary''s hospital - mullingar', 'home for the elderly', 'ballyglass road', 'brosna unit', 'mullingar', 'westmeath', 'ireland', '', NULL, 0, 0, 0, NULL, NULL, NULL),
(412, 'st mary''s hospital - navan', 'adult intellectural disabiltiy services', 'beechmount home park', '', 'navan', 'meath', 'ireland', '', NULL, 0, 0, 0, NULL, NULL, NULL),
(414, 'rtyu', 'u', 'u', '', '', 'iu', 'ireland', 'i08', 'io', 0, 0, 0, NULL, NULL, NULL),
(415, 'example company', '1', '1', '', '', '1', 'ireland', '1', '11', 0, 1, 0, NULL, NULL, NULL),
(416, 'wafesd', 'qwe', 'qwe', '', '', 'edrf', 'ireland', 'sdf', 'health', 0, 0, 0, NULL, '2017-04-01', NULL),
(417, 'jimmy', 'moon', 'moon', '', '', 'cork', 'ireland', '123', 'construction', 1, 0, 0, NULL, NULL, '2016-08-09'),
(418, 'enable', '12', '12', '', '', 'cork', 'ireland', '234', '234', 1, 0, 0, NULL, NULL, '2016-08-06'),
(419, 'architecht1', 'carrig', 'carrig', '', '', 'cork', 'ireland', '1', 'construction', 0, 0, 0, NULL, NULL, '2016-07-12'),
(421, 'curran construction', '123', '123', '', 'cork', 'cork', 'ireland', NULL, 'construction', 1, 0, 0, NULL, NULL, '2016-07-05'),
(422, 'curran construction', '123', '123', '', 'cork', 'cork', 'ireland', NULL, 'construction', 1, 0, 0, NULL, NULL, '2016-08-08'),
(423, 'curran construction', '123', '123', '', 'cork', 'cork', 'ireland', NULL, 'construction', 1, 0, 0, NULL, NULL, '2016-06-15'),
(424, 'syrutdixe96r7d05f86-', 'u', 'u', '', 'jui', 'clare', 'ireland', NULL, 'school', 1, 0, 0, NULL, NULL, '2016-08-09'),
(425, 'syrutdixe96r7d05f86-', 'u', 'u', '', 'jui', 'clare', 'ireland', NULL, 'school', 1, 0, 0, NULL, NULL, '2016-07-07'),
(426, 'syrutdixe96r7d05f86-', 'u', 'u', '', 'jui', 'clare', 'ireland', NULL, 'school', 1, 0, 0, NULL, NULL, '2016-05-18'),
(427, 'clancey construction', '12', '12', '', 'tipperary', 'tipperary', 'ireland', NULL, 'construction', 0, 0, 0, NULL, '2017-12-18', '2016-08-12'),
(428, 'clancey construction', '12', '12', '', 'tipperary', 'tipperary', 'ireland', NULL, 'construction', 0, 0, 0, NULL, NULL, '2016-05-16'),
(429, 'clancey construction', '12', '12', '', 'tipperary', 'tipperary', 'ireland', NULL, 'construction', 1, 0, 0, NULL, NULL, '2016-07-13'),
(430, 'clancey construction', '12', '12', '', 'tipperary', 'tipperary', 'ireland', NULL, 'construction', 1, 0, 0, NULL, NULL, '2016-08-26'),
(431, 'clancey construction', '12', '12', '', 'tipperary', 'tipperary', 'ireland', NULL, 'construction', 1, 0, 0, NULL, NULL, '2016-07-13'),
(432, 'clancey construction', '12', '12', '', 'tipperary', 'tipperary', 'ireland', NULL, 'construction', 1, 0, 0, NULL, NULL, '2016-06-08'),
(433, 'clancey construction', '12', '12', '', 'tipperary', 'tipperary', 'ireland', NULL, 'construction', 1, 0, 0, NULL, NULL, '2016-08-07'),
(434, 'clancey construction', '12', '12', '', 'tipperary', 'tipperary', 'ireland', NULL, 'construction', 1, 0, 0, NULL, NULL, '2016-08-11'),
(435, 'clancey construction', '12', '12', '', 'tipperary', 'tipperary', 'ireland', NULL, 'construction', 1, 0, 0, NULL, NULL, '2016-08-13'),
(436, 'clancey construction', '12', 'business park', '', 'tipperary town', 'tipperary', 'ireland', '', 'construction', 1, 0, 0, NULL, NULL, '2016-06-07'),
(438, 'curran construction', '3', '3', '', 'crosshaven', 'cork', 'ireland', '', 'construction', 1, 0, 0, NULL, '2017-05-04', '2016-07-21'),
(442, '12345', 'peamount hospital', 'newcastle', '', 'dublin 6', 'dublin', 'ireland', NULL, NULL, 0, 0, 0, 9, NULL, NULL),
(443, 'fake lead', 'unit 3', 'unit 3', '', 'carrigaline', 'cork', 'ireland', '', 'construction', 0, 0, 0, NULL, NULL, '2016-06-29'),
(444, '777777777', 'carrigaline nursing home', 'main street', '', 'carrigaline', 'cork', 'ireland', NULL, NULL, 0, 0, 0, 10, '2016-09-05', NULL),
(445, 'h', 'h', 'h', 'hrw', 'hr', 'down', 'ireland', NULL, 'nursing home', 1, 0, 0, NULL, NULL, '2016-08-03'),
(446, 'bfzdbf', 'bfdfb', 'bfdfb', '', 'ngsrnt', 'armagh', 'ireland', NULL, 'construction', 1, 0, 0, NULL, NULL, '2016-08-01'),
(447, 'bfzdbf', 'bfdfb', 'bfdfb', '', 'ngsrnt', 'armagh', 'ireland', NULL, 'construction', 1, 0, 0, NULL, NULL, '2016-08-01'),
(448, 'bfzdbf', 'bfdfb', 'bfdfb', '', 'ngsrnt', 'armagh', 'ireland', NULL, 'construction', 1, 0, 0, NULL, NULL, '2016-06-08'),
(449, 'daraglynn', 'j', 'j', '', 'tallow', 'carlow', 'ireland', NULL, 'architect', 0, 0, 0, NULL, NULL, '2016-06-06'),
(450, '0876143399', 'main street', 'douglas village', '', 'douglas', 'carlow', 'ireland', NULL, NULL, 0, 0, 0, 12, '2017-05-22', NULL),
(451, 'tru colour paints', '9 kilnagleary bus pk', '9 kilnagleary bus pk', '', 'carrigaline', 'cork', 'ireland', '', 'construction', 0, 0, 0, NULL, '2016-08-30', NULL),
(452, 'aef', 'awef', 'awef', '', 'aw', '', 'ireland', '', 'aw', 0, 1, 0, NULL, '2018-01-05', NULL),
(453, 'efe', 'wef', 'wef', '', 'wef', '', 'ireland', '', 'qweff', 0, 0, 0, NULL, NULL, NULL),
(454, 's', 's', 's', '', 's', '', 'ireland', '', 's', 1, 0, 0, NULL, NULL, NULL),
(455, 's', 's', 's', '', 's', 's', 'ireland', '', 's', 1, 0, 0, NULL, NULL, NULL),
(456, 'a', 'a', 'a', '', 'a', 'a', 'ireland', '', 'a', 1, 0, 0, NULL, NULL, NULL),
(457, 'fake', 'fake', 'fake', 'fake', 'fake', 'fake', 'ireland', 'fake', 'fake', 1, 0, 0, NULL, NULL, NULL),
(458, 'fake', 'fake', 'fake', 'fake', 'fake', 'kilkenny', 'ireland', '', 'fake', 0, 0, 0, NULL, NULL, NULL),
(459, 'fake', 'fake', 'fake', 'fake', 'fake', 'antrim', 'ireland', NULL, NULL, 0, 0, 0, 20, '2017-05-22', NULL),
(460, 'fake company', 'fake', 'fake', 'fake', 'fake', 'kildare', 'ireland', '', 'f', 0, 0, 0, NULL, NULL, NULL),
(461, 'fake company lead', 'lead', 'lead', '', 'lead', 'laois', 'ireland', '', '24', 1, 0, 0, NULL, NULL, NULL),
(462, 'testing', '1', '1', '3', '4', 'longford', 'ireland', '', '1', 1, 0, 0, NULL, NULL, '2018-01-03');

-- --------------------------------------------------------

--
-- Table structure for table `company_activity`
--

DROP TABLE IF EXISTS `company_activity`;
CREATE TABLE IF NOT EXISTS `company_activity` (
  `companyid` int(10) NOT NULL,
  `activityid` int(10) NOT NULL,
  KEY `companyid` (`companyid`),
  KEY `activityid` (`activityid`)
) ENGINE=InnoDB DEFAULT CHARSET=latin1;

--
-- Dumping data for table `company_activity`
--

INSERT INTO `company_activity` (`companyid`, `activityid`) VALUES
(11, 23),
(11, 24),
(11, 25),
(416, 36),
(2, 37),
(416, 38),
(416, 39),
(416, 40),
(416, 41),
(416, 42),
(416, 43),
(416, 44),
(416, 45),
(417, 47),
(417, 48),
(417, 49),
(418, 50),
(418, 51),
(418, 52),
(419, 53),
(2, 55),
(11, 56),
(7, 63),
(4, 64),
(4, 66),
(4, 67),
(7, 68),
(13, 69),
(13, 74),
(6, 75),
(15, 76),
(25, 77),
(64, 78),
(64, 78),
(64, 78),
(64, 78),
(13, 79),
(13, 79),
(85, 80),
(251, 81),
(27, 81),
(33, 82),
(36, 83),
(52, 84),
(52, 85),
(13, 86),
(13, 96),
(4, 97),
(4, 98),
(418, 99),
(12, 100),
(11, 101),
(13, 112),
(13, 113),
(13, 114),
(13, 115),
(13, 116),
(1, 117),
(14, 118),
(8, 128),
(1, 136),
(11, 138),
(11, 139),
(11, 140),
(11, 141),
(25, 147),
(25, 159),
(25, 160),
(25, 161),
(25, 162),
(25, 163),
(8, 190),
(444, 192),
(451, 208),
(451, 209),
(451, 210),
(451, 211),
(444, 212),
(116, 215),
(438, 216),
(2, 218),
(2, 219),
(452, 227),
(2, 228),
(2, 229),
(11, 234),
(12, 237),
(1, 238),
(2, 239),
(1, 242),
(1, 243),
(9, 251),
(450, 296),
(450, 306),
(3, 307),
(337, 351),
(113, 352),
(155, 354),
(2, 355),
(452, 359),
(452, 362),
(452, 364);

-- --------------------------------------------------------

--
-- Table structure for table `company_requires`
--

DROP TABLE IF EXISTS `company_requires`;
CREATE TABLE IF NOT EXISTS `company_requires` (
  `companyid` int(10) NOT NULL,
  `jobid` int(10) NOT NULL,
  KEY `companyid` (`companyid`),
  KEY `jobid` (`jobid`)
) ENGINE=InnoDB DEFAULT CHARSET=latin1;

--
-- Dumping data for table `company_requires`
--

INSERT INTO `company_requires` (`companyid`, `jobid`) VALUES
(1, 282),
(2, 283),
(3, 284),
(4, 285),
(5, 286),
(6, 287),
(6, 288),
(6, 289),
(6, 290),
(6, 291),
(6, 292),
(6, 293),
(6, 294),
(6, 295),
(7, 296),
(8, 297),
(9, 298),
(10, 299),
(10, 300),
(10, 301),
(10, 302),
(10, 303),
(11, 304),
(11, 305),
(12, 306),
(13, 307),
(13, 308),
(14, 309),
(15, 310),
(16, 311),
(16, 312),
(16, 313),
(16, 314),
(16, 315),
(16, 316),
(16, 317),
(16, 318),
(16, 319),
(16, 320),
(16, 321),
(16, 322),
(16, 323),
(16, 324),
(16, 325),
(16, 326),
(16, 327),
(16, 328),
(16, 329),
(16, 330),
(16, 331),
(16, 332),
(16, 333),
(16, 334),
(16, 335),
(16, 336),
(16, 337),
(16, 338),
(16, 339),
(16, 340),
(16, 341),
(16, 342),
(16, 343),
(16, 344),
(16, 345),
(16, 346),
(16, 347),
(16, 348),
(16, 349),
(16, 350),
(16, 351),
(16, 352),
(16, 353),
(16, 354),
(16, 355),
(16, 356),
(16, 357),
(16, 358),
(16, 359),
(16, 360),
(16, 361),
(17, 362),
(18, 363),
(19, 364),
(19, 365),
(19, 366),
(19, 367),
(19, 368),
(19, 369),
(19, 370),
(19, 371),
(19, 372),
(19, 373),
(19, 374),
(19, 375),
(19, 376),
(19, 377),
(19, 378),
(19, 379),
(19, 380),
(19, 381),
(19, 382),
(19, 383),
(19, 384),
(19, 385),
(19, 386),
(19, 387),
(19, 388),
(19, 389),
(19, 390),
(19, 391),
(19, 392),
(19, 393),
(20, 394),
(20, 395),
(21, 396),
(21, 397),
(22, 398),
(22, 399),
(22, 400),
(23, 401),
(24, 402),
(24, 403),
(25, 404),
(25, 405),
(26, 406),
(27, 407),
(28, 408),
(28, 409),
(28, 410),
(29, 411),
(29, 412),
(29, 413),
(29, 414),
(29, 415),
(29, 416),
(29, 417),
(29, 418),
(29, 419),
(30, 420),
(31, 421),
(32, 422),
(33, 423),
(33, 424),
(34, 425),
(34, 426),
(35, 427),
(35, 428),
(36, 429),
(36, 430),
(36, 431),
(36, 432),
(36, 433),
(37, 434),
(38, 435),
(38, 436),
(38, 437),
(38, 438),
(38, 439),
(39, 440),
(39, 441),
(39, 442),
(39, 443),
(40, 444),
(40, 445),
(40, 446),
(41, 447),
(42, 448),
(43, 449),
(44, 450),
(44, 451),
(44, 452),
(44, 453),
(44, 454),
(44, 455),
(45, 456),
(45, 457),
(46, 458),
(46, 459),
(46, 460),
(46, 461),
(46, 462),
(46, 463),
(47, 464),
(48, 465),
(48, 466),
(48, 467),
(48, 468),
(48, 469),
(48, 470),
(48, 471),
(48, 472),
(48, 473),
(48, 474),
(49, 475),
(50, 476),
(51, 477),
(51, 478),
(52, 479),
(53, 480),
(53, 481),
(53, 482),
(53, 483),
(53, 484),
(53, 485),
(53, 486),
(53, 487),
(53, 488),
(53, 489),
(53, 490),
(53, 491),
(53, 492),
(53, 493),
(53, 494),
(53, 495),
(53, 496),
(53, 497),
(53, 498),
(53, 499),
(53, 500),
(53, 501),
(53, 502),
(53, 503),
(53, 504),
(53, 505),
(53, 506),
(53, 507),
(53, 508),
(53, 509),
(54, 510),
(54, 511),
(54, 512),
(54, 513),
(54, 514),
(54, 515),
(54, 516),
(54, 517),
(54, 518),
(54, 519),
(55, 520),
(56, 521),
(57, 522),
(58, 523),
(59, 524),
(59, 525),
(60, 526),
(61, 527),
(62, 528),
(63, 529),
(63, 530),
(63, 531),
(64, 532),
(65, 533),
(65, 534),
(66, 535),
(67, 536),
(67, 537),
(68, 538),
(69, 539),
(69, 540),
(69, 541),
(70, 542),
(70, 543),
(70, 544),
(71, 545),
(72, 546),
(72, 547),
(72, 548),
(73, 549),
(73, 550),
(74, 551),
(74, 552),
(75, 553),
(76, 554),
(77, 555),
(77, 556),
(77, 557),
(78, 558),
(79, 559),
(80, 560),
(80, 561),
(81, 562),
(82, 563),
(83, 564),
(83, 565),
(83, 566),
(83, 567),
(83, 568),
(83, 569),
(83, 570),
(83, 571),
(83, 572),
(83, 573),
(83, 574),
(83, 575),
(83, 576),
(83, 577),
(83, 578),
(83, 579),
(83, 580),
(83, 581),
(83, 582),
(83, 583),
(83, 584),
(83, 585),
(83, 586),
(83, 587),
(83, 588),
(83, 589),
(83, 590),
(83, 591),
(83, 592),
(83, 593),
(83, 594),
(83, 595),
(84, 596),
(85, 597),
(86, 598),
(86, 599),
(86, 600),
(87, 601),
(87, 602),
(88, 603),
(89, 604),
(90, 605),
(90, 606),
(90, 607),
(90, 608),
(90, 609),
(90, 610),
(90, 611),
(90, 612),
(90, 613),
(90, 614),
(90, 615),
(90, 616),
(90, 617),
(90, 618),
(90, 619),
(90, 620),
(90, 621),
(90, 622),
(90, 623),
(90, 624),
(90, 625),
(90, 626),
(90, 627),
(90, 628),
(90, 629),
(90, 630),
(90, 631),
(90, 632),
(90, 633),
(90, 634),
(90, 635),
(90, 636),
(90, 637),
(90, 638),
(90, 639),
(90, 640),
(90, 641),
(90, 642),
(90, 643),
(90, 644),
(90, 645),
(90, 646),
(90, 647),
(90, 648),
(90, 649),
(90, 650),
(90, 651),
(90, 652),
(90, 653),
(90, 654),
(90, 655),
(90, 656),
(90, 657),
(90, 658),
(90, 659),
(90, 660),
(90, 661),
(90, 662),
(90, 663),
(90, 664),
(90, 665),
(90, 666),
(90, 667),
(90, 668),
(90, 669),
(90, 670),
(90, 671),
(90, 672),
(90, 673),
(90, 674),
(90, 675),
(90, 676),
(90, 677),
(90, 678),
(90, 679),
(90, 680),
(90, 681),
(90, 682),
(90, 683),
(90, 684),
(90, 685),
(90, 686),
(90, 687),
(90, 688),
(90, 689),
(90, 690),
(90, 691),
(90, 692),
(90, 693),
(90, 694),
(91, 695),
(91, 696),
(91, 697),
(91, 698),
(92, 699),
(92, 700),
(93, 701),
(93, 702),
(93, 703),
(93, 704),
(93, 705),
(93, 706),
(93, 707),
(93, 708),
(93, 709),
(93, 710),
(93, 711),
(93, 712),
(93, 713),
(93, 714),
(93, 715),
(93, 716),
(93, 717),
(93, 718),
(93, 719),
(93, 720),
(93, 721),
(94, 722),
(95, 723),
(96, 724),
(97, 725),
(98, 726),
(99, 727),
(100, 728),
(101, 729),
(102, 730),
(102, 731),
(103, 732),
(103, 733),
(103, 734),
(103, 735),
(104, 736),
(105, 737),
(106, 738),
(107, 739),
(107, 740),
(108, 741),
(108, 742),
(108, 743),
(109, 744),
(109, 745),
(109, 746),
(109, 747),
(110, 748),
(111, 749),
(112, 750),
(113, 751),
(114, 752),
(115, 753),
(115, 754),
(115, 755),
(115, 756),
(115, 757),
(115, 758),
(115, 759),
(115, 760),
(115, 761),
(115, 762),
(115, 763),
(115, 764),
(115, 765),
(115, 766),
(115, 767),
(115, 768),
(115, 769),
(115, 770),
(115, 771),
(115, 772),
(115, 773),
(116, 774),
(116, 775),
(116, 776),
(116, 777),
(117, 778),
(118, 779),
(118, 780),
(119, 781),
(119, 782),
(119, 783),
(119, 784),
(119, 785),
(119, 786),
(120, 787),
(121, 788),
(122, 789),
(122, 790),
(123, 791),
(124, 792),
(124, 793),
(124, 794),
(125, 795),
(126, 796),
(126, 797),
(127, 798),
(128, 799),
(128, 800),
(129, 801),
(129, 802),
(130, 803),
(130, 804),
(130, 805),
(130, 806),
(130, 807),
(130, 808),
(130, 809),
(131, 810),
(132, 811),
(132, 812),
(132, 813),
(133, 814),
(134, 815),
(134, 816),
(134, 817),
(134, 818),
(134, 819),
(134, 820),
(134, 821),
(134, 822),
(134, 823),
(134, 824),
(134, 825),
(134, 826),
(134, 827),
(134, 828),
(134, 829),
(135, 830),
(135, 831),
(136, 832),
(137, 833),
(137, 834),
(138, 835),
(138, 836),
(138, 837),
(138, 838),
(138, 839),
(139, 840),
(139, 841),
(139, 842),
(139, 843),
(139, 844),
(140, 845),
(141, 846),
(142, 847),
(142, 848),
(142, 849),
(143, 850),
(143, 851),
(144, 852),
(145, 853),
(146, 854),
(147, 855),
(148, 856),
(149, 857),
(149, 858),
(149, 859),
(149, 860),
(149, 861),
(149, 862),
(149, 863),
(149, 864),
(149, 865),
(149, 866),
(149, 867),
(149, 868),
(149, 869),
(149, 870),
(149, 871),
(149, 872),
(149, 873),
(149, 874),
(149, 875),
(149, 876),
(149, 877),
(150, 878),
(150, 879),
(151, 880),
(152, 881),
(153, 882),
(154, 883),
(155, 884),
(156, 885),
(156, 886),
(156, 887),
(157, 888),
(158, 889),
(159, 890),
(160, 891),
(160, 892),
(161, 893),
(162, 894),
(163, 895),
(163, 896),
(164, 897),
(165, 898),
(166, 899),
(166, 900),
(166, 901),
(166, 902),
(166, 903),
(166, 904),
(166, 905),
(166, 906),
(166, 907),
(166, 908),
(166, 909),
(166, 910),
(166, 911),
(166, 912),
(166, 913),
(166, 914),
(166, 915),
(166, 916),
(166, 917),
(166, 918),
(166, 919),
(166, 920),
(166, 921),
(166, 922),
(166, 923),
(166, 924),
(166, 925),
(166, 926),
(166, 927),
(166, 928),
(166, 929),
(166, 930),
(166, 931),
(166, 932),
(166, 933),
(166, 934),
(166, 935),
(166, 936),
(166, 937),
(166, 938),
(166, 939),
(166, 940),
(166, 941),
(166, 942),
(166, 943),
(166, 944),
(167, 945),
(168, 946),
(169, 947),
(170, 948),
(171, 949),
(171, 950),
(172, 951),
(173, 952),
(173, 953),
(174, 954),
(174, 955),
(175, 956),
(176, 957),
(176, 958),
(176, 959),
(176, 960),
(176, 961),
(176, 962),
(176, 963),
(176, 964),
(176, 965),
(176, 966),
(176, 967),
(176, 968),
(176, 969),
(176, 970),
(176, 971),
(176, 972),
(176, 973),
(176, 974),
(176, 975),
(176, 976),
(176, 977),
(176, 978),
(176, 979),
(176, 980),
(176, 981),
(176, 982),
(176, 983),
(176, 984),
(176, 985),
(176, 986),
(176, 987),
(176, 988),
(176, 989),
(176, 990),
(176, 991),
(176, 992),
(176, 993),
(176, 994),
(176, 995),
(176, 996),
(176, 997),
(176, 998),
(176, 999),
(176, 1000),
(176, 1001),
(176, 1002),
(176, 1003),
(177, 1004),
(178, 1005),
(179, 1006),
(180, 1007),
(181, 1008),
(182, 1009),
(183, 1010),
(184, 1011),
(184, 1012),
(184, 1013),
(184, 1014),
(184, 1015),
(184, 1016),
(184, 1017),
(184, 1018),
(185, 1019),
(186, 1020),
(187, 1021),
(187, 1022),
(187, 1023),
(187, 1024),
(187, 1025),
(188, 1026),
(188, 1027),
(188, 1028),
(188, 1029),
(188, 1030),
(188, 1031),
(189, 1032),
(189, 1033),
(189, 1034),
(189, 1035),
(189, 1036),
(189, 1037),
(189, 1038),
(189, 1039),
(189, 1040),
(189, 1041),
(189, 1042),
(189, 1043),
(189, 1044),
(189, 1045),
(189, 1046),
(189, 1047),
(189, 1048),
(189, 1049),
(189, 1050),
(189, 1051),
(189, 1052),
(189, 1053),
(189, 1054),
(189, 1055),
(189, 1056),
(189, 1057),
(189, 1058),
(189, 1059),
(189, 1060),
(189, 1061),
(189, 1062),
(189, 1063),
(189, 1064),
(189, 1065),
(189, 1066),
(189, 1067),
(189, 1068),
(189, 1069),
(189, 1070),
(189, 1071),
(189, 1072),
(189, 1073),
(189, 1074),
(189, 1075),
(189, 1076),
(189, 1077),
(189, 1078),
(189, 1079),
(189, 1080),
(189, 1081),
(190, 1082),
(191, 1083),
(191, 1084),
(192, 1085),
(193, 1086),
(194, 1087),
(195, 1088),
(195, 1089),
(195, 1090),
(196, 1091),
(197, 1092),
(198, 1093),
(198, 1094),
(198, 1095),
(198, 1096),
(198, 1097),
(198, 1098),
(198, 1099),
(198, 1100),
(198, 1101),
(198, 1102),
(199, 1103),
(199, 1104),
(200, 1105),
(200, 1106),
(201, 1107),
(202, 1108),
(202, 1109),
(203, 1110),
(204, 1111),
(204, 1112),
(204, 1113),
(204, 1114),
(204, 1115),
(205, 1116),
(206, 1117),
(206, 1118),
(207, 1119),
(208, 1120),
(208, 1121),
(209, 1122),
(209, 1123),
(210, 1124),
(211, 1125),
(212, 1126),
(212, 1127),
(213, 1128),
(213, 1129),
(213, 1130),
(213, 1131),
(213, 1132),
(213, 1133),
(213, 1134),
(213, 1135),
(213, 1136),
(213, 1137),
(213, 1138),
(213, 1139),
(213, 1140),
(213, 1141),
(213, 1142),
(213, 1143),
(213, 1144),
(213, 1145),
(213, 1146),
(213, 1147),
(213, 1148),
(213, 1149),
(213, 1150),
(213, 1151),
(213, 1152),
(213, 1153),
(213, 1154),
(213, 1155),
(213, 1156),
(213, 1157),
(213, 1158),
(213, 1159),
(213, 1160),
(213, 1161),
(213, 1162),
(213, 1163),
(213, 1164),
(213, 1165),
(213, 1166),
(213, 1167),
(213, 1168),
(213, 1169),
(213, 1170),
(213, 1171),
(213, 1172),
(213, 1173),
(213, 1174),
(213, 1175),
(213, 1176),
(213, 1177),
(213, 1178),
(213, 1179),
(213, 1180),
(213, 1181),
(213, 1182),
(213, 1183),
(213, 1184),
(213, 1185),
(213, 1186),
(213, 1187),
(213, 1188),
(213, 1189),
(213, 1190),
(213, 1191),
(213, 1192),
(213, 1193),
(213, 1194),
(213, 1195),
(213, 1196),
(213, 1197),
(213, 1198),
(213, 1199),
(213, 1200),
(213, 1201),
(213, 1202),
(213, 1203),
(213, 1204),
(213, 1205),
(213, 1206),
(213, 1207),
(213, 1208),
(213, 1209),
(213, 1210),
(213, 1211),
(213, 1212),
(213, 1213),
(213, 1214),
(213, 1215),
(213, 1216),
(213, 1217),
(213, 1218),
(213, 1219),
(213, 1220),
(213, 1221),
(213, 1222),
(213, 1223),
(213, 1224),
(213, 1225),
(213, 1226),
(213, 1227),
(213, 1228),
(214, 1229),
(215, 1230),
(216, 1231),
(216, 1232),
(216, 1233),
(216, 1234),
(216, 1235),
(216, 1236),
(216, 1237),
(216, 1238),
(216, 1239),
(217, 1240),
(218, 1241),
(219, 1242),
(219, 1243),
(219, 1244),
(219, 1245),
(219, 1246),
(219, 1247),
(219, 1248),
(219, 1249),
(219, 1250),
(219, 1251),
(219, 1252),
(219, 1253),
(220, 1254),
(221, 1255),
(222, 1256),
(223, 1257),
(224, 1258),
(224, 1259),
(224, 1260),
(225, 1261),
(225, 1262),
(225, 1263),
(225, 1264),
(226, 1265),
(226, 1266),
(227, 1267),
(228, 1268),
(228, 1269),
(229, 1270),
(229, 1271),
(229, 1272),
(229, 1273),
(229, 1274),
(229, 1275),
(229, 1276),
(229, 1277),
(229, 1278),
(229, 1279),
(229, 1280),
(230, 1281),
(230, 1282),
(231, 1283),
(231, 1284),
(231, 1285),
(231, 1286),
(232, 1287),
(232, 1288),
(233, 1289),
(233, 1290),
(234, 1291),
(234, 1292),
(234, 1293),
(234, 1294),
(235, 1295),
(236, 1296),
(237, 1297),
(237, 1298),
(237, 1299),
(238, 1300),
(238, 1301),
(239, 1302),
(239, 1303),
(239, 1304),
(239, 1305),
(240, 1306),
(240, 1307),
(241, 1308),
(241, 1309),
(242, 1310),
(242, 1311),
(242, 1312),
(242, 1313),
(242, 1314),
(242, 1315),
(242, 1316),
(242, 1317),
(242, 1318),
(242, 1319),
(242, 1320),
(242, 1321),
(242, 1322),
(242, 1323),
(242, 1324),
(242, 1325),
(242, 1326),
(242, 1327),
(242, 1328),
(242, 1329),
(242, 1330),
(242, 1331),
(242, 1332),
(242, 1333),
(242, 1334),
(242, 1335),
(242, 1336),
(242, 1337),
(242, 1338),
(242, 1339),
(242, 1340),
(242, 1341),
(242, 1342),
(242, 1343),
(242, 1344),
(242, 1345),
(242, 1346),
(242, 1347),
(242, 1348),
(242, 1349),
(242, 1350),
(242, 1351),
(242, 1352),
(242, 1353),
(242, 1354),
(242, 1355),
(242, 1356),
(243, 1357),
(244, 1358),
(244, 1359),
(245, 1360),
(245, 1361),
(245, 1362),
(245, 1363),
(245, 1364),
(245, 1365),
(245, 1366),
(245, 1367),
(245, 1368),
(245, 1369),
(245, 1370),
(245, 1371),
(245, 1372),
(245, 1373),
(245, 1374),
(245, 1375),
(245, 1376),
(245, 1377),
(245, 1378),
(245, 1379),
(245, 1380),
(245, 1381),
(245, 1382),
(245, 1383),
(245, 1384),
(245, 1385),
(246, 1386),
(246, 1387),
(246, 1388),
(246, 1389),
(246, 1390),
(247, 1391),
(247, 1392),
(247, 1393),
(247, 1394),
(247, 1395),
(247, 1396),
(248, 1397),
(248, 1398),
(248, 1399),
(249, 1400),
(249, 1401),
(249, 1402),
(249, 1403),
(250, 1404),
(250, 1405),
(251, 1406),
(251, 1407),
(252, 1408),
(252, 1409),
(252, 1410),
(252, 1411),
(253, 1412),
(254, 1413),
(255, 1414),
(256, 1415),
(256, 1416),
(256, 1417),
(256, 1418),
(256, 1419),
(256, 1420),
(257, 1421),
(258, 1422),
(258, 1423),
(258, 1424),
(258, 1425),
(258, 1426),
(259, 1427),
(260, 1428),
(261, 1429),
(262, 1430),
(262, 1431),
(262, 1432),
(262, 1433),
(262, 1434),
(262, 1435),
(262, 1436),
(262, 1437),
(262, 1438),
(262, 1439),
(262, 1440),
(262, 1441),
(263, 1442),
(263, 1443),
(264, 1444),
(357, 1445),
(357, 1446),
(357, 1447),
(357, 1448),
(357, 1449),
(357, 1450),
(357, 1451),
(265, 1452),
(265, 1453),
(265, 1454),
(266, 1455),
(267, 1456),
(267, 1457),
(268, 1458),
(268, 1459),
(268, 1460),
(268, 1461),
(268, 1462),
(269, 1463),
(269, 1464),
(270, 1465),
(270, 1466),
(271, 1467),
(272, 1468),
(273, 1469),
(273, 1470),
(274, 1471),
(275, 1472),
(276, 1473),
(277, 1474),
(278, 1475),
(279, 1476),
(279, 1477),
(279, 1478),
(279, 1479),
(279, 1480),
(279, 1481),
(280, 1482),
(280, 1483),
(280, 1484),
(280, 1485),
(280, 1486),
(280, 1487),
(280, 1488),
(280, 1489),
(280, 1490),
(280, 1491),
(280, 1492),
(280, 1493),
(280, 1494),
(280, 1495),
(280, 1496),
(280, 1497),
(280, 1498),
(280, 1499),
(280, 1500),
(280, 1501),
(280, 1502),
(280, 1503),
(280, 1504),
(280, 1505),
(280, 1506),
(280, 1507),
(280, 1508),
(280, 1509),
(280, 1510),
(280, 1511),
(280, 1512),
(280, 1513),
(280, 1514),
(280, 1515),
(280, 1516),
(280, 1517),
(280, 1518),
(280, 1519),
(280, 1520),
(280, 1521),
(281, 1522),
(282, 1523),
(282, 1524),
(282, 1525),
(282, 1526),
(283, 1527),
(284, 1528),
(285, 1529),
(285, 1530),
(285, 1531),
(286, 1532),
(286, 1533),
(287, 1534),
(287, 1535),
(287, 1536),
(288, 1537),
(288, 1538),
(289, 1539),
(290, 1540),
(290, 1541),
(290, 1542),
(291, 1543),
(291, 1544),
(291, 1545),
(292, 1546),
(292, 1547),
(293, 1548),
(294, 1549),
(294, 1550),
(295, 1551),
(296, 1552),
(297, 1553),
(297, 1554),
(298, 1555),
(299, 1556),
(299, 1557),
(299, 1558),
(300, 1559),
(300, 1560),
(301, 1561),
(301, 1562),
(301, 1563),
(302, 1564),
(302, 1565),
(302, 1566),
(303, 1567),
(303, 1568),
(303, 1569),
(303, 1570),
(304, 1571),
(305, 1572),
(305, 1573),
(305, 1574),
(306, 1575),
(306, 1576),
(306, 1577),
(306, 1578),
(306, 1579),
(306, 1580),
(306, 1581),
(306, 1582),
(306, 1583),
(307, 1584),
(308, 1585),
(308, 1586),
(308, 1587),
(308, 1588),
(308, 1589),
(308, 1590),
(308, 1591),
(308, 1592),
(309, 1593),
(309, 1594),
(310, 1595),
(311, 1596),
(311, 1597),
(312, 1598),
(313, 1599),
(313, 1600),
(313, 1601),
(313, 1602),
(313, 1603),
(313, 1604),
(314, 1605),
(314, 1606),
(314, 1607),
(314, 1608),
(315, 1609),
(315, 1610),
(316, 1611),
(316, 1612),
(316, 1613),
(316, 1614),
(316, 1615),
(317, 1616),
(318, 1617),
(318, 1618),
(318, 1619),
(319, 1620),
(320, 1621),
(321, 1622),
(321, 1623),
(322, 1624),
(323, 1625),
(323, 1626),
(324, 1627),
(324, 1628),
(324, 1629),
(324, 1630),
(324, 1631),
(324, 1632),
(324, 1633),
(324, 1634),
(324, 1635),
(324, 1636),
(324, 1637),
(324, 1638),
(325, 1639),
(326, 1640),
(327, 1641),
(328, 1642),
(328, 1643),
(329, 1644),
(330, 1645),
(330, 1646),
(331, 1647),
(331, 1648),
(331, 1649),
(331, 1650),
(331, 1651),
(331, 1652),
(332, 1653),
(333, 1654),
(334, 1655),
(334, 1656),
(335, 1657),
(335, 1658),
(335, 1659),
(336, 1660),
(336, 1661),
(336, 1662),
(337, 1663),
(337, 1664),
(338, 1665),
(338, 1666),
(338, 1667),
(338, 1668),
(338, 1669),
(338, 1670),
(338, 1671),
(338, 1672),
(338, 1673),
(338, 1674),
(339, 1675),
(340, 1676),
(341, 1677),
(341, 1678),
(341, 1679),
(341, 1680),
(341, 1681),
(341, 1682),
(341, 1683),
(341, 1684),
(342, 1685),
(342, 1686),
(342, 1687),
(343, 1688),
(343, 1689),
(344, 1690),
(344, 1691),
(344, 1692),
(344, 1693),
(344, 1694),
(344, 1695),
(344, 1696),
(344, 1697),
(344, 1698),
(344, 1699),
(344, 1700),
(344, 1701),
(344, 1702),
(344, 1703),
(344, 1704),
(344, 1705),
(344, 1706),
(344, 1707),
(344, 1708),
(344, 1709),
(344, 1710),
(344, 1711),
(344, 1712),
(344, 1713),
(344, 1714),
(344, 1715),
(344, 1716),
(344, 1717),
(344, 1718),
(344, 1719),
(344, 1720),
(344, 1721),
(344, 1722),
(344, 1723),
(344, 1724),
(344, 1725),
(344, 1726),
(344, 1727),
(344, 1728),
(344, 1729),
(344, 1730),
(344, 1731),
(344, 1732),
(344, 1733),
(344, 1734),
(344, 1735),
(344, 1736),
(344, 1737),
(344, 1738),
(344, 1739),
(344, 1740),
(344, 1741),
(344, 1742),
(344, 1743),
(344, 1744),
(344, 1745),
(344, 1746),
(344, 1747),
(344, 1748),
(344, 1749),
(345, 1750),
(345, 1751),
(345, 1752),
(345, 1753),
(345, 1754),
(345, 1755),
(345, 1756),
(345, 1757),
(345, 1758),
(345, 1759),
(345, 1760),
(345, 1761),
(345, 1762),
(345, 1763),
(345, 1764),
(345, 1765),
(345, 1766),
(345, 1767),
(345, 1768),
(345, 1769),
(345, 1770),
(345, 1771),
(345, 1772),
(345, 1773),
(345, 1774),
(345, 1775),
(345, 1776),
(345, 1777),
(345, 1778),
(345, 1779),
(345, 1780),
(345, 1781),
(345, 1782),
(345, 1783),
(345, 1784),
(345, 1785),
(345, 1786),
(345, 1787),
(345, 1788),
(345, 1789),
(345, 1790),
(345, 1791),
(345, 1792),
(345, 1793),
(345, 1794),
(345, 1795),
(345, 1796),
(345, 1797),
(345, 1798),
(345, 1799),
(345, 1800),
(345, 1801),
(345, 1802),
(345, 1803),
(345, 1804),
(345, 1805),
(345, 1806),
(345, 1807),
(345, 1808),
(345, 1809),
(345, 1810),
(345, 1811),
(345, 1812),
(345, 1813),
(345, 1814),
(345, 1815),
(345, 1816),
(345, 1817),
(345, 1818),
(345, 1819),
(345, 1820),
(345, 1821),
(345, 1822),
(345, 1823),
(345, 1824),
(345, 1825),
(345, 1826),
(345, 1827),
(345, 1828),
(345, 1829),
(345, 1830),
(345, 1831),
(345, 1832),
(345, 1833),
(345, 1834),
(345, 1835),
(345, 1836),
(345, 1837),
(345, 1838),
(345, 1839),
(345, 1840),
(345, 1841),
(345, 1842),
(345, 1843),
(346, 1844),
(346, 1845),
(346, 1846),
(347, 1847),
(347, 1848),
(348, 1849),
(348, 1850),
(349, 1851),
(350, 1852),
(351, 1853),
(351, 1854),
(351, 1855),
(351, 1856),
(352, 1857),
(353, 1858),
(353, 1859),
(353, 1860),
(353, 1861),
(353, 1862),
(353, 1863),
(353, 1864),
(353, 1865),
(353, 1866),
(353, 1867),
(353, 1868),
(353, 1869),
(353, 1870),
(353, 1871),
(353, 1872),
(353, 1873),
(353, 1874),
(353, 1875),
(353, 1876),
(353, 1877),
(353, 1878),
(353, 1879),
(353, 1880),
(353, 1881),
(353, 1882),
(353, 1883),
(353, 1884),
(353, 1885),
(353, 1886),
(353, 1887),
(353, 1888),
(353, 1889),
(353, 1890),
(353, 1891),
(353, 1892),
(353, 1893),
(353, 1894),
(353, 1895),
(353, 1896),
(353, 1897),
(353, 1898),
(353, 1899),
(353, 1900),
(353, 1901),
(353, 1902),
(353, 1903),
(353, 1904),
(353, 1905),
(353, 1906),
(353, 1907),
(353, 1908),
(353, 1909),
(353, 1910),
(353, 1911),
(353, 1912),
(353, 1913),
(353, 1914),
(353, 1915),
(353, 1916),
(353, 1917),
(353, 1918),
(353, 1919),
(353, 1920),
(353, 1921),
(353, 1922),
(353, 1923),
(353, 1924),
(353, 1925),
(411, 1926),
(411, 1927),
(411, 1928),
(411, 1929),
(412, 1930),
(354, 1931),
(354, 1932),
(354, 1933),
(354, 1934),
(354, 1935),
(354, 1936),
(354, 1937),
(354, 1938),
(354, 1939),
(354, 1940),
(354, 1941),
(354, 1942),
(354, 1943),
(354, 1944),
(354, 1945),
(354, 1946),
(354, 1947),
(354, 1948),
(354, 1949),
(354, 1950),
(354, 1951),
(354, 1952),
(354, 1953),
(354, 1954),
(354, 1955),
(354, 1956),
(354, 1957),
(354, 1958),
(354, 1959),
(354, 1960),
(354, 1961),
(354, 1962),
(354, 1963),
(354, 1964),
(354, 1965),
(354, 1966),
(354, 1967),
(354, 1968),
(354, 1969),
(354, 1970),
(354, 1971),
(354, 1972),
(354, 1973),
(354, 1974),
(354, 1975),
(354, 1976),
(354, 1977),
(354, 1978),
(354, 1979),
(354, 1980),
(354, 1981),
(354, 1982),
(354, 1983),
(354, 1984),
(354, 1985),
(354, 1986),
(354, 1987),
(354, 1988),
(354, 1989),
(354, 1990),
(354, 1991),
(354, 1992),
(354, 1993),
(354, 1994),
(354, 1995),
(354, 1996),
(354, 1997),
(354, 1998),
(354, 1999),
(354, 2000),
(354, 2001),
(354, 2002),
(354, 2003),
(354, 2004),
(354, 2005),
(354, 2006),
(354, 2007),
(354, 2008),
(354, 2009),
(354, 2010),
(354, 2011),
(354, 2012),
(355, 2013),
(355, 2014),
(356, 2015),
(356, 2016),
(356, 2017),
(356, 2018),
(356, 2019),
(356, 2020),
(356, 2021),
(356, 2022),
(356, 2023),
(356, 2024),
(356, 2025),
(356, 2026),
(356, 2027),
(356, 2028),
(356, 2029),
(356, 2030),
(356, 2031),
(356, 2032),
(356, 2033),
(356, 2034),
(356, 2035),
(356, 2036),
(356, 2037),
(356, 2038),
(356, 2039),
(356, 2040),
(356, 2041),
(356, 2042),
(356, 2043),
(356, 2044),
(356, 2045),
(356, 2046),
(356, 2047),
(356, 2048),
(356, 2049),
(356, 2050),
(356, 2051),
(356, 2052),
(356, 2053),
(356, 2054),
(356, 2055),
(356, 2056),
(356, 2057),
(356, 2058),
(358, 2059),
(358, 2060),
(358, 2061),
(358, 2062),
(359, 2063),
(360, 2064),
(361, 2065),
(361, 2066),
(361, 2067),
(361, 2068),
(361, 2069),
(362, 2070),
(363, 2071),
(363, 2072),
(364, 2073),
(364, 2074),
(365, 2075),
(365, 2076),
(365, 2077),
(365, 2078),
(365, 2079),
(365, 2080),
(365, 2081),
(366, 2082),
(367, 2083),
(367, 2084),
(368, 2085),
(368, 2086),
(368, 2087),
(369, 2088),
(370, 2089),
(370, 2090),
(371, 2091),
(372, 2092),
(373, 2093),
(373, 2094),
(374, 2095),
(374, 2096),
(374, 2097),
(375, 2098),
(375, 2099),
(376, 2100),
(377, 2101),
(378, 2102),
(378, 2103),
(378, 2104),
(378, 2105),
(378, 2106),
(378, 2107),
(378, 2108),
(378, 2109),
(378, 2110),
(378, 2111),
(378, 2112),
(378, 2113),
(378, 2114),
(378, 2115),
(378, 2116),
(378, 2117),
(378, 2118),
(378, 2119),
(378, 2120),
(378, 2121),
(378, 2122),
(378, 2123),
(378, 2124),
(378, 2125),
(378, 2126),
(378, 2127),
(378, 2128),
(378, 2129),
(378, 2130),
(378, 2131),
(378, 2132),
(378, 2133),
(378, 2134),
(378, 2135),
(378, 2136),
(378, 2137),
(378, 2138),
(378, 2139),
(378, 2140),
(378, 2141),
(378, 2142),
(379, 2143),
(380, 2144),
(380, 2145),
(381, 2146),
(382, 2147),
(382, 2148),
(382, 2149),
(382, 2150),
(382, 2151),
(382, 2152),
(382, 2153),
(382, 2154),
(382, 2155),
(382, 2156),
(382, 2157),
(382, 2158),
(382, 2159),
(382, 2160),
(382, 2161),
(383, 2162),
(384, 2163),
(384, 2164),
(384, 2165),
(384, 2166),
(384, 2167),
(385, 2168),
(385, 2169),
(385, 2170),
(385, 2171),
(386, 2172),
(386, 2173),
(386, 2174),
(386, 2175),
(386, 2176),
(386, 2177),
(386, 2178),
(386, 2179),
(386, 2180),
(386, 2181),
(386, 2182),
(386, 2183),
(386, 2184),
(386, 2185),
(386, 2186),
(386, 2187),
(386, 2188),
(386, 2189),
(386, 2190),
(386, 2191),
(386, 2192),
(386, 2193),
(386, 2194),
(386, 2195),
(386, 2196),
(386, 2197),
(386, 2198),
(386, 2199),
(386, 2200),
(386, 2201),
(386, 2202),
(386, 2203),
(386, 2204),
(386, 2205),
(386, 2206),
(386, 2207),
(386, 2208),
(386, 2209),
(386, 2210),
(386, 2211),
(386, 2212),
(386, 2213),
(386, 2214),
(386, 2215),
(386, 2216),
(386, 2217),
(387, 2218),
(387, 2219),
(387, 2220),
(387, 2221),
(387, 2222),
(387, 2223),
(387, 2224),
(387, 2225),
(387, 2226),
(387, 2227),
(387, 2228),
(387, 2229),
(387, 2230),
(387, 2231),
(387, 2232),
(387, 2233),
(387, 2234),
(387, 2235),
(387, 2236),
(387, 2237),
(387, 2238),
(387, 2239),
(387, 2240),
(388, 2241),
(389, 2242),
(389, 2243),
(389, 2244),
(390, 2245),
(390, 2246),
(390, 2247),
(390, 2248),
(391, 2249),
(392, 2250),
(392, 2251),
(392, 2252),
(392, 2253),
(392, 2254),
(392, 2255),
(392, 2256),
(393, 2257),
(394, 2258),
(395, 2259),
(395, 2260),
(396, 2261),
(397, 2262),
(397, 2263),
(397, 2264),
(398, 2265),
(398, 2266),
(399, 2267),
(399, 2268),
(400, 2269),
(401, 2270),
(402, 2271),
(402, 2272),
(403, 2273),
(403, 2274),
(404, 2275),
(404, 2276),
(404, 2277),
(405, 2278),
(405, 2279),
(406, 2280),
(406, 2281),
(406, 2282),
(406, 2283),
(407, 2284),
(407, 2285),
(408, 2286),
(408, 2287),
(409, 2288),
(410, 2289),
(410, 2290),
(410, 2291),
(410, 2292),
(410, 2293),
(410, 2294),
(410, 2295),
(410, 2296),
(410, 2297),
(410, 2298),
(410, 2299),
(410, 2300),
(410, 2301),
(410, 2302),
(410, 2303),
(410, 2304),
(410, 2305),
(410, 2306),
(410, 2307),
(410, 2308),
(410, 2309),
(410, 2310),
(410, 2311),
(410, 2312),
(410, 2313),
(8, 2331),
(10, 2333),
(12, 2334),
(6, 2337),
(416, 2354),
(416, 2355),
(416, 2356),
(416, 2359),
(417, 2361),
(417, 2362),
(1, 2363),
(1, 2364),
(418, 2365),
(442, 2371),
(11, 2377),
(11, 2378),
(25, 2379),
(25, 2380),
(442, 2385),
(442, 2386),
(444, 2387),
(444, 2388),
(444, 2389),
(69, 2390),
(12, 2393),
(450, 2398),
(451, 2399),
(451, 2400),
(451, 2401),
(451, 2402),
(451, 2403),
(451, 2404),
(451, 2405),
(451, 2406),
(451, 2407),
(451, 2408),
(451, 2409),
(451, 2410),
(451, 2411),
(451, 2412),
(438, 2413),
(438, 2414),
(438, 2415),
(438, 2416),
(438, 2417),
(4, 2418),
(451, 2419),
(416, 2420),
(444, 2422),
(444, 2423),
(442, 2424),
(442, 2425),
(452, 2429),
(452, 2430),
(452, 2431),
(2, 2432),
(1, 2433),
(442, 2434),
(9, 2443),
(6, 2444),
(1, 2449),
(3, 2450),
(12, 2455),
(6, 2457),
(21, 2458),
(427, 2459),
(459, 2460),
(459, 2461),
(459, 2462),
(459, 2463),
(397, 2464),
(4, 2466),
(3, 2467),
(3, 2468),
(3, 2469),
(4, 2472),
(4, 2476),
(4, 2477),
(4, 2478),
(4, 2479),
(4, 2480),
(2, 2481),
(2, 2482),
(2, 2483),
(2, 2484),
(2, 2485),
(2, 2485),
(2, 2486),
(2, 2487),
(2, 2488),
(2, 2489),
(3, 2492);

-- --------------------------------------------------------

--
-- Table structure for table `company_to_project`
--

DROP TABLE IF EXISTS `company_to_project`;
CREATE TABLE IF NOT EXISTS `company_to_project` (
  `companyid` int(10) NOT NULL,
  `projectid` int(10) NOT NULL,
  KEY `companyid` (`companyid`),
  KEY `projectid` (`projectid`)
) ENGINE=InnoDB DEFAULT CHARSET=latin1;

--
-- Dumping data for table `company_to_project`
--

INSERT INTO `company_to_project` (`companyid`, `projectid`) VALUES
(426, 8),
(427, 8),
(428, 8),
(429, 8),
(430, 8),
(431, 8),
(432, 8),
(433, 8),
(434, 8),
(435, 8),
(436, 9),
(31, 9),
(115, 9),
(366, 9),
(224, 9),
(443, 10),
(445, 10),
(446, 10),
(447, 10),
(448, 11),
(449, 12),
(2, 9),
(314, 9),
(366, 9),
(366, 9),
(366, 9),
(366, 9),
(366, 9),
(29, 9),
(365, 9),
(1, 9),
(1, 9),
(174, 2),
(180, 2);

-- --------------------------------------------------------

--
-- Table structure for table `customer`
--

DROP TABLE IF EXISTS `customer`;
CREATE TABLE IF NOT EXISTS `customer` (
  `customerid` int(10) NOT NULL AUTO_INCREMENT,
  `name_prefix` varchar(6) DEFAULT NULL,
  `first_name` varchar(20) NOT NULL,
  `last_name` varchar(30) NOT NULL,
  `phone_num` varchar(15) DEFAULT NULL,
  `mobile_phone_num` varchar(15) DEFAULT NULL,
  `email` varchar(50) DEFAULT NULL,
  `fax` varchar(15) DEFAULT NULL,
  `address_line1` varchar(45) DEFAULT NULL,
  `address_line2` varchar(35) DEFAULT NULL,
  `address_line3` varchar(35) DEFAULT NULL,
  `address_line4` varchar(35) DEFAULT NULL,
  `county` varchar(20) NOT NULL,
  `country` varchar(28) NOT NULL,
  `last_contacted` date DEFAULT NULL,
  `pref_contact_type` varchar(10) DEFAULT NULL,
  `sage_id` varchar(20) DEFAULT NULL,
  `lead` tinyint(1) DEFAULT '0',
  `hide` tinyint(1) DEFAULT '0',
  PRIMARY KEY (`customerid`)
) ENGINE=InnoDB AUTO_INCREMENT=246 DEFAULT CHARSET=latin1;

--
-- Dumping data for table `customer`
--

INSERT INTO `customer` (`customerid`, `name_prefix`, `first_name`, `last_name`, `phone_num`, `mobile_phone_num`, `email`, `fax`, `address_line1`, `address_line2`, `address_line3`, `address_line4`, `county`, `country`, `last_contacted`, `pref_contact_type`, `sage_id`, `lead`, `hide`) VALUES
(1, '', 'adrienne', 'sheehan', '040223838', '0863700167', '', '', 'balykillageer lower', 'woodenbridge', '', 'arklow', 'wicklow', 'ireland', '2017-05-22', '', '', 0, 0),
(2, '', 'agnes', 'malone', '', '0872679162', '', '', 'tara rock road', 'blackrock', '', 'dundalk', 'louth', 'ireland', '2018-01-05', '', '', 0, 0),
(3, '', 'ailbhe', 'king', '12831387', '0851084442', '', '', '21 mount merrion ave.', '', '', 'blackrock', 'dublin', 'ireland', '2018-01-05', '', '', 0, 0),
(4, '', 'aishling', 'barry', '0567764735', '', '', '', '61 lord edward st.', '', '', 'kilkenny', 'kilkenny', 'ireland', '2018-01-05', '', '', 0, 0),
(5, '', 'alan', 'carrigan', '', '', '', '', '9 park lands rise', '', '', 'maynooth', 'kildare', 'ireland', '2018-01-05', '', '', 0, 0),
(6, '', 'alan', 'richie', '04866387976', '', '', '', 'drumod', '', '', 'lisbellaw', 'fermanagh', 'ireland', NULL, '', 'r2', 0, 0),
(7, '', 'alice', 'duffy', '', '', '', '', 'garden rath road', '', '', 'kells', 'meath', 'ireland', NULL, '', '', 0, 0),
(8, '', 'alice', 'kelly', '', '0868221698', '', '', 'kiltoy', '', '', 'letterkenny', 'donegal', 'ireland', NULL, '', '', 0, 0),
(9, '', 'alice', 'malone', '', '', '', '', '17 clanhugh road', 'donnycarney', '', 'dublin 5', 'dublin', 'ireland', NULL, '', '', 0, 0),
(10, '', 'amy', 'monighan', '0659051335', '', '', '', '4 st. josephs terrace', '', '', 'kilrush', 'clare', 'ireland', NULL, '', '', 0, 0),
(11, '', 'angela', 'noonan', '06968547', '', '', '', '', 'valleyview', 'ballyelan', 'ballingarry', 'limerick', 'ireland', NULL, '', '', 0, 0),
(12, '', 'ann', 'brouder', '06384126', '', '', '', 'ahawick', 'feomanagh', '', 'newcastle west', 'limerick', 'ireland', NULL, '', '800680', 0, 0),
(13, '', 'ann', 'clusky', '0469053238', '', '', '', 'mitchelstown', 'lobinstown', '', 'navan', 'meath', 'ireland', NULL, '', '', 0, 0),
(14, '', 'ann', 'hession', '0214292717', '', '', '', '54 lake lawn well road', '', '', 'douglas', 'cork', 'ireland', NULL, '', 'h0006', 0, 0),
(15, '', 'ann', 'mcgrath', '', '', '', '', '2 fethard st.', '', '', 'mullinahone', 'tipperary', 'ireland', NULL, '', '', 0, 0),
(16, '', 'anna', 'carr', '', '', '', '', '', 'district hospital', '', 'wicklow town', 'wicklow', 'ireland', '2017-04-01', '', '', 0, 0),
(17, '', 'anna', 'keane', '', '0872607693', '', '', '27 ballybrit heights', '', '', 'galway', 'galway', 'ireland', NULL, '', '', 0, 0),
(18, '', 'anne', 'flynn', '', '0878560713', '', '', 'park', '', '', 'banagher', 'offaly', 'ireland', NULL, '', '', 0, 0),
(19, '', 'annemaree', 'quinn', '016302414', '', '', '', 'don toolan', 'apt 6, the pump house dev', 'londonbridge road, ringsend', 'dublin 4', 'dublin', 'ireland', NULL, '', 'sop700070 / inv7420', 0, 0),
(20, '', 'annie', 'teresa grennan', '', '', '', '', 'drumacoo', '', '', 'kilcolgan', 'galway', 'ireland', NULL, '', '', 0, 0),
(21, '', 'annmarie', 'flynn', '', '', '', '', '', 'headford grove', '', 'churchtown', 'dublin', 'ireland', NULL, '', '', 0, 0),
(22, '', 'anthony', 'dormer', '', '', '', '', '36 rosanore', '', '', 'ennnis', 'clare', 'ireland', NULL, '', '', 0, 0),
(23, '', 'anthony', 'higgins', '50426229', '', '', '', '27 ceol na mara', 'lower main street', '', 'rush', 'dublin', 'ireland', NULL, '', '', 0, 0),
(24, '', 'april', 'bryan', '012854501', '', '', '', 'hobbit cottage', 'sorrento road', '', 'dalkey', 'dublin', 'ireland', NULL, '', 'a0005', 0, 0),
(25, '', 'austin', 'daly', '', '', '', '', 'the grove', '', '', 'abbeyfeale', 'limerick', 'ireland', NULL, '', '', 0, 0),
(26, '', 'avril', 'king', '', '', '', '', 'house 7', 'hollyhill', '', 'cork', 'cork', 'ireland', NULL, '', '', 0, 0),
(27, '', 'barbara', 'wallis', '012892212', '0872725062', '', '', '46a saint finstan''s villas', 'dean''s grange', '', 'blackrock', 'dublin', 'ireland', NULL, '', '800671', 0, 0),
(28, '', 'batt', 'hegarty', '', '', '', '', '', '', '', 'ballylanders', 'limerick', 'ireland', NULL, '', '', 0, 0),
(29, '', 'blank', 'cogan', '12866963', '', '', '', '16 killian crescent', 'schools road', '', 'bray', 'wicklow', 'ireland', NULL, '', '', 0, 0),
(30, '', 'brendan', 'deering', '', '0876125583', '', '', '11 shandon road', 'philisborough', '', 'dublin 7', 'dublin', 'ireland', NULL, '', '', 0, 0),
(31, '', 'brendan', 'warren', '', '', '', '', '219 mourne road', 'drimmagh', '', 'dublin 12', 'dublin', 'ireland', NULL, '', '', 0, 0),
(32, '', 'c', '', '', '', '', '', '', '', '', 'dublin 16', 'dublin', 'ireland', NULL, '', '', 0, 0),
(33, '', 'carol', 'lloyd', '', '0872431076', 'lloydcat1@hotmail.com', '', '19 kilgobbin heights', 'stepaside', '', 'dublin', 'dublin', 'ireland', NULL, '', 'l108', 0, 0),
(34, '', 'carolanne', 'fitzpatrick', '018391954', '0862572444', '', '', 'apt 34, offington manor', 'sutton', '', 'dublin 13', 'dublin', 'ireland', NULL, '', '700024', 0, 0),
(35, '', 'caroline', 'acton', '0469282830', '', '', '', '52 newtown crescent', 'trim', '', 'trim', 'meath', 'ireland', NULL, '', 'n0012', 0, 0),
(36, '', 'caroline', 'mc cormack', '0419833657', '', '', '', '69 rosevale', 'beamore', '', 'drogheda', 'louth', 'ireland', NULL, '', '', 0, 0),
(37, '', 'catherine', 'ivory', '12883946', '0863732121', '', '', '145 roebuck castle', 'roebuck road, clonskeagh', '', 'dublin 14', 'dublin', 'ireland', NULL, '', '', 0, 0),
(38, '', 'cathrine', 'winters', '014906337', '0860694047', '', '', '22 riversdale drive', 'lower kimmage', '', '', 'dublin', 'ireland', NULL, '', '', 0, 0),
(39, '', 'celeen', 'mulqueen', '061317597', '0852278930', '', '', '82 lenihan avenue', 'ballinacurra weston', '', 'limerick', 'limerick', 'ireland', NULL, '', '', 0, 0),
(40, '', 'celine', 'mulqueen', '', '', '', '', '82 lenihan avenue', '', '', 'limerick', 'limerick', 'ireland', NULL, '', '', 0, 0),
(41, '', 'chris', '& mary mcdonagh', '', '0879702334', '', '', 'seanbhaile', 'bealadangan', '', 'connemara', 'galway', 'ireland', NULL, '', '', 0, 0),
(42, '', 'christian', 'mayse', '', '0871350489', '', '', '13 maple drive', '', '', 'killarney', 'kerry', 'ireland', NULL, '', '700438', 0, 0),
(43, '', 'christina', 'ruane', '0949023058', '0863974885', '', '', 'glenisland', '', '', 'castlebar', 'mayo', 'ireland', NULL, '', '', 0, 0),
(44, '', 'cian', 'murphy', '0864048782', '', '', '', '13 high field', 'ballea rd', '', 'carrigaline', 'cork', 'ireland', NULL, '', '', 0, 0),
(45, '', 'clare', 'rowe', '9341564', '', '', '', 'corofin', '', '', 'tuam', 'galway', 'ireland', NULL, '', 'r0004', 0, 0),
(46, '', 'colin', '& catherine sheehan', '', '', '', '', 'millbrook', '', '', 'mallow', 'cork', 'ireland', NULL, '', '', 0, 0),
(47, '', 'conor', 'smith', '', '0876211167', '', '', 'no.6 tailtean court, tailtean housing scheme', 'windstown', '', 'navan', 'meath', 'ireland', NULL, '', 'm0018', 0, 0),
(48, '', 'daniel', 'gubbins', '', '', '', '', 'thomastown', '', '', 'bansha', 'clare', 'ireland', NULL, '', '', 0, 0),
(49, '', 'daniel', 'mcinmery dunne', '', '', 'carmike99@eircom.net', '', '25 eglantine cresent', '', '', 'mallow', 'cork', 'ireland', NULL, '', '', 0, 0),
(50, '', 'daniel', 'ryan', '06261413', '', '', '', 'rosegreen', '', '', 'cashel', 'tipperary', 'ireland', NULL, '', '', 0, 0),
(51, '', 'danny', 'doherty', '0749361413', '', '', '', '18 castle park', '', '', 'buncrana', 'donegal', 'ireland', NULL, '', '', 0, 0),
(52, '', 'david', '& deidre horan', '0667129350', '0876916351', '', '', '31 racecourse lawn', 'oak park', '', 'tralee', 'kerry', 'ireland', NULL, '', '', 0, 0),
(53, '', 'david', '& deidre horan', '0667129350', '0876916351', '', '', '17 beenoshee', 'ballyard', '', 'tralee', 'kerry', 'ireland', NULL, '', '', 0, 0),
(54, '', 'david', 'donergan', '', '', '', '', '22 mayview park', '', '(near gorey)', 'oulart', 'wexford', 'ireland', NULL, '', '9489', 0, 0),
(55, '', 'david', 'mc clure', '', '0868945326', '', '', '', 'glenavar', '', 'kerrykeel', 'donegal', 'ireland', NULL, '', '', 0, 0),
(56, '', 'deidre', 'walsh', '012862289', '0863608773', '', '', '3 killarney court', '', '', 'bray', 'wicklow', 'ireland', NULL, '', '', 0, 0),
(57, '', 'deirdre', 'courtney', '', '', '', '', 'killacha', 'ardfert', '', 'tralee', 'kerry', 'ireland', NULL, '', '', 0, 0),
(58, '', 'denis', 'welch', '', '0872435028', '', '', 'killowen', '', '', '', 'cork', 'ireland', NULL, '', '', 0, 0),
(59, '', 'dermot', 'kelly', '014976217', '', '', '', '59 ashfield road', 'ranelagh', '', 'dublin 6', 'dublin', 'ireland', NULL, '', '', 0, 0),
(60, '', 'donal', 'o''brien', '', '0876172740', '', '', 'butler house', '', 'patrick street', 'kilkenny', 'kilkenny', 'ireland', NULL, '', '6459', 0, 0),
(61, '', 'donal', 'o''sullivan', '0217336422', '0879272550', '', '', 'mardon', 'lower belmont', '', 'crookstown', 'cork', 'ireland', NULL, '', '', 0, 0),
(62, '', 'donnan', 'jordan', '', '', '', '', '5 clohessy place', 'the rag', '', 'thurles', 'tipperary', 'ireland', NULL, '', '10302', 0, 0),
(63, '', 'doreen', 'daly', '012691978', '', '', '', 'no. 2 durham road', '', '', 'sandymount', 'dublin', 'ireland', NULL, '', '', 0, 0),
(64, '', 'eamon', 'farrelly', '0469244705', '0861024646', '', '', 'walterstown', 'carlanstown', '', 'kells', 'meath', 'ireland', NULL, '', '', 0, 0),
(65, '', 'eamon', 'huges', '18350700', '', '', '', 'st martins dublin rd. ashbourne', 'ashbourne', '', '', 'meath', 'ireland', NULL, '', 'n0012', 0, 0),
(66, '', 'eddie', '& nell duffy', '', '', '', '', 'caravan road', '', '', 'dungloe', 'donegal', 'ireland', NULL, '', '', 0, 0),
(67, '', 'edward', 'o kane', '', '0862232063', '', '', 'gulladuff', '', '', 'moville', 'donegal', 'ireland', NULL, '', '', 0, 0),
(68, '', 'eleanor', 'o''callaghan', '02646264', '', '', '', 'money grave', '', '', 'coppeen', 'cork', 'ireland', NULL, '', 'e0002', 0, 0),
(69, '', 'elizabeth', 'byrne', '', '', '', '', '73 rathdrum road', 'crumlin', '', 'dublin 12', 'dublin', 'ireland', NULL, '', '', 0, 0),
(70, '', 'elizabeth', 'coffey', '', '', '', '', '', '59 assuption park', '', 'roscrea', 'tipperary', 'ireland', NULL, '', '', 0, 0),
(71, '', 'elizabeth', 'halton', '0429665126', '', '', '', 'fartha', 'tierworker', 'between moynalty and kingscourt', 'kells', 'meath', 'ireland', NULL, '', '', 0, 0),
(72, '', 'eric', 'whelan', '', '', '', '', '45 cliona park', '', '', 'moyross', 'limerick', 'ireland', '2018-01-05', '', '', 0, 0),
(73, '', 'ester', 'mcredmond', '0579137141', '0872239817', '', '', 'the walk', 'kimnitty', '', 'birr', 'offaly', 'ireland', NULL, '', '', 0, 0),
(74, '', 'evelyn', 'mcdermott', '', '', '', '', '8 fair green hill', '', '', 'letterkenny', 'donegal', 'ireland', NULL, '', '', 0, 0),
(75, '', 'fergall', 'mee', '', '0868090266', '', '', 'gurranes', '', '', 'newcastlewest', 'limerick', 'ireland', NULL, '', '', 0, 0),
(76, '', 'finn', 'carey', '05266790', '0862678280', '', '', 'cheshire home', 'john''s hill', '', 'waterford', 'waterford', 'ireland', NULL, '', '', 0, 0),
(77, '', 'frances', 'winton', '', '0868143553', '', '', '40 landscape gardens', 'churchtown', '', 'dublin 14', 'dublin', 'ireland', NULL, '', '', 0, 0),
(78, '', 'frank', 'devine', '', '', '', '', 'drumsha', '', '', 'carrick-on-shannon', 'leitrim', 'ireland', NULL, '', '', 0, 0),
(79, '', 'fred', 'lee', '012864010', '0872525592', '', '', '40 glenlawn drive', 'cabinteely', '', 'dublin 18', 'dublin', 'ireland', NULL, '', '', 0, 0),
(80, '', 'george', 'mcmahon & gene courtney', '', '', '', '', '11 stokers place', 'jb keane road', '', 'listowel', 'kerry', 'ireland', NULL, '', '800474', 0, 0),
(81, '', 'gerald', 'brennan', '0599142370', '', '', '', 'old derrig', 'killeshin road', '', 'carlow', 'wicklow', 'ireland', NULL, '', '', 0, 0),
(82, '', 'gerard', 'mchale', '', '', '', '', '48 roches buildings', '', '', 'cork', 'cork', 'ireland', NULL, '', '', 0, 0),
(83, '', 'gordan', 'fallon', '02834413', '0863552963', '', '', '', '', '', 'union hall', 'cork', 'ireland', NULL, '', '', 0, 0),
(84, '', 'hilda', 'murphy', '', '0863940598', '', '', '19 bawnville drive', '', '', 'tallaght', 'dublin', 'ireland', NULL, '', 'm0028', 0, 0),
(85, '', 'jack', 'o''connor', '0214293696', '', '', '', '38 woodville road', 'beaumont', '', 'cork', 'cork', 'ireland', NULL, '', '', 0, 0),
(86, '', 'jackie', 'conway', '', '0861028639', '', '', '44 annaville park', 'dundrum', 'dublin', 'dublin 14', 'dublin', 'ireland', NULL, '', '', 0, 0),
(87, '', 'james', 'black', '', '', '', '', '42 bernadette place', '', '', 'wexford', 'wexford', 'ireland', NULL, '', '', 0, 0),
(88, '', 'james', 'o''mahony', '', '', '', '', '15 ballsbridge avenue', '', 'ballsbridge', 'dublin 4', 'dublin', 'ireland', NULL, '', '', 0, 0),
(89, '', 'jamie', 'mc carthy', '2584813', '', '', '', 'cooleprivane', 'ballyporeen', '', 'cahir', 'tipperary', 'ireland', NULL, '', '', 0, 0),
(90, '', 'jarleth', 'tunney', '16712944', '', '', '', '', '', '', 'phenoix park', 'dublin', 'ireland', NULL, '', 'c02', 0, 0),
(91, '', 'jean', 'noctor', '61315864', '', '', '', '4 mount prospect', 'south circular road', '', 'limerick city', 'limerick', 'ireland', NULL, '', '', 0, 0),
(92, '', 'jerry', 'llewellyn', '02533294', '', '', '', 'corrin view', '', '', 'macroom', 'cork', 'ireland', NULL, '', '', 0, 0),
(93, '', 'jim', 'and cathy healy', '', '', '', '', '65 jamestown road', 'inchicore', '', 'dublin', 'dublin', 'ireland', NULL, '', '', 0, 0),
(94, '', 'joan', 'keehan', '061413491', '', '', '', '21 maigue way', 'john carew park', '', 'limerick', 'limerick', 'ireland', NULL, '', '', 0, 0),
(95, '', 'joey', 'o''donnell', '0749542189', '', '', '', 'lower keadue', '', '', 'burtonport', 'donegal', 'ireland', NULL, '', 'j101', 0, 0),
(96, '', 'john', '& winnifred o''mara', '', '', '', '', 'graugh', 'fairymount', '', 'castlerea', 'roscommon', 'ireland', NULL, '', '', 0, 0),
(97, '', 'john', 'lawlor', '0419828008', '', '', '', '', 'windchimes', '', 'laytown', 'meath', 'ireland', NULL, '', '', 0, 0),
(98, '', 'john', 'mccormack', '05252346', '', '', '', 'ballyluskey', '', '', 'drangan', 'tipperary', 'ireland', NULL, '', '', 0, 0),
(99, '', 'john', 'meeke', '05224699', '0876222623', '', '', '49 pine wood drive', 'killmacomma', '', 'clonmel', 'tipperary', 'ireland', NULL, '', '', 0, 0),
(100, '', 'john', 'patrick mccready', '0749542202', '', '', '', '12 anchoill', '', '', 'burtenport', 'donegal', 'ireland', NULL, '', 'd0026', 0, 0),
(101, '', 'john', 'paul o''donoghue', '02750202', '', '', '', 'sea field', '', '', 'bantry', 'cork', 'ireland', NULL, '', 'o0004', 0, 0),
(102, '', 'john', 'scott', '', '', '', '', '', 'tankerstown', '', 'rathooth', 'meath', 'ireland', NULL, '', '', 0, 0),
(103, '', 'john', 'stack', '06836201', '', '', '', '', 'tarmons', '', 'tarbert', 'kerry', 'ireland', NULL, '', '', 0, 0),
(104, '', 'john', 'walsh', '', '', '', '', 'houlihans', 'passage', 'rathcommon', 'athlaca', 'limerick', 'ireland', NULL, '', '', 0, 0),
(105, '', 'john', 'wycherley', '', '', '', '', '', '', '', '4 mile house', 'roscommon', 'ireland', NULL, '', '', 0, 0),
(106, '', 'june', 'a. ellis', '', '', '', '', '8 an fearann', '', '', 'ardfert', 'kerry', 'ireland', NULL, '', '', 0, 0),
(107, '', 'june', 'scannell', '0872657844', '', '', '', 'monnacappa', 'blarney', '', 'cork', 'cork', 'ireland', NULL, '', '', 0, 0),
(108, '', 'karl', 'butterly', '18166003', '', '', '', 'apartment 2, newlands court', 'kilmore road, artane', '', 'dublin 5', 'dublin', 'ireland', NULL, '', '', 0, 0),
(109, '', 'kathleen', 'connery', '06398217', '', '', '', 'woodview', 'fairyfield', '', 'kilmallock', 'limerick', 'ireland', NULL, '', 'c0026', 0, 0),
(110, '', 'kathleen', 'corey', '0879439436', '', '', '', 'reaffa', '', '', 'lissycasey', 'clare', 'ireland', NULL, '', '', 0, 0),
(111, '', 'kathleen', 'foley', '0579331675', '', '', '', '13 railway view', '', '', 'clara', 'offaly', 'ireland', NULL, '', '', 0, 0),
(112, '', 'kathleen', 'malloy', '0469021343', '', '', '', '51 brews hill', '', '', 'navan', 'meath', 'ireland', NULL, '', '', 0, 0),
(113, '', 'kathleen', 'myers', '', '', '', '', '19 glenview', 'rochestown avenue', 'dun laoghaire', '', 'dublin', 'ireland', NULL, '', '', 0, 0),
(114, '', 'kathleen', 'o''mahony', '0868324700', '', '', '', 'garryhankard house', '', '', 'upton', 'cork', 'ireland', NULL, '', '202', 0, 0),
(115, '', 'kathleen', 'reddan', '', '', '', '', 'meenacladdy', '', 'mennlaragh', 'falcarragh', 'donegal', 'ireland', NULL, '', '', 0, 0),
(116, '', 'kathleen', 'sheehan', '', '', '', '', '6 lyons terrace', '', '', 'coachford', 'cork', 'ireland', NULL, '', '', 0, 0),
(117, '', 'kathy', 'cunningham rip', '091577997', '0879850801', '', '', 'rossaveel', '', '', 'galway', 'galway', 'ireland', NULL, '', 'm070', 0, 0),
(118, '', 'kevin', 'boushel', '', '', '', '', 'calum', 'claremont road', 'cornellscourt hill, foxrock', 'dublin 18', 'dublin', 'ireland', NULL, '', '', 0, 0),
(119, '', 'kurtis', 'donnelly', '', '', '', '', '61 seaview estate', '', '', 'laytown', 'meath', 'ireland', NULL, '', 'n0010', 0, 0),
(120, '', 'kurtis', 'donnelly', '', '', '', '', 'suncroft', 'broadmeadows', '', 'drogheda', 'louth', 'ireland', NULL, '', 'n0010', 0, 0),
(121, '', 'lester', 'and elaine sutton', '', '', '', '', 'the pastures', 'glasnamullen', '', 'bray', 'wicklow', 'ireland', NULL, '', '', 0, 0),
(122, '', 'liam', 'aherne', '', '0863913309', '', '', 'baurleigh', '', '', 'bandon', 'cork', 'ireland', NULL, '', 'a0039', 0, 0),
(123, '', 'liam', 'fitzgerald', '012819485', '0879098808', '', '', 'blackthorn lodge', 'blackthorn close', '', 'newtownmountkennedy', 'wicklow', 'ireland', NULL, '', '', 0, 0),
(124, '', 'liam', 'ryan', '0469025422', '0877660085', '', '', 'kiltale', '', '', 'dunsanny', 'meath', 'ireland', NULL, '', '', 0, 0),
(125, '', 'lilian', 'colgan', '', '', '', '', '', '', 'dublin 5', 'artane', 'dublin', 'ireland', NULL, '', '', 0, 0),
(126, '', 'linda', 'burke', '012761129', '0860560542', '', '', '', '11 fair green court', '', 'bray', 'wicklow', 'ireland', NULL, '', '', 0, 0),
(127, '', 'linda', 'leahy', '', '', '', '', 'knocklee house', 'castlemaine road', '', 'tralee', 'kerry', 'ireland', NULL, '', '', 0, 0),
(128, '', 'linda', 'mccarthy', '', '0879951347', 'lindamccarthy@live.ie', '', '', '178 woodlands', '', 'navan', 'meath', 'ireland', NULL, '', '', 0, 0),
(129, '', 'linda', 'mccarthy', '', '0861613140', 'lindamccarthy@live.ie', '', 'derrygrath', '', '', 'clonmel', 'tipperary', 'ireland', NULL, '', '', 0, 0),
(130, '', 'liz', 'hayes', '', '', '', '', '37 forest walk', '', '', 'swords', 'dublin', 'ireland', NULL, '', '', 0, 0),
(131, '', 'liz', 'james', '0749122836', '0879805737', '', '', '5 westhill', 'convent road', '', 'letterkenny', 'donegal', 'ireland', NULL, '', '', 0, 0),
(132, '', 'mai', 'thompson', '', '', '', '', '65 oliver plunkett tce', '', '', 'clonmel', 'tipperary', 'ireland', NULL, '', '', 0, 0),
(133, '', 'marc', 'egan', '', '0876143399', 'marc.egan@enablesupplies.com', '', '7 kilnagleary business park', '', '', 'carrigaline', 'cork', 'ireland', NULL, '', '', 0, 0),
(134, '', 'margaret', 'bourke', '0906625852', '', '', '', '', 'derrane resource centre', '', 'derrane', 'roscommon', 'ireland', NULL, '', '', 0, 0),
(135, '', 'margaret', 'butler', '0860632813', '', '', '', 'ballintopher', '', '', 'killenaule', 'tipperary', 'ireland', NULL, '', '', 0, 0),
(136, '', 'margaret', 'harte', '016183119', '', '', '', '86 sandymount avenue', '', '', 'dublin 4', 'dublin', 'ireland', NULL, '', '', 0, 0),
(137, '', 'margaret', 'langan', '6965146', '', '', '', '17, dernish avenue', '', '', 'foynes', 'limerick', 'ireland', NULL, '', 'l0006', 0, 0),
(138, '', 'margaret', 'o''callaghan', '', '', '', '', 'moneygave', 'coppeen', '', '', 'cork', 'ireland', NULL, '', '', 0, 0),
(139, '', 'margaret', 'o''callaghan', '', '', '', '', 'moneygrave', '', '', 'coppeen', 'cork', 'ireland', NULL, '', '', 0, 0),
(140, '', 'maria', 'wade', '018259900', '', '', '', '7 church view', '', '', 'batterstown', 'meath', 'ireland', NULL, '', '', 0, 0),
(141, '', 'mark', 'coffey', '', '4574010', '', '', '59 leyland grove', 'clondalkin', '', 'dublin 22', '', 'ireland', NULL, '', '', 0, 0),
(142, '', 'martin', 'keegan', '12984633', '', '', '', '20 pembroke cottage', 'dundrum', '', 'dublin 14', 'dublin', 'ireland', NULL, '', '', 0, 0),
(143, '', 'martina', 'wheelan', '', '', '', '', '28 paladius way', '', '', 'donard', 'wicklow', 'ireland', NULL, '', '', 0, 0),
(144, '', 'mary', '& michael o''dowd', '50490927', '0863687005', '', '', '7 the glebe,', 'mill rd', '', 'thurlus', 'tipperary', 'ireland', NULL, '', '', 0, 0),
(145, '', 'mary', 'brennan', '', '', '', '', 'avoca national school', '', '', 'avoca', 'wicklow', 'ireland', NULL, '', '', 0, 0),
(146, '', 'mary', 'butler', '', '', '', '', '', '', '', 'killenaule', 'tipperary', 'ireland', NULL, '', 's0013', 0, 0),
(147, '', 'mary', 'dolan', '', '', '', '', '', 'highfield', '', 'mount talbet', 'roscommon', 'ireland', NULL, '', '', 0, 0),
(148, '', 'mary', 'mcphilip', '04754222', '', '', '', 'coramegan', '', '', 'newbliss', 'monaghan', 'ireland', NULL, '', '', 0, 0),
(149, '', 'mary', 'mitchell', '', '', '', '', '155 glenvara park', 'knocklyon', '', 'dublin 16', 'dublin', 'ireland', NULL, '', '', 0, 0),
(150, '', 'mary', 'p. cousins', '', '', '', '', 'woodville house', 'ballyhooly', '', '', 'cork', 'ireland', NULL, '', '', 0, 0),
(151, '', 'mary', 'power', '', '', '', '', '26 cooleen close', 'congress villas', '', 'dungarvan', 'waterford', 'ireland', NULL, '', '', 0, 0),
(152, '', 'mary', 'pyne', '0656832292', '', '', '', 'ennis road', '', '', 'kildysert', 'clare', 'ireland', NULL, '', '', 0, 0),
(153, '', 'mary', 'shanahan', '', '', '', '', '9 glencarrig', '', '', 'roscrea', 'tipperary', 'ireland', NULL, '', '', 0, 0),
(154, '', 'mary', 'stack', '06849863', '0868768874', '', '', 'keylod', '', '', 'moyvane', 'kerry', 'ireland', NULL, '', '', 0, 0),
(155, '', 'mary', 'stack', '', '', '', '', 'moyvane', '', '', 'listowel', 'kerry', 'ireland', NULL, '', '', 0, 0),
(156, '', 'matthew', 'sharkey', '', '', '', '', '28 st mary''s heights', '', '', 'donore', 'meath', 'ireland', NULL, '', 'inv 9194', 0, 0),
(157, '', 'maura', 'hayes', '', '', '', '', 'baggotstown', '', '', 'bruff', 'limerick', 'ireland', NULL, '', '', 0, 0),
(158, '', 'maurice', 'king', '02145107700', '', '', '', 'coolagarranroe', 'burncourt', '', 'cahir', 'tipperary', 'ireland', NULL, '', '', 0, 0),
(159, '', 'michael', 'cannon', '0449375501', '0876527632', '', '', 'iona cottage', '', '', 'kinnegad', 'meath', 'ireland', NULL, '', '', 0, 0),
(160, '', 'michael', 'connolly', '0217335943', '0863521324', '', '', 'the bungalow', 'coolduve', 'kilmurry', 'lisarda', 'cork', 'ireland', NULL, '', '', 0, 0),
(161, '', 'michael', 'doogan', '', '', '', '', 'ballyness', 'falcarragh', '', '', 'donegal', 'ireland', NULL, '', '', 0, 0),
(162, '', 'michael', 'fanning', '', '', '', '', '18 bridge st', '', '', 'ballbriggin', 'dublin', 'ireland', NULL, '', '', 0, 0),
(163, '', 'michael', 'joyce', '', '0874652882', '', '', '54 broadfard hill', 'ballinteer', '', 'dublin 16', 'dublin', 'ireland', NULL, '', '', 0, 0),
(164, '', 'michael', 'rodgers', '', '0872330185', '', '', 'calhame', '', '', 'annagry', 'donegal', 'ireland', NULL, '', '', 0, 0),
(165, '', 'michael', 'smyth', '05241440', '', '', '', 'cloughabreeda', '', '', 'cahir', 'tipperary', 'ireland', NULL, '', '', 0, 0),
(166, '', 'michelle', 'pender', '', '', '', '', '', '', '', '', '', 'ireland', NULL, '', '', 0, 0),
(167, '', 'miriam', 'mcnamee', '0868918636', '', '', '', 'cloney logan', '', '', 'kildalkey', 'meath', 'ireland', NULL, '', '', 0, 0),
(168, '', 'moira', 'grims', '', '', '', '', '5 bruce terrace', '', '', 'bray', 'wicklow', 'ireland', NULL, '', '', 0, 0),
(169, '', 'mr.', 'o''donoghue', '', '', '', '', '36 fernleigh', '', '', 'carrigaline', 'cork', 'ireland', NULL, '', '', 0, 0),
(170, '', 'mrs', 'a mccarthy', '', '', '', '', 'grange', 'kilumney', '', 'cork', '', 'ireland', NULL, '', '', 0, 0),
(171, '', 'mrs', 'kirby', '', '0879630869', '', '', '6 oliver plunkett terrace', '', '', 'ballylanders', 'limerick', 'ireland', NULL, '', '', 0, 0),
(172, '', 'nathan', 'forristal', '', '', '', '', '4 slievenmon view', 'kilsheelan', '', 'clonmel', 'tipperary', 'ireland', NULL, '', '', 0, 0),
(173, '', 'ned', 'doherty', '', '0872237445', '', '', 'ballindrap', '', '', 'bunbeg', 'donegal', 'ireland', NULL, '', '800211', 0, 0),
(174, '', 'neil', 'boyle', '0749520564', '', '', '', 'ardloiscoin', 'leabgarrow', '', 'arranmore', 'donegal', 'ireland', NULL, '', '', 0, 0),
(175, '', 'neil', 'williams', '0469052185', '', '', '', '14 eden wood', 'kilmainham wood', '', 'kells', 'meath', 'ireland', NULL, '', '', 0, 0),
(176, '', 'niall', 'lynch', '012868148', '0872713887', '', '', 'kilnamona', 'meath road', '', 'bray', 'wicklow', 'ireland', NULL, '', '', 0, 0),
(177, '', 'nichola', 'ryan kirwan', '', '0851669515', '', '', '', 'knockgraffon', '', 'cahir', 'tipperary', 'ireland', NULL, '', '', 0, 0),
(178, '', 'nicolas', '& anne dunne', '0876680662', '', '', '', 'churchtown', '', '', 'carrick-on-suir', 'tipperary', 'ireland', NULL, '', '', 0, 0),
(179, '', 'noel', 'mcgarr', '', '', '', '', '39 our lady''s place', '', '', 'naas', 'kildare', 'ireland', NULL, '', '', 0, 0),
(180, '', 'nora', 'o''brien', '0667131267', '0872230623', '', '', 'bishops court', '', 'ballyduff', 'tralee', 'kerry', 'ireland', NULL, '', '', 0, 0),
(181, '', 'olive', 'moore', '', '', '', '', '99 muckross avenue', 'perrystown', '', 'dublin 12', 'dublin', 'ireland', NULL, '', '', 0, 0),
(182, '', 'olivia', 'buckley', '0419880899', '', '', '', '30 high meadows', '', '', 'duleek', 'meath', 'ireland', NULL, '', '', 0, 0),
(183, '', 'oonagh', 'baker', '', '0864037606', '', '', 'ardmor', '', '', 'ballydavid', 'kerry', 'ireland', NULL, '', 'k0009', 0, 0),
(184, '', 'oonagh', 'moore', '0498541643', '', '', '', 'crossdrumtower', '', '', 'oldcastle', 'meath', 'ireland', NULL, '', '', 0, 0),
(185, '', 'orlaith', 'mangan', '', '', '', '', '34 the demesne', 'ross road', '', 'killarney', 'kerry', 'ireland', NULL, '', '', 0, 0),
(186, '', 'owen', 'ward', '', '', '', '', 'keadue', '', '', 'burtonport', 'donegal', 'ireland', NULL, '', '', 0, 0),
(187, '', 'paddy', 'redmond', '0579137141', '0872239817', '', '', 'the walk', 'kimnitty', '', 'birr', 'offaly', 'ireland', NULL, '', '', 0, 0),
(188, '', 'pat', 'comber', '', '0876735172', '', '', 'carhuligane', '', 'mullagh', 'ennis', 'clare', 'ireland', NULL, '', '', 0, 0),
(189, '', 'pat', 'mangan', '', '', '', '', 'rockfield', 'ballymacelligott', '', 'tralee', 'kerry', 'ireland', NULL, '', '', 0, 0),
(190, '', 'patricia', 'brett', '', '', '', '', '1 whitewood', '', '', 'kilkenny', 'kilkenny', 'ireland', NULL, '', '', 0, 0),
(191, '', 'patricia', 'mcnamee', '4544308', '', '', '', '17 curraheen drive', 'bishopstown', '', 'cork', '', 'ireland', NULL, '', '', 0, 0),
(192, '', 'patrick', 'o''dwyer', '0879907126', '', '', '', '7 cois carraig', '', '', 'clarina', 'limerick', 'ireland', NULL, '', 'o0192', 0, 0),
(193, '', 'patrick', 'dawson', '12868743', '0872750146', '', '', '49 newcourt', '', '', 'bray', 'wicklow', 'ireland', NULL, '', 'd0006', 0, 0),
(194, '', 'patrick', 'doran', '40235521', '', '', '', '3 ballinapark', '', '', 'avoca', 'wicklow', 'ireland', NULL, '', '', 0, 0),
(195, '', 'patrick', 'flanagan', '0669767895', '0861599334', '', '', 'gurrane firies', '', '', 'killarney', 'kerry', 'ireland', NULL, '', '', 0, 0),
(196, '', 'patrick', 'keogh', '012854409', '', '', '', '77 pearse gardens', '', '', 'sallynoggin', 'dublin', 'ireland', NULL, '', '', 0, 0),
(197, '', 'patrick', 'o''daly', '012850959', '', '', '', '4 gosworth park', 'sandycove', '', 'dublin', 'dublin', 'ireland', NULL, '', '', 0, 0),
(198, '', 'patrick', 'o''sullivan', '', '', '', '', 'sycamore drive', '', '', 'newcastlewest', 'limerick', 'ireland', '2016-08-30', '', '', 0, 0),
(199, '', 'patrick', 'spellman', '014523486', '', '', '', '9 bawnville drive', 'tallaght', 'tallaght', 'dublin 24', 'dublin', 'ireland', NULL, '', '', 0, 0),
(200, '', 'paul', '& michelle fitzpatrick', '', '', '', '', '67 lucan road', '', 'chapelizod', 'dublin 20', 'dublin', 'ireland', NULL, '', '', 0, 0),
(201, '', 'paul', 'cope', '', '', '', '', 'hymanstown', '', '', 'new inn', 'tipperary', 'ireland', NULL, '', '', 0, 0),
(202, '', 'paul', 'shee', '', '', '', '', 'bannoxtown', 'fethard', '', '', 'tipperary', 'ireland', NULL, '', '', 0, 0),
(203, '', 'paula', 'steele', '', '', '', '', 'barrow house', 'ballylinan', '', 'athy', 'kildare', 'ireland', NULL, '', '', 0, 0),
(204, '', 'pauline', 'vaughan', '', '', '', '', 'cloncon', 'ballagh', '', 'co limerick', '', 'ireland', NULL, '', '', 0, 0),
(205, '', 'peter', 'mchugh', '0749545275', '', 'pmchugh.mchugh@gmail.com', '', 'drumbohill', '', '', 'portnoo', 'donegal', 'ireland', NULL, '', 'p037', 0, 0),
(206, '', 'philomena', 'o''gorman', '0656832405', '0879418574', '', '', 'gortnahaha', '', '', 'kildysart', 'clare', 'ireland', NULL, '', 'o073', 0, 0),
(207, '', 'richard/dick', 'smith', '0469025932', '', '', '', '20 kilcarty road', 'kilmessen', '', 'navan', 'meath', 'ireland', NULL, '', '', 0, 0),
(208, '', 'robert', 'blackmore', '05256769', '', '', '', 'crosscannon', '', '', 'killenaule', 'tipperary', 'ireland', NULL, '', '', 0, 0),
(209, '', 'ronan', 'kildea', '', '', '', '', '3 castlerock', 'tulla road', '', 'ennis', 'clare', 'ireland', NULL, '', '0', 0, 0),
(210, '', 'rose', 'christie', '', '', '', '', '9 finglas lawn', '', '', 'dublin', 'dublin', 'ireland', NULL, '', '', 0, 0),
(211, '', 'sadie', 'mc kenna', '02893323677', '', '', '', '37 hawthorne way', '', '', 'ballyclaire', 'antrim', 'ireland', NULL, '', '', 0, 0),
(212, '', 'sarah', 'garrity', '', '0879579893', '', '', '3lisdrumskeagh', '', '', 'shercock', 'cavan', 'ireland', NULL, '', '', 0, 0),
(213, '', 'sean', 'cullen', '0567768947', '', '', '', 'castlecolumb', '', '', 'knocktopher', 'kilkenny', 'ireland', NULL, '', '', 0, 0),
(214, '', 'sean', 'hanafin', '0669151444', '', '', '', 'beenbawn', '', '', 'dingle', 'kerry', 'ireland', NULL, '', '800236', 0, 0),
(215, '', 'sean', 'o connell', '0863203490', '', '', '', '6 reask green', '', '', 'navan', 'meath', 'ireland', NULL, '', '700362', 0, 0),
(216, '', 'sean', 'o''riada', '02645671', '0861641713', '', '', 'cuil aodh', '', '', 'macroom', 'cork', 'ireland', NULL, '', '', 0, 0),
(217, '', 'sean', 'quish', '', '0878234376', '', '', 'hilton estate', 'model farm rd', '', 'bishopstown', 'cork', 'ireland', NULL, '', '', 0, 0),
(218, '', 'sean', 'rodgers', '', '0872330185', '', '', 'calhame', '', '', 'annagry', 'donegal', 'ireland', NULL, '', '', 0, 0),
(219, '', 'sharon', 'friel', '0872549722', '', '', '', '2 turvey avenue cottages', 'donabaate', '', 'dublin', 'dublin', 'ireland', NULL, '', '', 0, 0),
(220, '', 'sheila', 'gillespie', '', '', '', '', '9 ard chrone', 'quay road', '', 'dungloe', 'donegal', 'ireland', NULL, '', '', 0, 0),
(221, '', 'sheila', 'murphy', '0872581136', '0872581136', '', '', 'butterfly cottage', 'tinnapark drive', 'old long hill, enniskerry', 'killpeder', 'wicklow', 'ireland', NULL, '', '', 0, 0),
(222, '', 'sinead', 'o''mahony', '06972549', '', '', '', 'ballinaka', 'feohunall', '', 'newcastle road', 'limerick', 'ireland', NULL, '', '', 0, 0),
(223, '', 'sinead', 'perez', '', '', '', '', '44 cluain droichead', '', '', 'sixmilebridge', 'clare', 'ireland', NULL, '', '', 0, 0),
(224, '', 'stephen', 'mahoney', '0667141894', '', '', '', 'chestnut house', 'camp', '', 'castleisland', 'kerry', 'ireland', NULL, '', '', 0, 0),
(225, '', 'stephen', 'mcnulty', '', '', '', '', 'clondalkin', '', '', 'clondalkin', 'dublin', 'ireland', NULL, '', '', 0, 0),
(226, '', 'susan', 'clarke', '0749168052', '', '', '', '25 glendale drive', '', '', 'letterkenny', 'donegal', 'ireland', '2018-01-05', '', '', 0, 0),
(227, '', 'susan', 'mcnabb', '', '0876187942', '', '', '89 monastery drive', '', '', 'clondalkin', 'dublin', 'ireland', NULL, '', '', 0, 0),
(228, '', 'tara', 'fields', '', '', '', '', 'tarker house, lehenaghmore', '', '', 'pouladuff', 'cork', 'ireland', NULL, '', '', 0, 0),
(229, '', 'terence', 'murphy', '012864560', '', '', '', 'silver birch', '211 killarney park', '', 'bray', 'wicklow', 'ireland', NULL, '', '', 0, 0),
(230, '', 'teresa', 'mcconnoll', '014561224', '', '', '', '104 bunting road', 'walkinstown', '', 'dublin 12', 'dublin', 'ireland', NULL, '', '', 0, 0),
(231, '', 'thomas', 'bruton', '', '', '', '', 'confey stud', '', '', 'leixlip', 'kildare', 'ireland', NULL, '', '', 0, 0),
(232, '', 'tony', 'kitterick', '0749723131', '', '', '', '56 fernhill', 'glencar', '', 'letterkenny', 'donegal', 'ireland', NULL, '', '8667', 0, 0),
(233, '', 'tracy', 'harris', '', '', '', '', '', '31 ard na graine', '', 'bray', 'wicklow', 'ireland', NULL, '', '', 0, 0),
(234, '', 'una', 'baker', '', '0864037606', '', '', 'ardamore', 'ballydavid', '', 'tralee', 'kerry', 'ireland', NULL, '', '', 0, 0),
(235, '', 'val', 'nolan', '', '', '', '', 'monashennach', 'ardagh', '', '', 'limerick', 'ireland', NULL, '', '', 0, 0),
(236, '', 'vincent', 'cagney', '', '', '', '', '', '', '', 'kilteely', 'limerick', 'ireland', NULL, '', '', 0, 0),
(237, '', 'william', 'mitchell', '', '', '', '', '387 ard baithin', 'st. johnston', '', 'lifford', 'donegal', 'ireland', NULL, '', '', 0, 0),
(238, '', 'william', 'ward', '012858257', '', '', '', '2 knocknalree grove', 'dalkey', '', 'dun laoghaire', 'dublin', 'ireland', NULL, '', '', 0, 0),
(239, '', 'no', 'name', '', '', '', '', 'clonarden', 'garlow cross', '', 'navan', 'meath', 'ireland', NULL, '', 'dead', 0, 0),
(240, '', 'no', 'name', '0857109284', '', '', '', '', '', '', '', 'meath', 'ireland', NULL, '', '', 0, 0),
(241, '', 'no', 'name', '091577997', '0879850801', '', '', 'rossaveel', '', '', 'galway', 'galway', 'ireland', NULL, '', 'm070', 0, 0),
(242, NULL, 'colin', 'curran fake', '3', '3', 'fake@gmail.com', '3', '3', '3', '3', '3', 'limerick', 'ireland', '2000-01-01', NULL, '3', 0, 0),
(243, NULL, 'colin', 'curran fake', '3', '3', 'fake@gmail.com', '', '3', '33', '44', '4', 'kerry', 'ireland', '2000-01-01', NULL, '', 0, 0),
(244, NULL, 'a fake', 'person', '4', '5', 'fake@gmail.com', '', 'r', 'r', 'r', 'r', 'galway', 'ireland', '2000-01-01', NULL, '', 0, 0),
(245, NULL, '6', '6', '7', '7', 'fake@gmail.com', '7', '7', '7', '7', '7', 'antrim', 'ireland', '2000-01-01', NULL, '', 1, 0);

-- --------------------------------------------------------

--
-- Table structure for table `customer_activity`
--

DROP TABLE IF EXISTS `customer_activity`;
CREATE TABLE IF NOT EXISTS `customer_activity` (
  `customerid` int(10) NOT NULL,
  `activityid` int(10) NOT NULL,
  KEY `customerid` (`customerid`),
  KEY `activityid` (`activityid`)
) ENGINE=InnoDB DEFAULT CHARSET=latin1;

--
-- Dumping data for table `customer_activity`
--

INSERT INTO `customer_activity` (`customerid`, `activityid`) VALUES
(3, 26),
(11, 27),
(3, 28),
(3, 29),
(3, 30),
(3, 31),
(3, 32),
(3, 33),
(3, 34),
(3, 35),
(3, 46),
(11, 62),
(3, 65),
(13, 187),
(2, 191),
(2, 193),
(198, 194),
(198, 207),
(1, 235),
(3, 249),
(2, 250),
(4, 252),
(10, 253),
(1, 305),
(3, 310),
(3, 311),
(3, 312),
(3, 313),
(3, 313),
(3, 313),
(3, 313),
(3, 313),
(4, 316),
(3, 350),
(72, 353),
(226, 356),
(244, 357),
(2, 358),
(5, 360),
(2, 361),
(4, 363);

-- --------------------------------------------------------

--
-- Table structure for table `customer_requires`
--

DROP TABLE IF EXISTS `customer_requires`;
CREATE TABLE IF NOT EXISTS `customer_requires` (
  `jobid` int(10) NOT NULL,
  `customerid` int(10) NOT NULL,
  KEY `jobid` (`jobid`),
  KEY `customerid` (`customerid`)
) ENGINE=InnoDB DEFAULT CHARSET=latin1;

--
-- Dumping data for table `customer_requires`
--

INSERT INTO `customer_requires` (`jobid`, `customerid`) VALUES
(1, 1),
(2, 1),
(3, 2),
(4, 3),
(5, 4),
(6, 5),
(7, 6),
(8, 6),
(9, 7),
(10, 8),
(11, 9),
(12, 10),
(13, 11),
(14, 12),
(15, 13),
(16, 13),
(17, 14),
(18, 15),
(19, 16),
(20, 17),
(21, 18),
(22, 19),
(23, 20),
(24, 21),
(25, 21),
(26, 22),
(27, 23),
(28, 24),
(29, 25),
(30, 26),
(31, 27),
(32, 27),
(33, 27),
(34, 28),
(35, 29),
(36, 30),
(37, 31),
(38, 32),
(39, 33),
(40, 34),
(41, 35),
(42, 35),
(43, 36),
(44, 37),
(45, 38),
(46, 39),
(47, 40),
(48, 41),
(49, 42),
(50, 42),
(51, 43),
(52, 44),
(53, 45),
(54, 46),
(55, 47),
(56, 48),
(57, 49),
(58, 49),
(59, 49),
(60, 50),
(61, 51),
(62, 52),
(63, 52),
(64, 52),
(65, 52),
(66, 54),
(67, 55),
(68, 56),
(69, 57),
(70, 58),
(71, 59),
(72, 60),
(73, 61),
(74, 61),
(75, 62),
(76, 63),
(77, 64),
(78, 65),
(79, 66),
(80, 66),
(81, 67),
(82, 68),
(83, 68),
(84, 69),
(85, 70),
(86, 71),
(87, 72),
(88, 73),
(89, 74),
(90, 75),
(91, 76),
(92, 77),
(93, 78),
(94, 78),
(95, 80),
(96, 81),
(97, 82),
(98, 83),
(99, 84),
(100, 85),
(101, 86),
(102, 87),
(103, 88),
(104, 89),
(105, 90),
(106, 91),
(107, 92),
(108, 93),
(109, 94),
(110, 95),
(111, 96),
(112, 97),
(113, 97),
(114, 98),
(115, 99),
(116, 99),
(117, 100),
(118, 101),
(119, 102),
(120, 103),
(121, 104),
(122, 105),
(123, 105),
(124, 106),
(125, 107),
(126, 108),
(127, 109),
(128, 109),
(129, 110),
(130, 111),
(131, 112),
(132, 113),
(133, 114),
(134, 115),
(135, 116),
(136, 117),
(137, 117),
(138, 118),
(139, 119),
(140, 119),
(141, 121),
(142, 121),
(143, 122),
(144, 123),
(145, 124),
(146, 125),
(147, 126),
(148, 127),
(149, 128),
(150, 128),
(151, 130),
(152, 131),
(153, 132),
(154, 133),
(155, 134),
(156, 135),
(157, 136),
(158, 137),
(159, 138),
(160, 138),
(161, 138),
(162, 138),
(163, 138),
(164, 140),
(165, 141),
(166, 142),
(167, 143),
(168, 144),
(169, 145),
(170, 146),
(171, 147),
(172, 148),
(173, 149),
(174, 150),
(175, 151),
(176, 152),
(177, 152),
(178, 152),
(179, 153),
(180, 154),
(181, 154),
(182, 154),
(183, 156),
(184, 157),
(185, 158),
(186, 159),
(187, 160),
(188, 161),
(189, 162),
(190, 163),
(191, 164),
(192, 164),
(193, 165),
(194, 166),
(195, 167),
(196, 168),
(197, 169),
(198, 170),
(199, 170),
(200, 171),
(201, 172),
(202, 173),
(203, 174),
(204, 175),
(205, 176),
(206, 177),
(207, 178),
(208, 179),
(209, 180),
(210, 181),
(211, 181),
(212, 182),
(213, 182),
(214, 183),
(215, 184),
(216, 185),
(217, 186),
(218, 186),
(219, 187),
(220, 188),
(221, 188),
(222, 188),
(223, 189),
(224, 190),
(225, 191),
(226, 192),
(227, 192),
(228, 193),
(229, 194),
(230, 195),
(231, 196),
(232, 197),
(233, 198),
(234, 199),
(235, 200),
(236, 201),
(237, 202),
(238, 203),
(239, 204),
(240, 205),
(241, 206),
(242, 207),
(243, 208),
(244, 209),
(245, 210),
(246, 211),
(247, 212),
(248, 213),
(249, 214),
(250, 214),
(251, 215),
(252, 216),
(253, 217),
(254, 218),
(255, 219),
(256, 220),
(257, 221),
(258, 222),
(259, 222),
(260, 223),
(261, 223),
(262, 224),
(263, 225),
(264, 225),
(265, 225),
(266, 226),
(267, 226),
(268, 227),
(269, 228),
(270, 229),
(271, 229),
(272, 230),
(273, 231),
(274, 232),
(275, 233),
(276, 234),
(277, 235),
(278, 236),
(279, 236),
(280, 237),
(281, 238),
(2329, 1),
(2330, 2),
(2331, 10),
(2332, 13),
(2335, 16),
(2336, 198),
(2338, 199),
(2339, 2),
(2340, 2),
(2341, 137),
(2342, 137),
(2343, 137),
(2344, 137),
(2345, 137),
(2346, 137),
(2347, 6),
(2348, 7),
(2349, 7),
(2350, 7),
(2351, 7),
(2352, 15),
(2353, 11),
(2357, 3),
(2358, 3),
(2360, 3),
(2392, 6),
(2395, 16),
(2396, 2),
(2397, 198),
(2445, 1),
(2447, 2),
(2448, 2),
(2451, 9),
(2452, 8),
(2453, 6),
(2454, 12),
(2456, 12),
(2465, 4),
(2470, 3),
(2471, 11),
(2473, 14),
(2474, 11),
(2475, 11),
(2491, 244),
(2493, 2);

-- --------------------------------------------------------

--
-- Table structure for table `customer_to_project`
--

DROP TABLE IF EXISTS `customer_to_project`;
CREATE TABLE IF NOT EXISTS `customer_to_project` (
  `customerid` int(12) NOT NULL,
  `projectid` int(12) NOT NULL
) ENGINE=MyISAM DEFAULT CHARSET=latin1;

--
-- Dumping data for table `customer_to_project`
--

INSERT INTO `customer_to_project` (`customerid`, `projectid`) VALUES
(2, 9),
(2, 9),
(1, 9),
(1, 9),
(1, 9),
(1, 9),
(1, 2);

-- --------------------------------------------------------

--
-- Table structure for table `going_on`
--

DROP TABLE IF EXISTS `going_on`;
CREATE TABLE IF NOT EXISTS `going_on` (
  `userid` varchar(20) NOT NULL,
  `holidayid` int(6) NOT NULL,
  KEY `holidayid` (`holidayid`),
  KEY `userid` (`userid`)
) ENGINE=InnoDB DEFAULT CHARSET=latin1;

-- --------------------------------------------------------

--
-- Table structure for table `holidays_and_leave`
--

DROP TABLE IF EXISTS `holidays_and_leave`;
CREATE TABLE IF NOT EXISTS `holidays_and_leave` (
  `holidayid` int(6) NOT NULL AUTO_INCREMENT,
  `start_date` date NOT NULL,
  `end_date` date NOT NULL,
  PRIMARY KEY (`holidayid`)
) ENGINE=InnoDB DEFAULT CHARSET=latin1;

-- --------------------------------------------------------

--
-- Table structure for table `jobs`
--

DROP TABLE IF EXISTS `jobs`;
CREATE TABLE IF NOT EXISTS `jobs` (
  `jobid` int(10) NOT NULL AUTO_INCREMENT,
  `complete` tinyint(1) DEFAULT '0',
  `job_type` varchar(20) DEFAULT NULL,
  `job_description` varchar(200) DEFAULT NULL,
  `job_status` varchar(20) DEFAULT NULL,
  `due_date` date DEFAULT NULL,
  `creation_date` date DEFAULT NULL,
  `sage_reference` varchar(20) DEFAULT NULL,
  `po_number` varchar(30) DEFAULT NULL,
  `job_number` varchar(20) DEFAULT NULL,
  `number_of_assets` int(10) DEFAULT NULL,
  `notes` varchar(200) DEFAULT NULL,
  `quote_number` varchar(30) DEFAULT NULL,
  `result` varchar(40) DEFAULT NULL,
  `result_description` varchar(200) DEFAULT NULL,
  `next_action` varchar(40) DEFAULT NULL,
  `next_action_description` varchar(200) DEFAULT NULL,
  `complete_date` date DEFAULT NULL,
  `add_asset` tinyint(1) DEFAULT '0',
  `invoice_number` varchar(20) DEFAULT NULL,
  PRIMARY KEY (`jobid`)
) ENGINE=InnoDB AUTO_INCREMENT=2494 DEFAULT CHARSET=latin1;

--
-- Dumping data for table `jobs`
--

INSERT INTO `jobs` (`jobid`, `complete`, `job_type`, `job_description`, `job_status`, `due_date`, `creation_date`, `sage_reference`, `po_number`, `job_number`, `number_of_assets`, `notes`, `quote_number`, `result`, `result_description`, `next_action`, `next_action_description`, `complete_date`, `add_asset`, `invoice_number`) VALUES
(1, NULL, '', '', '', '2000-01-01', '0000-00-00', '', '', '', NULL, NULL, NULL, NULL, NULL, NULL, NULL, NULL, 0, NULL),
(2, NULL, '', '', '', '2000-01-01', '0000-00-00', '', '', '', NULL, NULL, NULL, NULL, NULL, NULL, NULL, NULL, 0, NULL),
(3, NULL, '', '', '', '2000-01-01', '0000-00-00', '', '', '', NULL, NULL, NULL, NULL, NULL, NULL, NULL, NULL, 0, NULL),
(4, NULL, '', '', '', '2000-01-01', '0000-00-00', '', '', '', NULL, NULL, NULL, NULL, NULL, NULL, NULL, NULL, 0, NULL),
(5, NULL, '', '', '', '2000-01-01', '0000-00-00', '', '', '', NULL, NULL, NULL, NULL, NULL, NULL, NULL, NULL, 0, NULL),
(6, NULL, '', '', '', '2000-01-01', '0000-00-00', '', '', '', NULL, NULL, NULL, NULL, NULL, NULL, NULL, NULL, 0, NULL),
(7, NULL, '', '', '', '2000-01-01', '0000-00-00', '', '', '', NULL, NULL, NULL, NULL, NULL, NULL, NULL, NULL, 0, NULL),
(8, NULL, '', '', '', '2000-01-01', '0000-00-00', '', '', '', NULL, NULL, NULL, NULL, NULL, NULL, NULL, NULL, 0, NULL),
(9, NULL, '', '', '', '2000-01-01', '0000-00-00', '', '', '', NULL, NULL, NULL, NULL, NULL, NULL, NULL, NULL, 0, NULL),
(10, NULL, '', '', '', '2000-01-01', '0000-00-00', '', '', '', NULL, NULL, NULL, NULL, NULL, NULL, NULL, NULL, 0, NULL),
(11, NULL, '', '', '', '2000-01-01', '0000-00-00', '', '', '', NULL, NULL, NULL, NULL, NULL, NULL, NULL, NULL, 0, NULL),
(12, NULL, '', '', '', '2000-01-01', '0000-00-00', '', '', '', NULL, NULL, NULL, NULL, NULL, NULL, NULL, NULL, 0, NULL),
(13, NULL, '', '', '', '2000-01-01', '0000-00-00', '', '', '', NULL, NULL, NULL, NULL, NULL, NULL, NULL, NULL, 0, NULL),
(14, NULL, '', '', '', '2000-01-01', '0000-00-00', '', '', '', NULL, NULL, NULL, NULL, NULL, NULL, NULL, NULL, 0, NULL),
(15, NULL, '', '', '', '2000-01-01', '0000-00-00', '', '', '', NULL, NULL, NULL, NULL, NULL, NULL, NULL, NULL, 0, NULL),
(16, NULL, '', '', '', '2000-01-01', '0000-00-00', '', '', '', NULL, NULL, NULL, NULL, NULL, NULL, NULL, NULL, 0, NULL),
(17, NULL, '', '', '', '2000-01-01', '0000-00-00', '', '', '', NULL, NULL, NULL, NULL, NULL, NULL, NULL, NULL, 0, NULL),
(18, NULL, '', '', '', '2000-01-01', '0000-00-00', '', '', '', NULL, NULL, NULL, NULL, NULL, NULL, NULL, NULL, 0, NULL),
(19, NULL, '', '', '', '2000-01-01', '0000-00-00', '', '', '', NULL, NULL, NULL, NULL, NULL, NULL, NULL, NULL, 0, NULL),
(20, NULL, '', '', '', '2000-01-01', '0000-00-00', '', '', '', NULL, NULL, NULL, NULL, NULL, NULL, NULL, NULL, 0, NULL),
(21, NULL, '', '', '', '2000-01-01', '0000-00-00', '', '', '', NULL, NULL, NULL, NULL, NULL, NULL, NULL, NULL, 0, NULL),
(22, NULL, '', '', '', '2000-01-01', '0000-00-00', '', '', '', NULL, NULL, NULL, NULL, NULL, NULL, NULL, NULL, 0, NULL),
(23, NULL, '', '', '', '2000-01-01', '0000-00-00', '', '', '', NULL, NULL, NULL, NULL, NULL, NULL, NULL, NULL, 0, NULL),
(24, NULL, '', '', '', '2000-01-01', '0000-00-00', '', '', '', NULL, NULL, NULL, NULL, NULL, NULL, NULL, NULL, 0, NULL),
(25, NULL, '', '', '', '2000-01-01', '0000-00-00', '', '', '', NULL, NULL, NULL, NULL, NULL, NULL, NULL, NULL, 0, NULL),
(26, NULL, '', '', '', '2000-01-01', '0000-00-00', '', '', '', NULL, NULL, NULL, NULL, NULL, NULL, NULL, NULL, 0, NULL),
(27, NULL, '', '', '', '2000-01-01', '0000-00-00', '', '', '', NULL, NULL, NULL, NULL, NULL, NULL, NULL, NULL, 0, NULL),
(28, NULL, '', '', '', '2000-01-01', '0000-00-00', '', '', '', NULL, NULL, NULL, NULL, NULL, NULL, NULL, NULL, 0, NULL),
(29, NULL, '', '', '', '2000-01-01', '0000-00-00', '', '', '', NULL, NULL, NULL, NULL, NULL, NULL, NULL, NULL, 0, NULL),
(30, NULL, '', '', '', '2000-01-01', '0000-00-00', '', '', '', NULL, NULL, NULL, NULL, NULL, NULL, NULL, NULL, 0, NULL),
(31, NULL, '', '', '', '2000-01-01', '0000-00-00', '', '', '', NULL, NULL, NULL, NULL, NULL, NULL, NULL, NULL, 0, NULL),
(32, NULL, '', '', '', '2000-01-01', '0000-00-00', '', '', '', NULL, NULL, NULL, NULL, NULL, NULL, NULL, NULL, 0, NULL),
(33, NULL, '', '', '', '2000-01-01', '0000-00-00', '', '', '', NULL, NULL, NULL, NULL, NULL, NULL, NULL, NULL, 0, NULL),
(34, NULL, '', '', '', '2000-01-01', '0000-00-00', '', '', '', NULL, NULL, NULL, NULL, NULL, NULL, NULL, NULL, 0, NULL),
(35, NULL, '', '', '', '2000-01-01', '0000-00-00', '', '', '', NULL, NULL, NULL, NULL, NULL, NULL, NULL, NULL, 0, NULL),
(36, NULL, '', '', '', '2000-01-01', '0000-00-00', '', '', '', NULL, NULL, NULL, NULL, NULL, NULL, NULL, NULL, 0, NULL),
(37, NULL, '', '', '', '2000-01-01', '0000-00-00', '', '', '', NULL, NULL, NULL, NULL, NULL, NULL, NULL, NULL, 0, NULL),
(38, NULL, '', '', '', '2000-01-01', '0000-00-00', '', '', '', NULL, NULL, NULL, NULL, NULL, NULL, NULL, NULL, 0, NULL),
(39, NULL, '', '', '', '2000-01-01', '0000-00-00', '', '', '', NULL, NULL, NULL, NULL, NULL, NULL, NULL, NULL, 0, NULL),
(40, NULL, '', '', '', '2000-01-01', '0000-00-00', '', '', '', NULL, NULL, NULL, NULL, NULL, NULL, NULL, NULL, 0, NULL),
(41, NULL, '', '', '', '2000-01-01', '0000-00-00', '', '', '', NULL, NULL, NULL, NULL, NULL, NULL, NULL, NULL, 0, NULL),
(42, NULL, '', '', '', '2000-01-01', '0000-00-00', '', '', '', NULL, NULL, NULL, NULL, NULL, NULL, NULL, NULL, 0, NULL),
(43, NULL, '', '', '', '2000-01-01', '0000-00-00', '', '', '', NULL, NULL, NULL, NULL, NULL, NULL, NULL, NULL, 0, NULL),
(44, NULL, '', '', '', '2000-01-01', '0000-00-00', '', '', '', NULL, NULL, NULL, NULL, NULL, NULL, NULL, NULL, 0, NULL),
(45, NULL, '', '', '', '2000-01-01', '0000-00-00', '', '', '', NULL, NULL, NULL, NULL, NULL, NULL, NULL, NULL, 0, NULL),
(46, NULL, '', '', '', '2000-01-01', '0000-00-00', '', '', '', NULL, NULL, NULL, NULL, NULL, NULL, NULL, NULL, 0, NULL),
(47, NULL, '', '', '', '2000-01-01', '0000-00-00', '', '', '', NULL, NULL, NULL, NULL, NULL, NULL, NULL, NULL, 0, NULL),
(48, NULL, '', '', '', '2000-01-01', '0000-00-00', '', '', '', NULL, NULL, NULL, NULL, NULL, NULL, NULL, NULL, 0, NULL),
(49, NULL, '', '', '', '2000-01-01', '0000-00-00', '', '', '', NULL, NULL, NULL, NULL, NULL, NULL, NULL, NULL, 0, NULL),
(50, NULL, '', '', '', '2000-01-01', '0000-00-00', '', '', '', NULL, NULL, NULL, NULL, NULL, NULL, NULL, NULL, 0, NULL),
(51, NULL, '', '', '', '2000-01-01', '0000-00-00', '', '', '', NULL, NULL, NULL, NULL, NULL, NULL, NULL, NULL, 0, NULL),
(52, NULL, '', '', '', '2000-01-01', '0000-00-00', '', '', '', NULL, NULL, NULL, NULL, NULL, NULL, NULL, NULL, 0, NULL),
(53, NULL, '', '', '', '2000-01-01', '0000-00-00', '', '', '', NULL, NULL, NULL, NULL, NULL, NULL, NULL, NULL, 0, NULL),
(54, NULL, '', '', '', '2000-01-01', '0000-00-00', '', '', '', NULL, NULL, NULL, NULL, NULL, NULL, NULL, NULL, 0, NULL),
(55, NULL, '', '', '', '2000-01-01', '0000-00-00', '', '', '', NULL, NULL, NULL, NULL, NULL, NULL, NULL, NULL, 0, NULL),
(56, NULL, '', '', '', '2000-01-01', '0000-00-00', '', '', '', NULL, NULL, NULL, NULL, NULL, NULL, NULL, NULL, 0, NULL),
(57, NULL, '', '', '', '2000-01-01', '0000-00-00', '', '', '', NULL, NULL, NULL, NULL, NULL, NULL, NULL, NULL, 0, NULL),
(58, NULL, '', '', '', '2000-01-01', '0000-00-00', '', '', '', NULL, NULL, NULL, NULL, NULL, NULL, NULL, NULL, 0, NULL),
(59, NULL, '', '', '', '2000-01-01', '0000-00-00', '', '', '', NULL, NULL, NULL, NULL, NULL, NULL, NULL, NULL, 0, NULL),
(60, NULL, '', '', '', '2000-01-01', '0000-00-00', '', '', '', NULL, NULL, NULL, NULL, NULL, NULL, NULL, NULL, 0, NULL),
(61, NULL, '', '', '', '2000-01-01', '0000-00-00', '', '', '', NULL, NULL, NULL, NULL, NULL, NULL, NULL, NULL, 0, NULL),
(62, NULL, '', '', '', '2000-01-01', '0000-00-00', '', '', '', NULL, NULL, NULL, NULL, NULL, NULL, NULL, NULL, 0, NULL),
(63, NULL, '', '', '', '2000-01-01', '0000-00-00', '', '', '', NULL, NULL, NULL, NULL, NULL, NULL, NULL, NULL, 0, NULL),
(64, NULL, '', '', '', '2000-01-01', '0000-00-00', '', '', '', NULL, NULL, NULL, NULL, NULL, NULL, NULL, NULL, 0, NULL),
(65, NULL, '', '', '', '2000-01-01', '0000-00-00', '', '', '', NULL, NULL, NULL, NULL, NULL, NULL, NULL, NULL, 0, NULL),
(66, NULL, '', '', '', '2000-01-01', '0000-00-00', '', '', '', NULL, NULL, NULL, NULL, NULL, NULL, NULL, NULL, 0, NULL),
(67, NULL, '', '', '', '2000-01-01', '0000-00-00', '', '', '', NULL, NULL, NULL, NULL, NULL, NULL, NULL, NULL, 0, NULL),
(68, NULL, '', '', '', '2000-01-01', '0000-00-00', '', '', '', NULL, NULL, NULL, NULL, NULL, NULL, NULL, NULL, 0, NULL),
(69, NULL, '', '', '', '2000-01-01', '0000-00-00', '', '', '', NULL, NULL, NULL, NULL, NULL, NULL, NULL, NULL, 0, NULL),
(70, NULL, '', '', '', '2000-01-01', '0000-00-00', '', '', '', NULL, NULL, NULL, NULL, NULL, NULL, NULL, NULL, 0, NULL),
(71, NULL, '', '', '', '2000-01-01', '0000-00-00', '', '', '', NULL, NULL, NULL, NULL, NULL, NULL, NULL, NULL, 0, NULL),
(72, NULL, '', '', '', '2000-01-01', '0000-00-00', '', '', '', NULL, NULL, NULL, NULL, NULL, NULL, NULL, NULL, 0, NULL),
(73, NULL, '', '', '', '2000-01-01', '0000-00-00', '', '', '', NULL, NULL, NULL, NULL, NULL, NULL, NULL, NULL, 0, NULL),
(74, NULL, '', '', '', '2000-01-01', '0000-00-00', '', '', '', NULL, NULL, NULL, NULL, NULL, NULL, NULL, NULL, 0, NULL),
(75, NULL, '', '', '', '2000-01-01', '0000-00-00', '', '', '', NULL, NULL, NULL, NULL, NULL, NULL, NULL, NULL, 0, NULL),
(76, NULL, '', '', '', '2000-01-01', '0000-00-00', '', '', '', NULL, NULL, NULL, NULL, NULL, NULL, NULL, NULL, 0, NULL),
(77, NULL, '', '', '', '2000-01-01', '0000-00-00', '', '', '', NULL, NULL, NULL, NULL, NULL, NULL, NULL, NULL, 0, NULL),
(78, NULL, '', '', '', '2000-01-01', '0000-00-00', '', '', '', NULL, NULL, NULL, NULL, NULL, NULL, NULL, NULL, 0, NULL),
(79, NULL, '', '', '', '2000-01-01', '0000-00-00', '', '', '', NULL, NULL, NULL, NULL, NULL, NULL, NULL, NULL, 0, NULL),
(80, NULL, '', '', '', '2000-01-01', '0000-00-00', '', '', '', NULL, NULL, NULL, NULL, NULL, NULL, NULL, NULL, 0, NULL),
(81, NULL, '', '', '', '2000-01-01', '0000-00-00', '', '', '', NULL, NULL, NULL, NULL, NULL, NULL, NULL, NULL, 0, NULL),
(82, NULL, '', '', '', '2000-01-01', '0000-00-00', '', '', '', NULL, NULL, NULL, NULL, NULL, NULL, NULL, NULL, 0, NULL),
(83, NULL, '', '', '', '2000-01-01', '0000-00-00', '', '', '', NULL, NULL, NULL, NULL, NULL, NULL, NULL, NULL, 0, NULL),
(84, NULL, '', '', '', '2000-01-01', '0000-00-00', '', '', '', NULL, NULL, NULL, NULL, NULL, NULL, NULL, NULL, 0, NULL),
(85, NULL, '', '', '', '2000-01-01', '0000-00-00', '', '', '', NULL, NULL, NULL, NULL, NULL, NULL, NULL, NULL, 0, NULL),
(86, NULL, '', '', '', '2000-01-01', '0000-00-00', '', '', '', NULL, NULL, NULL, NULL, NULL, NULL, NULL, NULL, 0, NULL),
(87, NULL, '', '', '', '2000-01-01', '0000-00-00', '', '', '', NULL, NULL, NULL, NULL, NULL, NULL, NULL, NULL, 0, NULL),
(88, NULL, '', '', '', '2000-01-01', '0000-00-00', '', '', '', NULL, NULL, NULL, NULL, NULL, NULL, NULL, NULL, 0, NULL),
(89, NULL, '', '', '', '2000-01-01', '0000-00-00', '', '', '', NULL, NULL, NULL, NULL, NULL, NULL, NULL, NULL, 0, NULL),
(90, NULL, '', '', '', '2000-01-01', '0000-00-00', '', '', '', NULL, NULL, NULL, NULL, NULL, NULL, NULL, NULL, 0, NULL),
(91, NULL, '', '', '', '2000-01-01', '0000-00-00', '', '', '', NULL, NULL, NULL, NULL, NULL, NULL, NULL, NULL, 0, NULL),
(92, NULL, '', '', '', '2000-01-01', '0000-00-00', '', '', '', NULL, NULL, NULL, NULL, NULL, NULL, NULL, NULL, 0, NULL),
(93, NULL, '', '', '', '2000-01-01', '0000-00-00', '', '', '', NULL, NULL, NULL, NULL, NULL, NULL, NULL, NULL, 0, NULL),
(94, NULL, '', '', '', '2000-01-01', '0000-00-00', '', '', '', NULL, NULL, NULL, NULL, NULL, NULL, NULL, NULL, 0, NULL),
(95, NULL, '', '', '', '2000-01-01', '0000-00-00', '', '', '', NULL, NULL, NULL, NULL, NULL, NULL, NULL, NULL, 0, NULL),
(96, NULL, '', '', '', '2000-01-01', '0000-00-00', '', '', '', NULL, NULL, NULL, NULL, NULL, NULL, NULL, NULL, 0, NULL),
(97, NULL, '', '', '', '2000-01-01', '0000-00-00', '', '', '', NULL, NULL, NULL, NULL, NULL, NULL, NULL, NULL, 0, NULL),
(98, NULL, '', '', '', '2000-01-01', '0000-00-00', '', '', '', NULL, NULL, NULL, NULL, NULL, NULL, NULL, NULL, 0, NULL),
(99, NULL, '', '', '', '2000-01-01', '0000-00-00', '', '', '', NULL, NULL, NULL, NULL, NULL, NULL, NULL, NULL, 0, NULL),
(100, NULL, '', '', '', '2000-01-01', '0000-00-00', '', '', '', NULL, NULL, NULL, NULL, NULL, NULL, NULL, NULL, 0, NULL),
(101, NULL, '', '', '', '2000-01-01', '0000-00-00', '', '', '', NULL, NULL, NULL, NULL, NULL, NULL, NULL, NULL, 0, NULL),
(102, NULL, '', '', '', '2000-01-01', '0000-00-00', '', '', '', NULL, NULL, NULL, NULL, NULL, NULL, NULL, NULL, 0, NULL),
(103, NULL, '', '', '', '2000-01-01', '0000-00-00', '', '', '', NULL, NULL, NULL, NULL, NULL, NULL, NULL, NULL, 0, NULL),
(104, NULL, '', '', '', '2000-01-01', '0000-00-00', '', '', '', NULL, NULL, NULL, NULL, NULL, NULL, NULL, NULL, 0, NULL),
(105, NULL, '', '', '', '2000-01-01', '0000-00-00', '', '', '', NULL, NULL, NULL, NULL, NULL, NULL, NULL, NULL, 0, NULL),
(106, NULL, '', '', '', '2000-01-01', '0000-00-00', '', '', '', NULL, NULL, NULL, NULL, NULL, NULL, NULL, NULL, 0, NULL),
(107, NULL, '', '', '', '2000-01-01', '0000-00-00', '', '', '', NULL, NULL, NULL, NULL, NULL, NULL, NULL, NULL, 0, NULL),
(108, NULL, '', '', '', '2000-01-01', '0000-00-00', '', '', '', NULL, NULL, NULL, NULL, NULL, NULL, NULL, NULL, 0, NULL),
(109, NULL, '', '', '', '2000-01-01', '0000-00-00', '', '', '', NULL, NULL, NULL, NULL, NULL, NULL, NULL, NULL, 0, NULL),
(110, NULL, '', '', '', '2000-01-01', '0000-00-00', '', '', '', NULL, NULL, NULL, NULL, NULL, NULL, NULL, NULL, 0, NULL),
(111, NULL, '', '', '', '2000-01-01', '0000-00-00', '', '', '', NULL, NULL, NULL, NULL, NULL, NULL, NULL, NULL, 0, NULL),
(112, NULL, '', '', '', '2000-01-01', '0000-00-00', '', '', '', NULL, NULL, NULL, NULL, NULL, NULL, NULL, NULL, 0, NULL),
(113, NULL, '', '', '', '2000-01-01', '0000-00-00', '', '', '', NULL, NULL, NULL, NULL, NULL, NULL, NULL, NULL, 0, NULL),
(114, NULL, '', '', '', '2000-01-01', '0000-00-00', '', '', '', NULL, NULL, NULL, NULL, NULL, NULL, NULL, NULL, 0, NULL),
(115, NULL, '', '', '', '2000-01-01', '0000-00-00', '', '', '', NULL, NULL, NULL, NULL, NULL, NULL, NULL, NULL, 0, NULL),
(116, NULL, '', '', '', '2000-01-01', '0000-00-00', '', '', '', NULL, NULL, NULL, NULL, NULL, NULL, NULL, NULL, 0, NULL),
(117, NULL, '', '', '', '2000-01-01', '0000-00-00', '', '', '', NULL, NULL, NULL, NULL, NULL, NULL, NULL, NULL, 0, NULL),
(118, NULL, '', '', '', '2000-01-01', '0000-00-00', '', '', '', NULL, NULL, NULL, NULL, NULL, NULL, NULL, NULL, 0, NULL),
(119, NULL, '', '', '', '2000-01-01', '0000-00-00', '', '', '', NULL, NULL, NULL, NULL, NULL, NULL, NULL, NULL, 0, NULL),
(120, NULL, '', '', '', '2000-01-01', '0000-00-00', '', '', '', NULL, NULL, NULL, NULL, NULL, NULL, NULL, NULL, 0, NULL),
(121, NULL, '', '', '', '2000-01-01', '0000-00-00', '', '', '', NULL, NULL, NULL, NULL, NULL, NULL, NULL, NULL, 0, NULL),
(122, NULL, '', '', '', '2000-01-01', '0000-00-00', '', '', '', NULL, NULL, NULL, NULL, NULL, NULL, NULL, NULL, 0, NULL),
(123, NULL, '', '', '', '2000-01-01', '0000-00-00', '', '', '', NULL, NULL, NULL, NULL, NULL, NULL, NULL, NULL, 0, NULL),
(124, NULL, '', '', '', '2000-01-01', '0000-00-00', '', '', '', NULL, NULL, NULL, NULL, NULL, NULL, NULL, NULL, 0, NULL),
(125, NULL, '', '', '', '2000-01-01', '0000-00-00', '', '', '', NULL, NULL, NULL, NULL, NULL, NULL, NULL, NULL, 0, NULL),
(126, NULL, '', '', '', '2000-01-01', '0000-00-00', '', '', '', NULL, NULL, NULL, NULL, NULL, NULL, NULL, NULL, 0, NULL),
(127, NULL, '', '', '', '2000-01-01', '0000-00-00', '', '', '', NULL, NULL, NULL, NULL, NULL, NULL, NULL, NULL, 0, NULL),
(128, NULL, '', '', '', '2000-01-01', '0000-00-00', '', '', '', NULL, NULL, NULL, NULL, NULL, NULL, NULL, NULL, 0, NULL),
(129, NULL, '', '', '', '2000-01-01', '0000-00-00', '', '', '', NULL, NULL, NULL, NULL, NULL, NULL, NULL, NULL, 0, NULL),
(130, NULL, '', '', '', '2000-01-01', '0000-00-00', '', '', '', NULL, NULL, NULL, NULL, NULL, NULL, NULL, NULL, 0, NULL),
(131, NULL, '', '', '', '2000-01-01', '0000-00-00', '', '', '', NULL, NULL, NULL, NULL, NULL, NULL, NULL, NULL, 0, NULL),
(132, NULL, '', '', '', '2000-01-01', '0000-00-00', '', '', '', NULL, NULL, NULL, NULL, NULL, NULL, NULL, NULL, 0, NULL),
(133, NULL, '', '', '', '2000-01-01', '0000-00-00', '', '', '', NULL, NULL, NULL, NULL, NULL, NULL, NULL, NULL, 0, NULL),
(134, NULL, '', '', '', '2000-01-01', '0000-00-00', '', '', '', NULL, NULL, NULL, NULL, NULL, NULL, NULL, NULL, 0, NULL),
(135, NULL, '', '', '', '2000-01-01', '0000-00-00', '', '', '', NULL, NULL, NULL, NULL, NULL, NULL, NULL, NULL, 0, NULL),
(136, NULL, '', '', '', '2000-01-01', '0000-00-00', '', '', '', NULL, NULL, NULL, NULL, NULL, NULL, NULL, NULL, 0, NULL),
(137, NULL, '', '', '', '2000-01-01', '0000-00-00', '', '', '', NULL, NULL, NULL, NULL, NULL, NULL, NULL, NULL, 0, NULL),
(138, NULL, '', '', '', '2000-01-01', '0000-00-00', '', '', '', NULL, NULL, NULL, NULL, NULL, NULL, NULL, NULL, 0, NULL),
(139, NULL, '', '', '', '2000-01-01', '0000-00-00', '', '', '', NULL, NULL, NULL, NULL, NULL, NULL, NULL, NULL, 0, NULL),
(140, NULL, '', '', '', '2000-01-01', '0000-00-00', '', '', '', NULL, NULL, NULL, NULL, NULL, NULL, NULL, NULL, 0, NULL),
(141, NULL, '', '', '', '2000-01-01', '0000-00-00', '', '', '', NULL, NULL, NULL, NULL, NULL, NULL, NULL, NULL, 0, NULL),
(142, NULL, '', '', '', '2000-01-01', '0000-00-00', '', '', '', NULL, NULL, NULL, NULL, NULL, NULL, NULL, NULL, 0, NULL),
(143, NULL, '', '', '', '2000-01-01', '0000-00-00', '', '', '', NULL, NULL, NULL, NULL, NULL, NULL, NULL, NULL, 0, NULL),
(144, NULL, '', '', '', '2000-01-01', '0000-00-00', '', '', '', NULL, NULL, NULL, NULL, NULL, NULL, NULL, NULL, 0, NULL),
(145, NULL, '', '', '', '2000-01-01', '0000-00-00', '', '', '', NULL, NULL, NULL, NULL, NULL, NULL, NULL, NULL, 0, NULL),
(146, NULL, '', '', '', '2000-01-01', '0000-00-00', '', '', '', NULL, NULL, NULL, NULL, NULL, NULL, NULL, NULL, 0, NULL),
(147, NULL, '', '', '', '2000-01-01', '0000-00-00', '', '', '', NULL, NULL, NULL, NULL, NULL, NULL, NULL, NULL, 0, NULL),
(148, NULL, '', '', '', '2000-01-01', '0000-00-00', '', '', '', NULL, NULL, NULL, NULL, NULL, NULL, NULL, NULL, 0, NULL),
(149, NULL, '', '', '', '2000-01-01', '0000-00-00', '', '', '', NULL, NULL, NULL, NULL, NULL, NULL, NULL, NULL, 0, NULL),
(150, NULL, '', '', '', '2000-01-01', '0000-00-00', '', '', '', NULL, NULL, NULL, NULL, NULL, NULL, NULL, NULL, 0, NULL),
(151, NULL, '', '', '', '2000-01-01', '0000-00-00', '', '', '', NULL, NULL, NULL, NULL, NULL, NULL, NULL, NULL, 0, NULL),
(152, NULL, '', '', '', '2000-01-01', '0000-00-00', '', '', '', NULL, NULL, NULL, NULL, NULL, NULL, NULL, NULL, 0, NULL),
(153, NULL, '', '', '', '2000-01-01', '0000-00-00', '', '', '', NULL, NULL, NULL, NULL, NULL, NULL, NULL, NULL, 0, NULL),
(154, NULL, '', '', '', '2000-01-01', '0000-00-00', '', '', '', NULL, NULL, NULL, NULL, NULL, NULL, NULL, NULL, 0, NULL),
(155, NULL, '', '', '', '2000-01-01', '0000-00-00', '', '', '', NULL, NULL, NULL, NULL, NULL, NULL, NULL, NULL, 0, NULL),
(156, NULL, '', '', '', '2000-01-01', '0000-00-00', '', '', '', NULL, NULL, NULL, NULL, NULL, NULL, NULL, NULL, 0, NULL),
(157, NULL, '', '', '', '2000-01-01', '0000-00-00', '', '', '', NULL, NULL, NULL, NULL, NULL, NULL, NULL, NULL, 0, NULL),
(158, NULL, '', '', '', '2000-01-01', '0000-00-00', '', '', '', NULL, NULL, NULL, NULL, NULL, NULL, NULL, NULL, 0, NULL),
(159, NULL, '', '', '', '2000-01-01', '0000-00-00', '', '', '', NULL, NULL, NULL, NULL, NULL, NULL, NULL, NULL, 0, NULL),
(160, NULL, '', '', '', '2000-01-01', '0000-00-00', '', '', '', NULL, NULL, NULL, NULL, NULL, NULL, NULL, NULL, 0, NULL),
(161, NULL, '', '', '', '2000-01-01', '0000-00-00', '', '', '', NULL, NULL, NULL, NULL, NULL, NULL, NULL, NULL, 0, NULL),
(162, NULL, '', '', '', '2000-01-01', '0000-00-00', '', '', '', NULL, NULL, NULL, NULL, NULL, NULL, NULL, NULL, 0, NULL),
(163, NULL, '', '', '', '2000-01-01', '0000-00-00', '', '', '', NULL, NULL, NULL, NULL, NULL, NULL, NULL, NULL, 0, NULL),
(164, NULL, '', '', '', '2000-01-01', '0000-00-00', '', '', '', NULL, NULL, NULL, NULL, NULL, NULL, NULL, NULL, 0, NULL),
(165, NULL, '', '', '', '2000-01-01', '0000-00-00', '', '', '', NULL, NULL, NULL, NULL, NULL, NULL, NULL, NULL, 0, NULL),
(166, NULL, '', '', '', '2000-01-01', '0000-00-00', '', '', '', NULL, NULL, NULL, NULL, NULL, NULL, NULL, NULL, 0, NULL),
(167, NULL, '', '', '', '2000-01-01', '0000-00-00', '', '', '', NULL, NULL, NULL, NULL, NULL, NULL, NULL, NULL, 0, NULL),
(168, NULL, '', '', '', '2000-01-01', '0000-00-00', '', '', '', NULL, NULL, NULL, NULL, NULL, NULL, NULL, NULL, 0, NULL),
(169, NULL, '', '', '', '2000-01-01', '0000-00-00', '', '', '', NULL, NULL, NULL, NULL, NULL, NULL, NULL, NULL, 0, NULL),
(170, NULL, '', '', '', '2000-01-01', '0000-00-00', '', '', '', NULL, NULL, NULL, NULL, NULL, NULL, NULL, NULL, 0, NULL),
(171, NULL, '', '', '', '2000-01-01', '0000-00-00', '', '', '', NULL, NULL, NULL, NULL, NULL, NULL, NULL, NULL, 0, NULL),
(172, NULL, '', '', '', '2000-01-01', '0000-00-00', '', '', '', NULL, NULL, NULL, NULL, NULL, NULL, NULL, NULL, 0, NULL),
(173, NULL, '', '', '', '2000-01-01', '0000-00-00', '', '', '', NULL, NULL, NULL, NULL, NULL, NULL, NULL, NULL, 0, NULL),
(174, NULL, '', '', '', '2000-01-01', '0000-00-00', '', '', '', NULL, NULL, NULL, NULL, NULL, NULL, NULL, NULL, 0, NULL),
(175, NULL, '', '', '', '2000-01-01', '0000-00-00', '', '', '', NULL, NULL, NULL, NULL, NULL, NULL, NULL, NULL, 0, NULL),
(176, NULL, '', '', '', '2000-01-01', '0000-00-00', '', '', '', NULL, NULL, NULL, NULL, NULL, NULL, NULL, NULL, 0, NULL),
(177, NULL, '', '', '', '2000-01-01', '0000-00-00', '', '', '', NULL, NULL, NULL, NULL, NULL, NULL, NULL, NULL, 0, NULL),
(178, NULL, '', '', '', '2000-01-01', '0000-00-00', '', '', '', NULL, NULL, NULL, NULL, NULL, NULL, NULL, NULL, 0, NULL),
(179, NULL, '', '', '', '2000-01-01', '0000-00-00', '', '', '', NULL, NULL, NULL, NULL, NULL, NULL, NULL, NULL, 0, NULL),
(180, NULL, '', '', '', '2000-01-01', '0000-00-00', '', '', '', NULL, NULL, NULL, NULL, NULL, NULL, NULL, NULL, 0, NULL),
(181, NULL, '', '', '', '2000-01-01', '0000-00-00', '', '', '', NULL, NULL, NULL, NULL, NULL, NULL, NULL, NULL, 0, NULL),
(182, NULL, '', '', '', '2000-01-01', '0000-00-00', '', '', '', NULL, NULL, NULL, NULL, NULL, NULL, NULL, NULL, 0, NULL),
(183, NULL, '', '', '', '2000-01-01', '0000-00-00', '', '', '', NULL, NULL, NULL, NULL, NULL, NULL, NULL, NULL, 0, NULL),
(184, NULL, '', '', '', '2000-01-01', '0000-00-00', '', '', '', NULL, NULL, NULL, NULL, NULL, NULL, NULL, NULL, 0, NULL),
(185, NULL, '', '', '', '2000-01-01', '0000-00-00', '', '', '', NULL, NULL, NULL, NULL, NULL, NULL, NULL, NULL, 0, NULL),
(186, NULL, '', '', '', '2000-01-01', '0000-00-00', '', '', '', NULL, NULL, NULL, NULL, NULL, NULL, NULL, NULL, 0, NULL),
(187, NULL, '', '', '', '2000-01-01', '0000-00-00', '', '', '', NULL, NULL, NULL, NULL, NULL, NULL, NULL, NULL, 0, NULL),
(188, NULL, '', '', '', '2000-01-01', '0000-00-00', '', '', '', NULL, NULL, NULL, NULL, NULL, NULL, NULL, NULL, 0, NULL),
(189, NULL, '', '', '', '2000-01-01', '0000-00-00', '', '', '', NULL, NULL, NULL, NULL, NULL, NULL, NULL, NULL, 0, NULL),
(190, NULL, '', '', '', '2000-01-01', '0000-00-00', '', '', '', NULL, NULL, NULL, NULL, NULL, NULL, NULL, NULL, 0, NULL),
(191, NULL, '', '', '', '2000-01-01', '0000-00-00', '', '', '', NULL, NULL, NULL, NULL, NULL, NULL, NULL, NULL, 0, NULL),
(192, NULL, '', '', '', '2000-01-01', '0000-00-00', '', '', '', NULL, NULL, NULL, NULL, NULL, NULL, NULL, NULL, 0, NULL),
(193, NULL, '', '', '', '2000-01-01', '0000-00-00', '', '', '', NULL, NULL, NULL, NULL, NULL, NULL, NULL, NULL, 0, NULL),
(194, NULL, '', '', '', '2000-01-01', '0000-00-00', '', '', '', NULL, NULL, NULL, NULL, NULL, NULL, NULL, NULL, 0, NULL),
(195, NULL, '', '', '', '2000-01-01', '0000-00-00', '', '', '', NULL, NULL, NULL, NULL, NULL, NULL, NULL, NULL, 0, NULL),
(196, NULL, '', '', '', '2000-01-01', '0000-00-00', '', '', '', NULL, NULL, NULL, NULL, NULL, NULL, NULL, NULL, 0, NULL),
(197, NULL, '', '', '', '2000-01-01', '0000-00-00', '', '', '', NULL, NULL, NULL, NULL, NULL, NULL, NULL, NULL, 0, NULL),
(198, NULL, '', '', '', '2000-01-01', '0000-00-00', '', '', '', NULL, NULL, NULL, NULL, NULL, NULL, NULL, NULL, 0, NULL),
(199, NULL, '', '', '', '2000-01-01', '0000-00-00', '', '', '', NULL, NULL, NULL, NULL, NULL, NULL, NULL, NULL, 0, NULL),
(200, NULL, '', '', '', '2000-01-01', '0000-00-00', '', '', '', NULL, NULL, NULL, NULL, NULL, NULL, NULL, NULL, 0, NULL),
(201, NULL, '', '', '', '2000-01-01', '0000-00-00', '', '', '', NULL, NULL, NULL, NULL, NULL, NULL, NULL, NULL, 0, NULL),
(202, NULL, '', '', '', '2000-01-01', '0000-00-00', '', '', '', NULL, NULL, NULL, NULL, NULL, NULL, NULL, NULL, 0, NULL),
(203, NULL, '', '', '', '2000-01-01', '0000-00-00', '', '', '', NULL, NULL, NULL, NULL, NULL, NULL, NULL, NULL, 0, NULL),
(204, NULL, '', '', '', '2000-01-01', '0000-00-00', '', '', '', NULL, NULL, NULL, NULL, NULL, NULL, NULL, NULL, 0, NULL),
(205, NULL, '', '', '', '2000-01-01', '0000-00-00', '', '', '', NULL, NULL, NULL, NULL, NULL, NULL, NULL, NULL, 0, NULL),
(206, NULL, '', '', '', '2000-01-01', '0000-00-00', '', '', '', NULL, NULL, NULL, NULL, NULL, NULL, NULL, NULL, 0, NULL),
(207, NULL, '', '', '', '2000-01-01', '0000-00-00', '', '', '', NULL, NULL, NULL, NULL, NULL, NULL, NULL, NULL, 0, NULL),
(208, NULL, '', '', '', '2000-01-01', '0000-00-00', '', '', '', NULL, NULL, NULL, NULL, NULL, NULL, NULL, NULL, 0, NULL),
(209, NULL, '', '', '', '2000-01-01', '0000-00-00', '', '', '', NULL, NULL, NULL, NULL, NULL, NULL, NULL, NULL, 0, NULL),
(210, NULL, '', '', '', '2000-01-01', '0000-00-00', '', '', '', NULL, NULL, NULL, NULL, NULL, NULL, NULL, NULL, 0, NULL),
(211, NULL, '', '', '', '2000-01-01', '0000-00-00', '', '', '', NULL, NULL, NULL, NULL, NULL, NULL, NULL, NULL, 0, NULL),
(212, NULL, '', '', '', '2000-01-01', '0000-00-00', '', '', '', NULL, NULL, NULL, NULL, NULL, NULL, NULL, NULL, 0, NULL),
(213, NULL, '', '', '', '2000-01-01', '0000-00-00', '', '', '', NULL, NULL, NULL, NULL, NULL, NULL, NULL, NULL, 0, NULL),
(214, NULL, '', '', '', '2000-01-01', '0000-00-00', '', '', '', NULL, NULL, NULL, NULL, NULL, NULL, NULL, NULL, 0, NULL),
(215, NULL, '', '', '', '2000-01-01', '0000-00-00', '', '', '', NULL, NULL, NULL, NULL, NULL, NULL, NULL, NULL, 0, NULL),
(216, NULL, '', '', '', '2000-01-01', '0000-00-00', '', '', '', NULL, NULL, NULL, NULL, NULL, NULL, NULL, NULL, 0, NULL),
(217, NULL, '', '', '', '2000-01-01', '0000-00-00', '', '', '', NULL, NULL, NULL, NULL, NULL, NULL, NULL, NULL, 0, NULL),
(218, NULL, '', '', '', '2000-01-01', '0000-00-00', '', '', '', NULL, NULL, NULL, NULL, NULL, NULL, NULL, NULL, 0, NULL),
(219, NULL, '', '', '', '2000-01-01', '0000-00-00', '', '', '', NULL, NULL, NULL, NULL, NULL, NULL, NULL, NULL, 0, NULL),
(220, NULL, '', '', '', '2000-01-01', '0000-00-00', '', '', '', NULL, NULL, NULL, NULL, NULL, NULL, NULL, NULL, 0, NULL),
(221, NULL, '', '', '', '2000-01-01', '0000-00-00', '', '', '', NULL, NULL, NULL, NULL, NULL, NULL, NULL, NULL, 0, NULL),
(222, NULL, '', '', '', '2000-01-01', '0000-00-00', '', '', '', NULL, NULL, NULL, NULL, NULL, NULL, NULL, NULL, 0, NULL),
(223, NULL, '', '', '', '2000-01-01', '0000-00-00', '', '', '', NULL, NULL, NULL, NULL, NULL, NULL, NULL, NULL, 0, NULL),
(224, NULL, '', '', '', '2000-01-01', '0000-00-00', '', '', '', NULL, NULL, NULL, NULL, NULL, NULL, NULL, NULL, 0, NULL),
(225, NULL, '', '', '', '2000-01-01', '0000-00-00', '', '', '', NULL, NULL, NULL, NULL, NULL, NULL, NULL, NULL, 0, NULL),
(226, NULL, '', '', '', '2000-01-01', '0000-00-00', '', '', '', NULL, NULL, NULL, NULL, NULL, NULL, NULL, NULL, 0, NULL),
(227, NULL, '', '', '', '2000-01-01', '0000-00-00', '', '', '', NULL, NULL, NULL, NULL, NULL, NULL, NULL, NULL, 0, NULL),
(228, NULL, '', '', '', '2000-01-01', '0000-00-00', '', '', '', NULL, NULL, NULL, NULL, NULL, NULL, NULL, NULL, 0, NULL),
(229, NULL, '', '', '', '2000-01-01', '0000-00-00', '', '', '', NULL, NULL, NULL, NULL, NULL, NULL, NULL, NULL, 0, NULL),
(230, NULL, '', '', '', '2000-01-01', '0000-00-00', '', '', '', NULL, NULL, NULL, NULL, NULL, NULL, NULL, NULL, 0, NULL),
(231, NULL, '', '', '', '2000-01-01', '0000-00-00', '', '', '', NULL, NULL, NULL, NULL, NULL, NULL, NULL, NULL, 0, NULL),
(232, NULL, '', '', '', '2000-01-01', '0000-00-00', '', '', '', NULL, NULL, NULL, NULL, NULL, NULL, NULL, NULL, 0, NULL),
(233, NULL, '', '', '', '2000-01-01', '0000-00-00', '', '', '', NULL, NULL, NULL, NULL, NULL, NULL, NULL, NULL, 0, NULL),
(234, NULL, '', '', '', '2000-01-01', '0000-00-00', '', '', '', NULL, NULL, NULL, NULL, NULL, NULL, NULL, NULL, 0, NULL),
(235, NULL, '', '', '', '2000-01-01', '0000-00-00', '', '', '', NULL, NULL, NULL, NULL, NULL, NULL, NULL, NULL, 0, NULL),
(236, NULL, '', '', '', '2000-01-01', '0000-00-00', '', '', '', NULL, NULL, NULL, NULL, NULL, NULL, NULL, NULL, 0, NULL),
(237, NULL, '', '', '', '2000-01-01', '0000-00-00', '', '', '', NULL, NULL, NULL, NULL, NULL, NULL, NULL, NULL, 0, NULL),
(238, NULL, '', '', '', '2000-01-01', '0000-00-00', '', '', '', NULL, NULL, NULL, NULL, NULL, NULL, NULL, NULL, 0, NULL),
(239, NULL, '', '', '', '2000-01-01', '0000-00-00', '', '', '', NULL, NULL, NULL, NULL, NULL, NULL, NULL, NULL, 0, NULL),
(240, NULL, '', '', '', '2000-01-01', '0000-00-00', '', '', '', NULL, NULL, NULL, NULL, NULL, NULL, NULL, NULL, 0, NULL),
(241, NULL, '', '', '', '2000-01-01', '0000-00-00', '', '', '', NULL, NULL, NULL, NULL, NULL, NULL, NULL, NULL, 0, NULL),
(242, NULL, '', '', '', '2000-01-01', '0000-00-00', '', '', '', NULL, NULL, NULL, NULL, NULL, NULL, NULL, NULL, 0, NULL),
(243, NULL, '', '', '', '2000-01-01', '0000-00-00', '', '', '', NULL, NULL, NULL, NULL, NULL, NULL, NULL, NULL, 0, NULL),
(244, NULL, '', '', '', '2000-01-01', '0000-00-00', '', '', '', NULL, NULL, NULL, NULL, NULL, NULL, NULL, NULL, 0, NULL),
(245, NULL, '', '', '', '2000-01-01', '0000-00-00', '', '', '', NULL, NULL, NULL, NULL, NULL, NULL, NULL, NULL, 0, NULL),
(246, NULL, '', '', '', '2000-01-01', '0000-00-00', '', '', '', NULL, NULL, NULL, NULL, NULL, NULL, NULL, NULL, 0, NULL),
(247, NULL, '', '', '', '2000-01-01', '0000-00-00', '', '', '', NULL, NULL, NULL, NULL, NULL, NULL, NULL, NULL, 0, NULL),
(248, NULL, '', '', '', '2000-01-01', '0000-00-00', '', '', '', NULL, NULL, NULL, NULL, NULL, NULL, NULL, NULL, 0, NULL),
(249, NULL, '', '', '', '2000-01-01', '0000-00-00', '', '', '', NULL, NULL, NULL, NULL, NULL, NULL, NULL, NULL, 0, NULL),
(250, NULL, '', '', '', '2000-01-01', '0000-00-00', '', '', '', NULL, NULL, NULL, NULL, NULL, NULL, NULL, NULL, 0, NULL),
(251, NULL, '', '', '', '2000-01-01', '0000-00-00', '', '', '', NULL, NULL, NULL, NULL, NULL, NULL, NULL, NULL, 0, NULL),
(252, NULL, '', '', '', '2000-01-01', '0000-00-00', '', '', '', NULL, NULL, NULL, NULL, NULL, NULL, NULL, NULL, 0, NULL),
(253, NULL, '', '', '', '2000-01-01', '0000-00-00', '', '', '', NULL, NULL, NULL, NULL, NULL, NULL, NULL, NULL, 0, NULL),
(254, NULL, '', '', '', '2000-01-01', '0000-00-00', '', '', '', NULL, NULL, NULL, NULL, NULL, NULL, NULL, NULL, 0, NULL),
(255, NULL, '', '', '', '2000-01-01', '0000-00-00', '', '', '', NULL, NULL, NULL, NULL, NULL, NULL, NULL, NULL, 0, NULL),
(256, NULL, '', '', '', '2000-01-01', '0000-00-00', '', '', '', NULL, NULL, NULL, NULL, NULL, NULL, NULL, NULL, 0, NULL),
(257, NULL, '', '', '', '2000-01-01', '0000-00-00', '', '', '', NULL, NULL, NULL, NULL, NULL, NULL, NULL, NULL, 0, NULL),
(258, NULL, '', '', '', '2000-01-01', '0000-00-00', '', '', '', NULL, NULL, NULL, NULL, NULL, NULL, NULL, NULL, 0, NULL),
(259, NULL, '', '', '', '2000-01-01', '0000-00-00', '', '', '', NULL, NULL, NULL, NULL, NULL, NULL, NULL, NULL, 0, NULL),
(260, NULL, '', '', '', '2000-01-01', '0000-00-00', '', '', '', NULL, NULL, NULL, NULL, NULL, NULL, NULL, NULL, 0, NULL),
(261, NULL, '', '', '', '2000-01-01', '0000-00-00', '', '', '', NULL, NULL, NULL, NULL, NULL, NULL, NULL, NULL, 0, NULL),
(262, NULL, '', '', '', '2000-01-01', '0000-00-00', '', '', '', NULL, NULL, NULL, NULL, NULL, NULL, NULL, NULL, 0, NULL),
(263, NULL, '', '', '', '2000-01-01', '0000-00-00', '', '', '', NULL, NULL, NULL, NULL, NULL, NULL, NULL, NULL, 0, NULL),
(264, NULL, '', '', '', '2000-01-01', '0000-00-00', '', '', '', NULL, NULL, NULL, NULL, NULL, NULL, NULL, NULL, 0, NULL),
(265, NULL, '', '', '', '2000-01-01', '0000-00-00', '', '', '', NULL, NULL, NULL, NULL, NULL, NULL, NULL, NULL, 0, NULL),
(266, NULL, '', '', '', '2000-01-01', '0000-00-00', '', '', '', NULL, NULL, NULL, NULL, NULL, NULL, NULL, NULL, 0, NULL),
(267, NULL, '', '', '', '2000-01-01', '0000-00-00', '', '', '', NULL, NULL, NULL, NULL, NULL, NULL, NULL, NULL, 0, NULL),
(268, NULL, '', '', '', '2000-01-01', '0000-00-00', '', '', '', NULL, NULL, NULL, NULL, NULL, NULL, NULL, NULL, 0, NULL),
(269, NULL, '', '', '', '2000-01-01', '0000-00-00', '', '', '', NULL, NULL, NULL, NULL, NULL, NULL, NULL, NULL, 0, NULL),
(270, NULL, '', '', '', '2000-01-01', '0000-00-00', '', '', '', NULL, NULL, NULL, NULL, NULL, NULL, NULL, NULL, 0, NULL),
(271, NULL, '', '', '', '2000-01-01', '0000-00-00', '', '', '', NULL, NULL, NULL, NULL, NULL, NULL, NULL, NULL, 0, NULL),
(272, NULL, '', '', '', '2000-01-01', '0000-00-00', '', '', '', NULL, NULL, NULL, NULL, NULL, NULL, NULL, NULL, 0, NULL),
(273, NULL, '', '', '', '2000-01-01', '0000-00-00', '', '', '', NULL, NULL, NULL, NULL, NULL, NULL, NULL, NULL, 0, NULL),
(274, NULL, '', '', '', '2000-01-01', '0000-00-00', '', '', '', NULL, NULL, NULL, NULL, NULL, NULL, NULL, NULL, 0, NULL),
(275, NULL, '', '', '', '2000-01-01', '0000-00-00', '', '', '', NULL, NULL, NULL, NULL, NULL, NULL, NULL, NULL, 0, NULL),
(276, NULL, '', '', '', '2000-01-01', '0000-00-00', '', '', '', NULL, NULL, NULL, NULL, NULL, NULL, NULL, NULL, 0, NULL),
(277, NULL, '', '', '', '2000-01-01', '0000-00-00', '', '', '', NULL, NULL, NULL, NULL, NULL, NULL, NULL, NULL, 0, NULL),
(278, NULL, '', '', '', '2000-01-01', '0000-00-00', '', '', '', NULL, NULL, NULL, NULL, NULL, NULL, NULL, NULL, 0, NULL),
(279, NULL, '', '', '', '2000-01-01', '0000-00-00', '', '', '', NULL, NULL, NULL, NULL, NULL, NULL, NULL, NULL, 0, NULL),
(280, NULL, '', '', '', '2000-01-01', '0000-00-00', '', '', '', NULL, NULL, NULL, NULL, NULL, NULL, NULL, NULL, 0, NULL),
(281, NULL, '', '', '', '2000-01-01', '0000-00-00', '', '', '', NULL, NULL, NULL, NULL, NULL, NULL, NULL, NULL, 0, NULL),
(282, NULL, '', '', '', '2000-01-01', '0000-00-00', '', '', '', NULL, NULL, NULL, NULL, NULL, NULL, NULL, NULL, 0, NULL),
(283, NULL, '', '', '', '2000-01-01', '0000-00-00', '', '', '', NULL, NULL, NULL, NULL, NULL, NULL, NULL, NULL, 0, NULL),
(284, NULL, '', '', '', '2000-01-01', '0000-00-00', '', '', '', NULL, NULL, NULL, NULL, NULL, NULL, NULL, NULL, 0, NULL),
(285, NULL, '', '', '', '2000-01-01', '0000-00-00', '', '', '', NULL, NULL, NULL, NULL, NULL, NULL, NULL, NULL, 0, NULL),
(286, NULL, '', '', '', '2000-01-01', '0000-00-00', '', '', '', NULL, NULL, NULL, NULL, NULL, NULL, NULL, NULL, 0, NULL),
(287, NULL, '', '', '', '2000-01-01', '0000-00-00', '', '', '', NULL, NULL, NULL, NULL, NULL, NULL, NULL, NULL, 0, NULL),
(288, NULL, '', '', '', '2000-01-01', '0000-00-00', '', '', '', NULL, NULL, NULL, NULL, NULL, NULL, NULL, NULL, 0, NULL),
(289, NULL, '', '', '', '2000-01-01', '0000-00-00', '', '', '', NULL, NULL, NULL, NULL, NULL, NULL, NULL, NULL, 0, NULL),
(290, NULL, '', '', '', '2000-01-01', '0000-00-00', '', '', '', NULL, NULL, NULL, NULL, NULL, NULL, NULL, NULL, 0, NULL),
(291, NULL, '', '', '', '2000-01-01', '0000-00-00', '', '', '', NULL, NULL, NULL, NULL, NULL, NULL, NULL, NULL, 0, NULL),
(292, NULL, '', '', '', '2000-01-01', '0000-00-00', '', '', '', NULL, NULL, NULL, NULL, NULL, NULL, NULL, NULL, 0, NULL),
(293, NULL, '', '', '', '2000-01-01', '0000-00-00', '', '', '', NULL, NULL, NULL, NULL, NULL, NULL, NULL, NULL, 0, NULL),
(294, NULL, '', '', '', '2000-01-01', '0000-00-00', '', '', '', NULL, NULL, NULL, NULL, NULL, NULL, NULL, NULL, 0, NULL),
(295, NULL, '', '', '', '2000-01-01', '0000-00-00', '', '', '', NULL, NULL, NULL, NULL, NULL, NULL, NULL, NULL, 0, NULL),
(296, NULL, '', '', '', '2000-01-01', '0000-00-00', '', '', '', NULL, NULL, NULL, NULL, NULL, NULL, NULL, NULL, 0, NULL),
(297, NULL, '', '', '', '2000-01-01', '0000-00-00', '', '', '', NULL, NULL, NULL, NULL, NULL, NULL, NULL, NULL, 0, NULL),
(298, NULL, '', '', '', '2000-01-01', '0000-00-00', '', '', '', NULL, NULL, NULL, NULL, NULL, NULL, NULL, NULL, 0, NULL),
(299, NULL, '', '', '', '2000-01-01', '0000-00-00', '', '', '', NULL, NULL, NULL, NULL, NULL, NULL, NULL, NULL, 0, NULL),
(300, NULL, '', '', '', '2000-01-01', '0000-00-00', '', '', '', NULL, NULL, NULL, NULL, NULL, NULL, NULL, NULL, 0, NULL),
(301, NULL, '', '', '', '2000-01-01', '0000-00-00', '', '', '', NULL, NULL, NULL, NULL, NULL, NULL, NULL, NULL, 0, NULL),
(302, NULL, '', '', '', '2000-01-01', '0000-00-00', '', '', '', NULL, NULL, NULL, NULL, NULL, NULL, NULL, NULL, 0, NULL),
(303, NULL, '', '', '', '2000-01-01', '0000-00-00', '', '', '', NULL, NULL, NULL, NULL, NULL, NULL, NULL, NULL, 0, NULL),
(304, NULL, '', '', '', '2000-01-01', '0000-00-00', '', '', '', NULL, NULL, NULL, NULL, NULL, NULL, NULL, NULL, 0, NULL),
(305, NULL, '', '', '', '2000-01-01', '0000-00-00', '', '', '', NULL, NULL, NULL, NULL, NULL, NULL, NULL, NULL, 0, NULL),
(306, NULL, '', '', '', '2000-01-01', '0000-00-00', '', '', '', NULL, NULL, NULL, NULL, NULL, NULL, NULL, NULL, 0, NULL),
(307, NULL, '', '', '', '2000-01-01', '0000-00-00', '', '', '', NULL, NULL, NULL, NULL, NULL, NULL, NULL, NULL, 0, NULL),
(308, NULL, '', '', '', '2000-01-01', '0000-00-00', '', '', '', NULL, NULL, NULL, NULL, NULL, NULL, NULL, NULL, 0, NULL),
(309, NULL, '', '', '', '2000-01-01', '0000-00-00', '', '', '', NULL, NULL, NULL, NULL, NULL, NULL, NULL, NULL, 0, NULL),
(310, NULL, '', '', '', '2000-01-01', '0000-00-00', '', '', '', NULL, NULL, NULL, NULL, NULL, NULL, NULL, NULL, 0, NULL),
(311, NULL, '', '', '', '2000-01-01', '0000-00-00', '', '', '', NULL, NULL, NULL, NULL, NULL, NULL, NULL, NULL, 0, NULL),
(312, NULL, '', '', '', '2000-01-01', '0000-00-00', '', '', '', NULL, NULL, NULL, NULL, NULL, NULL, NULL, NULL, 0, NULL),
(313, NULL, '', '', '', '2000-01-01', '0000-00-00', '', '', '', NULL, NULL, NULL, NULL, NULL, NULL, NULL, NULL, 0, NULL),
(314, NULL, '', '', '', '2000-01-01', '0000-00-00', '', '', '', NULL, NULL, NULL, NULL, NULL, NULL, NULL, NULL, 0, NULL),
(315, NULL, '', '', '', '2000-01-01', '0000-00-00', '', '', '', NULL, NULL, NULL, NULL, NULL, NULL, NULL, NULL, 0, NULL),
(316, NULL, '', '', '', '2000-01-01', '0000-00-00', '', '', '', NULL, NULL, NULL, NULL, NULL, NULL, NULL, NULL, 0, NULL),
(317, NULL, '', '', '', '2000-01-01', '0000-00-00', '', '', '', NULL, NULL, NULL, NULL, NULL, NULL, NULL, NULL, 0, NULL),
(318, NULL, '', '', '', '2000-01-01', '0000-00-00', '', '', '', NULL, NULL, NULL, NULL, NULL, NULL, NULL, NULL, 0, NULL),
(319, NULL, '', '', '', '2000-01-01', '0000-00-00', '', '', '', NULL, NULL, NULL, NULL, NULL, NULL, NULL, NULL, 0, NULL),
(320, NULL, '', '', '', '2000-01-01', '0000-00-00', '', '', '', NULL, NULL, NULL, NULL, NULL, NULL, NULL, NULL, 0, NULL),
(321, NULL, '', '', '', '2000-01-01', '0000-00-00', '', '', '', NULL, NULL, NULL, NULL, NULL, NULL, NULL, NULL, 0, NULL),
(322, NULL, '', '', '', '2000-01-01', '0000-00-00', '', '', '', NULL, NULL, NULL, NULL, NULL, NULL, NULL, NULL, 0, NULL),
(323, NULL, '', '', '', '2000-01-01', '0000-00-00', '', '', '', NULL, NULL, NULL, NULL, NULL, NULL, NULL, NULL, 0, NULL),
(324, NULL, '', '', '', '2000-01-01', '0000-00-00', '', '', '', NULL, NULL, NULL, NULL, NULL, NULL, NULL, NULL, 0, NULL),
(325, NULL, '', '', '', '2000-01-01', '0000-00-00', '', '', '', NULL, NULL, NULL, NULL, NULL, NULL, NULL, NULL, 0, NULL),
(326, NULL, '', '', '', '2000-01-01', '0000-00-00', '', '', '', NULL, NULL, NULL, NULL, NULL, NULL, NULL, NULL, 0, NULL),
(327, NULL, '', '', '', '2000-01-01', '0000-00-00', '', '', '', NULL, NULL, NULL, NULL, NULL, NULL, NULL, NULL, 0, NULL),
(328, NULL, '', '', '', '2000-01-01', '0000-00-00', '', '', '', NULL, NULL, NULL, NULL, NULL, NULL, NULL, NULL, 0, NULL),
(329, NULL, '', '', '', '2000-01-01', '0000-00-00', '', '', '', NULL, NULL, NULL, NULL, NULL, NULL, NULL, NULL, 0, NULL),
(330, NULL, '', '', '', '2000-01-01', '0000-00-00', '', '', '', NULL, NULL, NULL, NULL, NULL, NULL, NULL, NULL, 0, NULL),
(331, NULL, '', '', '', '2000-01-01', '0000-00-00', '', '', '', NULL, NULL, NULL, NULL, NULL, NULL, NULL, NULL, 0, NULL),
(332, NULL, '', '', '', '2000-01-01', '0000-00-00', '', '', '', NULL, NULL, NULL, NULL, NULL, NULL, NULL, NULL, 0, NULL),
(333, NULL, '', '', '', '2000-01-01', '0000-00-00', '', '', '', NULL, NULL, NULL, NULL, NULL, NULL, NULL, NULL, 0, NULL),
(334, NULL, '', '', '', '2000-01-01', '0000-00-00', '', '', '', NULL, NULL, NULL, NULL, NULL, NULL, NULL, NULL, 0, NULL),
(335, NULL, '', '', '', '2000-01-01', '0000-00-00', '', '', '', NULL, NULL, NULL, NULL, NULL, NULL, NULL, NULL, 0, NULL),
(336, NULL, '', '', '', '2000-01-01', '0000-00-00', '', '', '', NULL, NULL, NULL, NULL, NULL, NULL, NULL, NULL, 0, NULL),
(337, NULL, '', '', '', '2000-01-01', '0000-00-00', '', '', '', NULL, NULL, NULL, NULL, NULL, NULL, NULL, NULL, 0, NULL),
(338, NULL, '', '', '', '2000-01-01', '0000-00-00', '', '', '', NULL, NULL, NULL, NULL, NULL, NULL, NULL, NULL, 0, NULL),
(339, NULL, '', '', '', '2000-01-01', '0000-00-00', '', '', '', NULL, NULL, NULL, NULL, NULL, NULL, NULL, NULL, 0, NULL),
(340, NULL, '', '', '', '2000-01-01', '0000-00-00', '', '', '', NULL, NULL, NULL, NULL, NULL, NULL, NULL, NULL, 0, NULL),
(341, NULL, '', '', '', '2000-01-01', '0000-00-00', '', '', '', NULL, NULL, NULL, NULL, NULL, NULL, NULL, NULL, 0, NULL),
(342, NULL, '', '', '', '2000-01-01', '0000-00-00', '', '', '', NULL, NULL, NULL, NULL, NULL, NULL, NULL, NULL, 0, NULL),
(343, NULL, '', '', '', '2000-01-01', '0000-00-00', '', '', '', NULL, NULL, NULL, NULL, NULL, NULL, NULL, NULL, 0, NULL),
(344, NULL, '', '', '', '2000-01-01', '0000-00-00', '', '', '', NULL, NULL, NULL, NULL, NULL, NULL, NULL, NULL, 0, NULL),
(345, NULL, '', '', '', '2000-01-01', '0000-00-00', '', '', '', NULL, NULL, NULL, NULL, NULL, NULL, NULL, NULL, 0, NULL),
(346, NULL, '', '', '', '2000-01-01', '0000-00-00', '', '', '', NULL, NULL, NULL, NULL, NULL, NULL, NULL, NULL, 0, NULL),
(347, NULL, '', '', '', '2000-01-01', '0000-00-00', '', '', '', NULL, NULL, NULL, NULL, NULL, NULL, NULL, NULL, 0, NULL),
(348, NULL, '', '', '', '2000-01-01', '0000-00-00', '', '', '', NULL, NULL, NULL, NULL, NULL, NULL, NULL, NULL, 0, NULL),
(349, NULL, '', '', '', '2000-01-01', '0000-00-00', '', '', '', NULL, NULL, NULL, NULL, NULL, NULL, NULL, NULL, 0, NULL),
(350, NULL, '', '', '', '2000-01-01', '0000-00-00', '', '', '', NULL, NULL, NULL, NULL, NULL, NULL, NULL, NULL, 0, NULL),
(351, NULL, '', '', '', '2000-01-01', '0000-00-00', '', '', '', NULL, NULL, NULL, NULL, NULL, NULL, NULL, NULL, 0, NULL),
(352, NULL, '', '', '', '2000-01-01', '0000-00-00', '', '', '', NULL, NULL, NULL, NULL, NULL, NULL, NULL, NULL, 0, NULL),
(353, NULL, '', '', '', '2000-01-01', '0000-00-00', '', '', '', NULL, NULL, NULL, NULL, NULL, NULL, NULL, NULL, 0, NULL),
(354, NULL, '', '', '', '2000-01-01', '0000-00-00', '', '', '', NULL, NULL, NULL, NULL, NULL, NULL, NULL, NULL, 0, NULL),
(355, NULL, '', '', '', '2000-01-01', '0000-00-00', '', '', '', NULL, NULL, NULL, NULL, NULL, NULL, NULL, NULL, 0, NULL),
(356, NULL, '', '', '', '2000-01-01', '0000-00-00', '', '', '', NULL, NULL, NULL, NULL, NULL, NULL, NULL, NULL, 0, NULL),
(357, NULL, '', '', '', '2000-01-01', '0000-00-00', '', '', '', NULL, NULL, NULL, NULL, NULL, NULL, NULL, NULL, 0, NULL),
(358, NULL, '', '', '', '2000-01-01', '0000-00-00', '', '', '', NULL, NULL, NULL, NULL, NULL, NULL, NULL, NULL, 0, NULL),
(359, NULL, '', '', '', '2000-01-01', '0000-00-00', '', '', '', NULL, NULL, NULL, NULL, NULL, NULL, NULL, NULL, 0, NULL),
(360, NULL, '', '', '', '2000-01-01', '0000-00-00', '', '', '', NULL, NULL, NULL, NULL, NULL, NULL, NULL, NULL, 0, NULL),
(361, NULL, '', '', '', '2000-01-01', '0000-00-00', '', '', '', NULL, NULL, NULL, NULL, NULL, NULL, NULL, NULL, 0, NULL),
(362, NULL, '', '', '', '2000-01-01', '0000-00-00', '', '', '', NULL, NULL, NULL, NULL, NULL, NULL, NULL, NULL, 0, NULL),
(363, NULL, '', '', '', '2000-01-01', '0000-00-00', '', '', '', NULL, NULL, NULL, NULL, NULL, NULL, NULL, NULL, 0, NULL),
(364, NULL, '', '', '', '2000-01-01', '0000-00-00', '', '', '', NULL, NULL, NULL, NULL, NULL, NULL, NULL, NULL, 0, NULL),
(365, NULL, '', '', '', '2000-01-01', '0000-00-00', '', '', '', NULL, NULL, NULL, NULL, NULL, NULL, NULL, NULL, 0, NULL),
(366, NULL, '', '', '', '2000-01-01', '0000-00-00', '', '', '', NULL, NULL, NULL, NULL, NULL, NULL, NULL, NULL, 0, NULL),
(367, NULL, '', '', '', '2000-01-01', '0000-00-00', '', '', '', NULL, NULL, NULL, NULL, NULL, NULL, NULL, NULL, 0, NULL),
(368, NULL, '', '', '', '2000-01-01', '0000-00-00', '', '', '', NULL, NULL, NULL, NULL, NULL, NULL, NULL, NULL, 0, NULL),
(369, NULL, '', '', '', '2000-01-01', '0000-00-00', '', '', '', NULL, NULL, NULL, NULL, NULL, NULL, NULL, NULL, 0, NULL),
(370, NULL, '', '', '', '2000-01-01', '0000-00-00', '', '', '', NULL, NULL, NULL, NULL, NULL, NULL, NULL, NULL, 0, NULL),
(371, NULL, '', '', '', '2000-01-01', '0000-00-00', '', '', '', NULL, NULL, NULL, NULL, NULL, NULL, NULL, NULL, 0, NULL),
(372, NULL, '', '', '', '2000-01-01', '0000-00-00', '', '', '', NULL, NULL, NULL, NULL, NULL, NULL, NULL, NULL, 0, NULL),
(373, NULL, '', '', '', '2000-01-01', '0000-00-00', '', '', '', NULL, NULL, NULL, NULL, NULL, NULL, NULL, NULL, 0, NULL),
(374, NULL, '', '', '', '2000-01-01', '0000-00-00', '', '', '', NULL, NULL, NULL, NULL, NULL, NULL, NULL, NULL, 0, NULL),
(375, NULL, '', '', '', '2000-01-01', '0000-00-00', '', '', '', NULL, NULL, NULL, NULL, NULL, NULL, NULL, NULL, 0, NULL),
(376, NULL, '', '', '', '2000-01-01', '0000-00-00', '', '', '', NULL, NULL, NULL, NULL, NULL, NULL, NULL, NULL, 0, NULL),
(377, NULL, '', '', '', '2000-01-01', '0000-00-00', '', '', '', NULL, NULL, NULL, NULL, NULL, NULL, NULL, NULL, 0, NULL),
(378, NULL, '', '', '', '2000-01-01', '0000-00-00', '', '', '', NULL, NULL, NULL, NULL, NULL, NULL, NULL, NULL, 0, NULL),
(379, NULL, '', '', '', '2000-01-01', '0000-00-00', '', '', '', NULL, NULL, NULL, NULL, NULL, NULL, NULL, NULL, 0, NULL),
(380, NULL, '', '', '', '2000-01-01', '0000-00-00', '', '', '', NULL, NULL, NULL, NULL, NULL, NULL, NULL, NULL, 0, NULL),
(381, NULL, '', '', '', '2000-01-01', '0000-00-00', '', '', '', NULL, NULL, NULL, NULL, NULL, NULL, NULL, NULL, 0, NULL),
(382, NULL, '', '', '', '2000-01-01', '0000-00-00', '', '', '', NULL, NULL, NULL, NULL, NULL, NULL, NULL, NULL, 0, NULL),
(383, NULL, '', '', '', '2000-01-01', '0000-00-00', '', '', '', NULL, NULL, NULL, NULL, NULL, NULL, NULL, NULL, 0, NULL),
(384, NULL, '', '', '', '2000-01-01', '0000-00-00', '', '', '', NULL, NULL, NULL, NULL, NULL, NULL, NULL, NULL, 0, NULL),
(385, NULL, '', '', '', '2000-01-01', '0000-00-00', '', '', '', NULL, NULL, NULL, NULL, NULL, NULL, NULL, NULL, 0, NULL),
(386, NULL, '', '', '', '2000-01-01', '0000-00-00', '', '', '', NULL, NULL, NULL, NULL, NULL, NULL, NULL, NULL, 0, NULL),
(387, NULL, '', '', '', '2000-01-01', '0000-00-00', '', '', '', NULL, NULL, NULL, NULL, NULL, NULL, NULL, NULL, 0, NULL),
(388, NULL, '', '', '', '2000-01-01', '0000-00-00', '', '', '', NULL, NULL, NULL, NULL, NULL, NULL, NULL, NULL, 0, NULL),
(389, NULL, '', '', '', '2000-01-01', '0000-00-00', '', '', '', NULL, NULL, NULL, NULL, NULL, NULL, NULL, NULL, 0, NULL),
(390, NULL, '', '', '', '2000-01-01', '0000-00-00', '', '', '', NULL, NULL, NULL, NULL, NULL, NULL, NULL, NULL, 0, NULL),
(391, NULL, '', '', '', '2000-01-01', '0000-00-00', '', '', '', NULL, NULL, NULL, NULL, NULL, NULL, NULL, NULL, 0, NULL),
(392, NULL, '', '', '', '2000-01-01', '0000-00-00', '', '', '', NULL, NULL, NULL, NULL, NULL, NULL, NULL, NULL, 0, NULL),
(393, NULL, '', '', '', '2000-01-01', '0000-00-00', '', '', '', NULL, NULL, NULL, NULL, NULL, NULL, NULL, NULL, 0, NULL),
(394, NULL, '', '', '', '2000-01-01', '0000-00-00', '', '', '', NULL, NULL, NULL, NULL, NULL, NULL, NULL, NULL, 0, NULL),
(395, NULL, '', '', '', '2000-01-01', '0000-00-00', '', '', '', NULL, NULL, NULL, NULL, NULL, NULL, NULL, NULL, 0, NULL),
(396, NULL, '', '', '', '2000-01-01', '0000-00-00', '', '', '', NULL, NULL, NULL, NULL, NULL, NULL, NULL, NULL, 0, NULL),
(397, NULL, '', '', '', '2000-01-01', '0000-00-00', '', '', '', NULL, NULL, NULL, NULL, NULL, NULL, NULL, NULL, 0, NULL),
(398, NULL, '', '', '', '2000-01-01', '0000-00-00', '', '', '', NULL, NULL, NULL, NULL, NULL, NULL, NULL, NULL, 0, NULL),
(399, NULL, '', '', '', '2000-01-01', '0000-00-00', '', '', '', NULL, NULL, NULL, NULL, NULL, NULL, NULL, NULL, 0, NULL),
(400, NULL, '', '', '', '2000-01-01', '0000-00-00', '', '', '', NULL, NULL, NULL, NULL, NULL, NULL, NULL, NULL, 0, NULL),
(401, NULL, '', '', '', '2000-01-01', '0000-00-00', '', '', '', NULL, NULL, NULL, NULL, NULL, NULL, NULL, NULL, 0, NULL),
(402, NULL, '', '', '', '2000-01-01', '0000-00-00', '', '', '', NULL, NULL, NULL, NULL, NULL, NULL, NULL, NULL, 0, NULL),
(403, NULL, '', '', '', '2000-01-01', '0000-00-00', '', '', '', NULL, NULL, NULL, NULL, NULL, NULL, NULL, NULL, 0, NULL),
(404, NULL, '', '', '', '2000-01-01', '0000-00-00', '', '', '', NULL, NULL, NULL, NULL, NULL, NULL, NULL, NULL, 0, NULL),
(405, NULL, '', '', '', '2000-01-01', '0000-00-00', '', '', '', NULL, NULL, NULL, NULL, NULL, NULL, NULL, NULL, 0, NULL),
(406, NULL, '', '', '', '2000-01-01', '0000-00-00', '', '', '', NULL, NULL, NULL, NULL, NULL, NULL, NULL, NULL, 0, NULL),
(407, NULL, '', '', '', '2000-01-01', '0000-00-00', '', '', '', NULL, NULL, NULL, NULL, NULL, NULL, NULL, NULL, 0, NULL),
(408, NULL, '', '', '', '2000-01-01', '0000-00-00', '', '', '', NULL, NULL, NULL, NULL, NULL, NULL, NULL, NULL, 0, NULL),
(409, NULL, '', '', '', '2000-01-01', '0000-00-00', '', '', '', NULL, NULL, NULL, NULL, NULL, NULL, NULL, NULL, 0, NULL),
(410, NULL, '', '', '', '2000-01-01', '0000-00-00', '', '', '', NULL, NULL, NULL, NULL, NULL, NULL, NULL, NULL, 0, NULL),
(411, NULL, '', '', '', '2000-01-01', '0000-00-00', '', '', '', NULL, NULL, NULL, NULL, NULL, NULL, NULL, NULL, 0, NULL),
(412, NULL, '', '', '', '2000-01-01', '0000-00-00', '', '', '', NULL, NULL, NULL, NULL, NULL, NULL, NULL, NULL, 0, NULL),
(413, NULL, '', '', '', '2000-01-01', '0000-00-00', '', '', '', NULL, NULL, NULL, NULL, NULL, NULL, NULL, NULL, 0, NULL),
(414, NULL, '', '', '', '2000-01-01', '0000-00-00', '', '', '', NULL, NULL, NULL, NULL, NULL, NULL, NULL, NULL, 0, NULL);
INSERT INTO `jobs` (`jobid`, `complete`, `job_type`, `job_description`, `job_status`, `due_date`, `creation_date`, `sage_reference`, `po_number`, `job_number`, `number_of_assets`, `notes`, `quote_number`, `result`, `result_description`, `next_action`, `next_action_description`, `complete_date`, `add_asset`, `invoice_number`) VALUES
(415, NULL, '', '', '', '2000-01-01', '0000-00-00', '', '', '', NULL, NULL, NULL, NULL, NULL, NULL, NULL, NULL, 0, NULL),
(416, NULL, '', '', '', '2000-01-01', '0000-00-00', '', '', '', NULL, NULL, NULL, NULL, NULL, NULL, NULL, NULL, 0, NULL),
(417, NULL, '', '', '', '2000-01-01', '0000-00-00', '', '', '', NULL, NULL, NULL, NULL, NULL, NULL, NULL, NULL, 0, NULL),
(418, NULL, '', '', '', '2000-01-01', '0000-00-00', '', '', '', NULL, NULL, NULL, NULL, NULL, NULL, NULL, NULL, 0, NULL),
(419, NULL, '', '', '', '2000-01-01', '0000-00-00', '', '', '', NULL, NULL, NULL, NULL, NULL, NULL, NULL, NULL, 0, NULL),
(420, NULL, '', '', '', '2000-01-01', '0000-00-00', '', '', '', NULL, NULL, NULL, NULL, NULL, NULL, NULL, NULL, 0, NULL),
(421, NULL, '', '', '', '2000-01-01', '0000-00-00', '', '', '', NULL, NULL, NULL, NULL, NULL, NULL, NULL, NULL, 0, NULL),
(422, NULL, '', '', '', '2000-01-01', '0000-00-00', '', '', '', NULL, NULL, NULL, NULL, NULL, NULL, NULL, NULL, 0, NULL),
(423, NULL, '', '', '', '2000-01-01', '0000-00-00', '', '', '', NULL, NULL, NULL, NULL, NULL, NULL, NULL, NULL, 0, NULL),
(424, NULL, '', '', '', '2000-01-01', '0000-00-00', '', '', '', NULL, NULL, NULL, NULL, NULL, NULL, NULL, NULL, 0, NULL),
(425, NULL, '', '', '', '2000-01-01', '0000-00-00', '', '', '', NULL, NULL, NULL, NULL, NULL, NULL, NULL, NULL, 0, NULL),
(426, NULL, '', '', '', '2000-01-01', '0000-00-00', '', '', '', NULL, NULL, NULL, NULL, NULL, NULL, NULL, NULL, 0, NULL),
(427, NULL, '', '', '', '2000-01-01', '0000-00-00', '', '', '', NULL, NULL, NULL, NULL, NULL, NULL, NULL, NULL, 0, NULL),
(428, NULL, '', '', '', '2000-01-01', '0000-00-00', '', '', '', NULL, NULL, NULL, NULL, NULL, NULL, NULL, NULL, 0, NULL),
(429, NULL, '', '', '', '2000-01-01', '0000-00-00', '', '', '', NULL, NULL, NULL, NULL, NULL, NULL, NULL, NULL, 0, NULL),
(430, NULL, '', '', '', '2000-01-01', '0000-00-00', '', '', '', NULL, NULL, NULL, NULL, NULL, NULL, NULL, NULL, 0, NULL),
(431, NULL, '', '', '', '2000-01-01', '0000-00-00', '', '', '', NULL, NULL, NULL, NULL, NULL, NULL, NULL, NULL, 0, NULL),
(432, NULL, '', '', '', '2000-01-01', '0000-00-00', '', '', '', NULL, NULL, NULL, NULL, NULL, NULL, NULL, NULL, 0, NULL),
(433, NULL, '', '', '', '2000-01-01', '0000-00-00', '', '', '', NULL, NULL, NULL, NULL, NULL, NULL, NULL, NULL, 0, NULL),
(434, NULL, '', '', '', '2000-01-01', '0000-00-00', '', '', '', NULL, NULL, NULL, NULL, NULL, NULL, NULL, NULL, 0, NULL),
(435, NULL, '', '', '', '2000-01-01', '0000-00-00', '', '', '', NULL, NULL, NULL, NULL, NULL, NULL, NULL, NULL, 0, NULL),
(436, NULL, '', '', '', '2000-01-01', '0000-00-00', '', '', '', NULL, NULL, NULL, NULL, NULL, NULL, NULL, NULL, 0, NULL),
(437, NULL, '', '', '', '2000-01-01', '0000-00-00', '', '', '', NULL, NULL, NULL, NULL, NULL, NULL, NULL, NULL, 0, NULL),
(438, NULL, '', '', '', '2000-01-01', '0000-00-00', '', '', '', NULL, NULL, NULL, NULL, NULL, NULL, NULL, NULL, 0, NULL),
(439, NULL, '', '', '', '2000-01-01', '0000-00-00', '', '', '', NULL, NULL, NULL, NULL, NULL, NULL, NULL, NULL, 0, NULL),
(440, NULL, '', '', '', '2000-01-01', '0000-00-00', '', '', '', NULL, NULL, NULL, NULL, NULL, NULL, NULL, NULL, 0, NULL),
(441, NULL, '', '', '', '2000-01-01', '0000-00-00', '', '', '', NULL, NULL, NULL, NULL, NULL, NULL, NULL, NULL, 0, NULL),
(442, NULL, '', '', '', '2000-01-01', '0000-00-00', '', '', '', NULL, NULL, NULL, NULL, NULL, NULL, NULL, NULL, 0, NULL),
(443, NULL, '', '', '', '2000-01-01', '0000-00-00', '', '', '', NULL, NULL, NULL, NULL, NULL, NULL, NULL, NULL, 0, NULL),
(444, NULL, '', '', '', '2000-01-01', '0000-00-00', '', '', '', NULL, NULL, NULL, NULL, NULL, NULL, NULL, NULL, 0, NULL),
(445, NULL, '', '', '', '2000-01-01', '0000-00-00', '', '', '', NULL, NULL, NULL, NULL, NULL, NULL, NULL, NULL, 0, NULL),
(446, NULL, '', '', '', '2000-01-01', '0000-00-00', '', '', '', NULL, NULL, NULL, NULL, NULL, NULL, NULL, NULL, 0, NULL),
(447, NULL, '', '', '', '2000-01-01', '0000-00-00', '', '', '', NULL, NULL, NULL, NULL, NULL, NULL, NULL, NULL, 0, NULL),
(448, NULL, '', '', '', '2000-01-01', '0000-00-00', '', '', '', NULL, NULL, NULL, NULL, NULL, NULL, NULL, NULL, 0, NULL),
(449, NULL, '', '', '', '2000-01-01', '0000-00-00', '', '', '', NULL, NULL, NULL, NULL, NULL, NULL, NULL, NULL, 0, NULL),
(450, NULL, '', '', '', '2000-01-01', '0000-00-00', '', '', '', NULL, NULL, NULL, NULL, NULL, NULL, NULL, NULL, 0, NULL),
(451, NULL, '', '', '', '2000-01-01', '0000-00-00', '', '', '', NULL, NULL, NULL, NULL, NULL, NULL, NULL, NULL, 0, NULL),
(452, NULL, '', '', '', '2000-01-01', '0000-00-00', '', '', '', NULL, NULL, NULL, NULL, NULL, NULL, NULL, NULL, 0, NULL),
(453, NULL, '', '', '', '2000-01-01', '0000-00-00', '', '', '', NULL, NULL, NULL, NULL, NULL, NULL, NULL, NULL, 0, NULL),
(454, NULL, '', '', '', '2000-01-01', '0000-00-00', '', '', '', NULL, NULL, NULL, NULL, NULL, NULL, NULL, NULL, 0, NULL),
(455, NULL, '', '', '', '2000-01-01', '0000-00-00', '', '', '', NULL, NULL, NULL, NULL, NULL, NULL, NULL, NULL, 0, NULL),
(456, NULL, '', '', '', '2000-01-01', '0000-00-00', '', '', '', NULL, NULL, NULL, NULL, NULL, NULL, NULL, NULL, 0, NULL),
(457, NULL, '', '', '', '2000-01-01', '0000-00-00', '', '', '', NULL, NULL, NULL, NULL, NULL, NULL, NULL, NULL, 0, NULL),
(458, NULL, '', '', '', '2000-01-01', '0000-00-00', '', '', '', NULL, NULL, NULL, NULL, NULL, NULL, NULL, NULL, 0, NULL),
(459, NULL, '', '', '', '2000-01-01', '0000-00-00', '', '', '', NULL, NULL, NULL, NULL, NULL, NULL, NULL, NULL, 0, NULL),
(460, NULL, '', '', '', '2000-01-01', '0000-00-00', '', '', '', NULL, NULL, NULL, NULL, NULL, NULL, NULL, NULL, 0, NULL),
(461, NULL, '', '', '', '2000-01-01', '0000-00-00', '', '', '', NULL, NULL, NULL, NULL, NULL, NULL, NULL, NULL, 0, NULL),
(462, NULL, '', '', '', '2000-01-01', '0000-00-00', '', '', '', NULL, NULL, NULL, NULL, NULL, NULL, NULL, NULL, 0, NULL),
(463, NULL, '', '', '', '2000-01-01', '0000-00-00', '', '', '', NULL, NULL, NULL, NULL, NULL, NULL, NULL, NULL, 0, NULL),
(464, NULL, '', '', '', '2000-01-01', '0000-00-00', '', '', '', NULL, NULL, NULL, NULL, NULL, NULL, NULL, NULL, 0, NULL),
(465, NULL, '', '', '', '2000-01-01', '0000-00-00', '', '', '', NULL, NULL, NULL, NULL, NULL, NULL, NULL, NULL, 0, NULL),
(466, NULL, '', '', '', '2000-01-01', '0000-00-00', '', '', '', NULL, NULL, NULL, NULL, NULL, NULL, NULL, NULL, 0, NULL),
(467, NULL, '', '', '', '2000-01-01', '0000-00-00', '', '', '', NULL, NULL, NULL, NULL, NULL, NULL, NULL, NULL, 0, NULL),
(468, NULL, '', '', '', '2000-01-01', '0000-00-00', '', '', '', NULL, NULL, NULL, NULL, NULL, NULL, NULL, NULL, 0, NULL),
(469, NULL, '', '', '', '2000-01-01', '0000-00-00', '', '', '', NULL, NULL, NULL, NULL, NULL, NULL, NULL, NULL, 0, NULL),
(470, NULL, '', '', '', '2000-01-01', '0000-00-00', '', '', '', NULL, NULL, NULL, NULL, NULL, NULL, NULL, NULL, 0, NULL),
(471, NULL, '', '', '', '2000-01-01', '0000-00-00', '', '', '', NULL, NULL, NULL, NULL, NULL, NULL, NULL, NULL, 0, NULL),
(472, NULL, '', '', '', '2000-01-01', '0000-00-00', '', '', '', NULL, NULL, NULL, NULL, NULL, NULL, NULL, NULL, 0, NULL),
(473, NULL, '', '', '', '2000-01-01', '0000-00-00', '', '', '', NULL, NULL, NULL, NULL, NULL, NULL, NULL, NULL, 0, NULL),
(474, NULL, '', '', '', '2000-01-01', '0000-00-00', '', '', '', NULL, NULL, NULL, NULL, NULL, NULL, NULL, NULL, 0, NULL),
(475, NULL, '', '', '', '2000-01-01', '0000-00-00', '', '', '', NULL, NULL, NULL, NULL, NULL, NULL, NULL, NULL, 0, NULL),
(476, NULL, '', '', '', '2000-01-01', '0000-00-00', '', '', '', NULL, NULL, NULL, NULL, NULL, NULL, NULL, NULL, 0, NULL),
(477, NULL, '', '', '', '2000-01-01', '0000-00-00', '', '', '', NULL, NULL, NULL, NULL, NULL, NULL, NULL, NULL, 0, NULL),
(478, NULL, '', '', '', '2000-01-01', '0000-00-00', '', '', '', NULL, NULL, NULL, NULL, NULL, NULL, NULL, NULL, 0, NULL),
(479, NULL, '', '', '', '2000-01-01', '0000-00-00', '', '', '', NULL, NULL, NULL, NULL, NULL, NULL, NULL, NULL, 0, NULL),
(480, NULL, '', '', '', '2000-01-01', '0000-00-00', '', '', '', NULL, NULL, NULL, NULL, NULL, NULL, NULL, NULL, 0, NULL),
(481, NULL, '', '', '', '2000-01-01', '0000-00-00', '', '', '', NULL, NULL, NULL, NULL, NULL, NULL, NULL, NULL, 0, NULL),
(482, NULL, '', '', '', '2000-01-01', '0000-00-00', '', '', '', NULL, NULL, NULL, NULL, NULL, NULL, NULL, NULL, 0, NULL),
(483, NULL, '', '', '', '2000-01-01', '0000-00-00', '', '', '', NULL, NULL, NULL, NULL, NULL, NULL, NULL, NULL, 0, NULL),
(484, NULL, '', '', '', '2000-01-01', '0000-00-00', '', '', '', NULL, NULL, NULL, NULL, NULL, NULL, NULL, NULL, 0, NULL),
(485, NULL, '', '', '', '2000-01-01', '0000-00-00', '', '', '', NULL, NULL, NULL, NULL, NULL, NULL, NULL, NULL, 0, NULL),
(486, NULL, '', '', '', '2000-01-01', '0000-00-00', '', '', '', NULL, NULL, NULL, NULL, NULL, NULL, NULL, NULL, 0, NULL),
(487, NULL, '', '', '', '2000-01-01', '0000-00-00', '', '', '', NULL, NULL, NULL, NULL, NULL, NULL, NULL, NULL, 0, NULL),
(488, NULL, '', '', '', '2000-01-01', '0000-00-00', '', '', '', NULL, NULL, NULL, NULL, NULL, NULL, NULL, NULL, 0, NULL),
(489, NULL, '', '', '', '2000-01-01', '0000-00-00', '', '', '', NULL, NULL, NULL, NULL, NULL, NULL, NULL, NULL, 0, NULL),
(490, NULL, '', '', '', '2000-01-01', '0000-00-00', '', '', '', NULL, NULL, NULL, NULL, NULL, NULL, NULL, NULL, 0, NULL),
(491, NULL, '', '', '', '2000-01-01', '0000-00-00', '', '', '', NULL, NULL, NULL, NULL, NULL, NULL, NULL, NULL, 0, NULL),
(492, NULL, '', '', '', '2000-01-01', '0000-00-00', '', '', '', NULL, NULL, NULL, NULL, NULL, NULL, NULL, NULL, 0, NULL),
(493, NULL, '', '', '', '2000-01-01', '0000-00-00', '', '', '', NULL, NULL, NULL, NULL, NULL, NULL, NULL, NULL, 0, NULL),
(494, NULL, '', '', '', '2000-01-01', '0000-00-00', '', '', '', NULL, NULL, NULL, NULL, NULL, NULL, NULL, NULL, 0, NULL),
(495, NULL, '', '', '', '2000-01-01', '0000-00-00', '', '', '', NULL, NULL, NULL, NULL, NULL, NULL, NULL, NULL, 0, NULL),
(496, NULL, '', '', '', '2000-01-01', '0000-00-00', '', '', '', NULL, NULL, NULL, NULL, NULL, NULL, NULL, NULL, 0, NULL),
(497, NULL, '', '', '', '2000-01-01', '0000-00-00', '', '', '', NULL, NULL, NULL, NULL, NULL, NULL, NULL, NULL, 0, NULL),
(498, NULL, '', '', '', '2000-01-01', '0000-00-00', '', '', '', NULL, NULL, NULL, NULL, NULL, NULL, NULL, NULL, 0, NULL),
(499, NULL, '', '', '', '2000-01-01', '0000-00-00', '', '', '', NULL, NULL, NULL, NULL, NULL, NULL, NULL, NULL, 0, NULL),
(500, NULL, '', '', '', '2000-01-01', '0000-00-00', '', '', '', NULL, NULL, NULL, NULL, NULL, NULL, NULL, NULL, 0, NULL),
(501, NULL, '', '', '', '2000-01-01', '0000-00-00', '', '', '', NULL, NULL, NULL, NULL, NULL, NULL, NULL, NULL, 0, NULL),
(502, NULL, '', '', '', '2000-01-01', '0000-00-00', '', '', '', NULL, NULL, NULL, NULL, NULL, NULL, NULL, NULL, 0, NULL),
(503, NULL, '', '', '', '2000-01-01', '0000-00-00', '', '', '', NULL, NULL, NULL, NULL, NULL, NULL, NULL, NULL, 0, NULL),
(504, NULL, '', '', '', '2000-01-01', '0000-00-00', '', '', '', NULL, NULL, NULL, NULL, NULL, NULL, NULL, NULL, 0, NULL),
(505, NULL, '', '', '', '2000-01-01', '0000-00-00', '', '', '', NULL, NULL, NULL, NULL, NULL, NULL, NULL, NULL, 0, NULL),
(506, NULL, '', '', '', '2000-01-01', '0000-00-00', '', '', '', NULL, NULL, NULL, NULL, NULL, NULL, NULL, NULL, 0, NULL),
(507, NULL, '', '', '', '2000-01-01', '0000-00-00', '', '', '', NULL, NULL, NULL, NULL, NULL, NULL, NULL, NULL, 0, NULL),
(508, NULL, '', '', '', '2000-01-01', '0000-00-00', '', '', '', NULL, NULL, NULL, NULL, NULL, NULL, NULL, NULL, 0, NULL),
(509, NULL, '', '', '', '2000-01-01', '0000-00-00', '', '', '', NULL, NULL, NULL, NULL, NULL, NULL, NULL, NULL, 0, NULL),
(510, NULL, '', '', '', '2000-01-01', '0000-00-00', '', '', '', NULL, NULL, NULL, NULL, NULL, NULL, NULL, NULL, 0, NULL),
(511, NULL, '', '', '', '2000-01-01', '0000-00-00', '', '', '', NULL, NULL, NULL, NULL, NULL, NULL, NULL, NULL, 0, NULL),
(512, NULL, '', '', '', '2000-01-01', '0000-00-00', '', '', '', NULL, NULL, NULL, NULL, NULL, NULL, NULL, NULL, 0, NULL),
(513, NULL, '', '', '', '2000-01-01', '0000-00-00', '', '', '', NULL, NULL, NULL, NULL, NULL, NULL, NULL, NULL, 0, NULL),
(514, NULL, '', '', '', '2000-01-01', '0000-00-00', '', '', '', NULL, NULL, NULL, NULL, NULL, NULL, NULL, NULL, 0, NULL),
(515, NULL, '', '', '', '2000-01-01', '0000-00-00', '', '', '', NULL, NULL, NULL, NULL, NULL, NULL, NULL, NULL, 0, NULL),
(516, NULL, '', '', '', '2000-01-01', '0000-00-00', '', '', '', NULL, NULL, NULL, NULL, NULL, NULL, NULL, NULL, 0, NULL),
(517, NULL, '', '', '', '2000-01-01', '0000-00-00', '', '', '', NULL, NULL, NULL, NULL, NULL, NULL, NULL, NULL, 0, NULL),
(518, NULL, '', '', '', '2000-01-01', '0000-00-00', '', '', '', NULL, NULL, NULL, NULL, NULL, NULL, NULL, NULL, 0, NULL),
(519, NULL, '', '', '', '2000-01-01', '0000-00-00', '', '', '', NULL, NULL, NULL, NULL, NULL, NULL, NULL, NULL, 0, NULL),
(520, NULL, '', '', '', '2000-01-01', '0000-00-00', '', '', '', NULL, NULL, NULL, NULL, NULL, NULL, NULL, NULL, 0, NULL),
(521, NULL, '', '', '', '2000-01-01', '0000-00-00', '', '', '', NULL, NULL, NULL, NULL, NULL, NULL, NULL, NULL, 0, NULL),
(522, NULL, '', '', '', '2000-01-01', '0000-00-00', '', '', '', NULL, NULL, NULL, NULL, NULL, NULL, NULL, NULL, 0, NULL),
(523, NULL, '', '', '', '2000-01-01', '0000-00-00', '', '', '', NULL, NULL, NULL, NULL, NULL, NULL, NULL, NULL, 0, NULL),
(524, NULL, '', '', '', '2000-01-01', '0000-00-00', '', '', '', NULL, NULL, NULL, NULL, NULL, NULL, NULL, NULL, 0, NULL),
(525, NULL, '', '', '', '2000-01-01', '0000-00-00', '', '', '', NULL, NULL, NULL, NULL, NULL, NULL, NULL, NULL, 0, NULL),
(526, NULL, '', '', '', '2000-01-01', '0000-00-00', '', '', '', NULL, NULL, NULL, NULL, NULL, NULL, NULL, NULL, 0, NULL),
(527, NULL, '', '', '', '2000-01-01', '0000-00-00', '', '', '', NULL, NULL, NULL, NULL, NULL, NULL, NULL, NULL, 0, NULL),
(528, NULL, '', '', '', '2000-01-01', '0000-00-00', '', '', '', NULL, NULL, NULL, NULL, NULL, NULL, NULL, NULL, 0, NULL),
(529, NULL, '', '', '', '2000-01-01', '0000-00-00', '', '', '', NULL, NULL, NULL, NULL, NULL, NULL, NULL, NULL, 0, NULL),
(530, NULL, '', '', '', '2000-01-01', '0000-00-00', '', '', '', NULL, NULL, NULL, NULL, NULL, NULL, NULL, NULL, 0, NULL),
(531, NULL, '', '', '', '2000-01-01', '0000-00-00', '', '', '', NULL, NULL, NULL, NULL, NULL, NULL, NULL, NULL, 0, NULL),
(532, NULL, '', '', '', '2000-01-01', '0000-00-00', '', '', '', NULL, NULL, NULL, NULL, NULL, NULL, NULL, NULL, 0, NULL),
(533, NULL, '', '', '', '2000-01-01', '0000-00-00', '', '', '', NULL, NULL, NULL, NULL, NULL, NULL, NULL, NULL, 0, NULL),
(534, NULL, '', '', '', '2000-01-01', '0000-00-00', '', '', '', NULL, NULL, NULL, NULL, NULL, NULL, NULL, NULL, 0, NULL),
(535, NULL, '', '', '', '2000-01-01', '0000-00-00', '', '', '', NULL, NULL, NULL, NULL, NULL, NULL, NULL, NULL, 0, NULL),
(536, NULL, '', '', '', '2000-01-01', '0000-00-00', '', '', '', NULL, NULL, NULL, NULL, NULL, NULL, NULL, NULL, 0, NULL),
(537, NULL, '', '', '', '2000-01-01', '0000-00-00', '', '', '', NULL, NULL, NULL, NULL, NULL, NULL, NULL, NULL, 0, NULL),
(538, NULL, '', '', '', '2000-01-01', '0000-00-00', '', '', '', NULL, NULL, NULL, NULL, NULL, NULL, NULL, NULL, 0, NULL),
(539, NULL, '', '', '', '2000-01-01', '0000-00-00', '', '', '', NULL, NULL, NULL, NULL, NULL, NULL, NULL, NULL, 0, NULL),
(540, NULL, '', '', '', '2000-01-01', '0000-00-00', '', '', '', NULL, NULL, NULL, NULL, NULL, NULL, NULL, NULL, 0, NULL),
(541, NULL, '', '', '', '2000-01-01', '0000-00-00', '', '', '', NULL, NULL, NULL, NULL, NULL, NULL, NULL, NULL, 0, NULL),
(542, NULL, '', '', '', '2000-01-01', '0000-00-00', '', '', '', NULL, NULL, NULL, NULL, NULL, NULL, NULL, NULL, 0, NULL),
(543, NULL, '', '', '', '2000-01-01', '0000-00-00', '', '', '', NULL, NULL, NULL, NULL, NULL, NULL, NULL, NULL, 0, NULL),
(544, NULL, '', '', '', '2000-01-01', '0000-00-00', '', '', '', NULL, NULL, NULL, NULL, NULL, NULL, NULL, NULL, 0, NULL),
(545, NULL, '', '', '', '2000-01-01', '0000-00-00', '', '', '', NULL, NULL, NULL, NULL, NULL, NULL, NULL, NULL, 0, NULL),
(546, NULL, '', '', '', '2000-01-01', '0000-00-00', '', '', '', NULL, NULL, NULL, NULL, NULL, NULL, NULL, NULL, 0, NULL),
(547, NULL, '', '', '', '2000-01-01', '0000-00-00', '', '', '', NULL, NULL, NULL, NULL, NULL, NULL, NULL, NULL, 0, NULL),
(548, NULL, '', '', '', '2000-01-01', '0000-00-00', '', '', '', NULL, NULL, NULL, NULL, NULL, NULL, NULL, NULL, 0, NULL),
(549, NULL, '', '', '', '2000-01-01', '0000-00-00', '', '', '', NULL, NULL, NULL, NULL, NULL, NULL, NULL, NULL, 0, NULL),
(550, NULL, '', '', '', '2000-01-01', '0000-00-00', '', '', '', NULL, NULL, NULL, NULL, NULL, NULL, NULL, NULL, 0, NULL),
(551, NULL, '', '', '', '2000-01-01', '0000-00-00', '', '', '', NULL, NULL, NULL, NULL, NULL, NULL, NULL, NULL, 0, NULL),
(552, NULL, '', '', '', '2000-01-01', '0000-00-00', '', '', '', NULL, NULL, NULL, NULL, NULL, NULL, NULL, NULL, 0, NULL),
(553, NULL, '', '', '', '2000-01-01', '0000-00-00', '', '', '', NULL, NULL, NULL, NULL, NULL, NULL, NULL, NULL, 0, NULL),
(554, NULL, '', '', '', '2000-01-01', '0000-00-00', '', '', '', NULL, NULL, NULL, NULL, NULL, NULL, NULL, NULL, 0, NULL),
(555, NULL, '', '', '', '2000-01-01', '0000-00-00', '', '', '', NULL, NULL, NULL, NULL, NULL, NULL, NULL, NULL, 0, NULL),
(556, NULL, '', '', '', '2000-01-01', '0000-00-00', '', '', '', NULL, NULL, NULL, NULL, NULL, NULL, NULL, NULL, 0, NULL),
(557, NULL, '', '', '', '2000-01-01', '0000-00-00', '', '', '', NULL, NULL, NULL, NULL, NULL, NULL, NULL, NULL, 0, NULL),
(558, NULL, '', '', '', '2000-01-01', '0000-00-00', '', '', '', NULL, NULL, NULL, NULL, NULL, NULL, NULL, NULL, 0, NULL),
(559, NULL, '', '', '', '2000-01-01', '0000-00-00', '', '', '', NULL, NULL, NULL, NULL, NULL, NULL, NULL, NULL, 0, NULL),
(560, NULL, '', '', '', '2000-01-01', '0000-00-00', '', '', '', NULL, NULL, NULL, NULL, NULL, NULL, NULL, NULL, 0, NULL),
(561, NULL, '', '', '', '2000-01-01', '0000-00-00', '', '', '', NULL, NULL, NULL, NULL, NULL, NULL, NULL, NULL, 0, NULL),
(562, NULL, '', '', '', '2000-01-01', '0000-00-00', '', '', '', NULL, NULL, NULL, NULL, NULL, NULL, NULL, NULL, 0, NULL),
(563, NULL, '', '', '', '2000-01-01', '0000-00-00', '', '', '', NULL, NULL, NULL, NULL, NULL, NULL, NULL, NULL, 0, NULL),
(564, NULL, '', '', '', '2000-01-01', '0000-00-00', '', '', '', NULL, NULL, NULL, NULL, NULL, NULL, NULL, NULL, 0, NULL),
(565, NULL, '', '', '', '2000-01-01', '0000-00-00', '', '', '', NULL, NULL, NULL, NULL, NULL, NULL, NULL, NULL, 0, NULL),
(566, NULL, '', '', '', '2000-01-01', '0000-00-00', '', '', '', NULL, NULL, NULL, NULL, NULL, NULL, NULL, NULL, 0, NULL),
(567, NULL, '', '', '', '2000-01-01', '0000-00-00', '', '', '', NULL, NULL, NULL, NULL, NULL, NULL, NULL, NULL, 0, NULL),
(568, NULL, '', '', '', '2000-01-01', '0000-00-00', '', '', '', NULL, NULL, NULL, NULL, NULL, NULL, NULL, NULL, 0, NULL),
(569, NULL, '', '', '', '2000-01-01', '0000-00-00', '', '', '', NULL, NULL, NULL, NULL, NULL, NULL, NULL, NULL, 0, NULL),
(570, NULL, '', '', '', '2000-01-01', '0000-00-00', '', '', '', NULL, NULL, NULL, NULL, NULL, NULL, NULL, NULL, 0, NULL),
(571, NULL, '', '', '', '2000-01-01', '0000-00-00', '', '', '', NULL, NULL, NULL, NULL, NULL, NULL, NULL, NULL, 0, NULL),
(572, NULL, '', '', '', '2000-01-01', '0000-00-00', '', '', '', NULL, NULL, NULL, NULL, NULL, NULL, NULL, NULL, 0, NULL),
(573, NULL, '', '', '', '2000-01-01', '0000-00-00', '', '', '', NULL, NULL, NULL, NULL, NULL, NULL, NULL, NULL, 0, NULL),
(574, NULL, '', '', '', '2000-01-01', '0000-00-00', '', '', '', NULL, NULL, NULL, NULL, NULL, NULL, NULL, NULL, 0, NULL),
(575, NULL, '', '', '', '2000-01-01', '0000-00-00', '', '', '', NULL, NULL, NULL, NULL, NULL, NULL, NULL, NULL, 0, NULL),
(576, NULL, '', '', '', '2000-01-01', '0000-00-00', '', '', '', NULL, NULL, NULL, NULL, NULL, NULL, NULL, NULL, 0, NULL),
(577, NULL, '', '', '', '2000-01-01', '0000-00-00', '', '', '', NULL, NULL, NULL, NULL, NULL, NULL, NULL, NULL, 0, NULL),
(578, NULL, '', '', '', '2000-01-01', '0000-00-00', '', '', '', NULL, NULL, NULL, NULL, NULL, NULL, NULL, NULL, 0, NULL),
(579, NULL, '', '', '', '2000-01-01', '0000-00-00', '', '', '', NULL, NULL, NULL, NULL, NULL, NULL, NULL, NULL, 0, NULL),
(580, NULL, '', '', '', '2000-01-01', '0000-00-00', '', '', '', NULL, NULL, NULL, NULL, NULL, NULL, NULL, NULL, 0, NULL),
(581, NULL, '', '', '', '2000-01-01', '0000-00-00', '', '', '', NULL, NULL, NULL, NULL, NULL, NULL, NULL, NULL, 0, NULL),
(582, NULL, '', '', '', '2000-01-01', '0000-00-00', '', '', '', NULL, NULL, NULL, NULL, NULL, NULL, NULL, NULL, 0, NULL),
(583, NULL, '', '', '', '2000-01-01', '0000-00-00', '', '', '', NULL, NULL, NULL, NULL, NULL, NULL, NULL, NULL, 0, NULL),
(584, NULL, '', '', '', '2000-01-01', '0000-00-00', '', '', '', NULL, NULL, NULL, NULL, NULL, NULL, NULL, NULL, 0, NULL),
(585, NULL, '', '', '', '2000-01-01', '0000-00-00', '', '', '', NULL, NULL, NULL, NULL, NULL, NULL, NULL, NULL, 0, NULL),
(586, NULL, '', '', '', '2000-01-01', '0000-00-00', '', '', '', NULL, NULL, NULL, NULL, NULL, NULL, NULL, NULL, 0, NULL),
(587, NULL, '', '', '', '2000-01-01', '0000-00-00', '', '', '', NULL, NULL, NULL, NULL, NULL, NULL, NULL, NULL, 0, NULL),
(588, NULL, '', '', '', '2000-01-01', '0000-00-00', '', '', '', NULL, NULL, NULL, NULL, NULL, NULL, NULL, NULL, 0, NULL),
(589, NULL, '', '', '', '2000-01-01', '0000-00-00', '', '', '', NULL, NULL, NULL, NULL, NULL, NULL, NULL, NULL, 0, NULL),
(590, NULL, '', '', '', '2000-01-01', '0000-00-00', '', '', '', NULL, NULL, NULL, NULL, NULL, NULL, NULL, NULL, 0, NULL),
(591, NULL, '', '', '', '2000-01-01', '0000-00-00', '', '', '', NULL, NULL, NULL, NULL, NULL, NULL, NULL, NULL, 0, NULL),
(592, NULL, '', '', '', '2000-01-01', '0000-00-00', '', '', '', NULL, NULL, NULL, NULL, NULL, NULL, NULL, NULL, 0, NULL),
(593, NULL, '', '', '', '2000-01-01', '0000-00-00', '', '', '', NULL, NULL, NULL, NULL, NULL, NULL, NULL, NULL, 0, NULL),
(594, NULL, '', '', '', '2000-01-01', '0000-00-00', '', '', '', NULL, NULL, NULL, NULL, NULL, NULL, NULL, NULL, 0, NULL),
(595, NULL, '', '', '', '2000-01-01', '0000-00-00', '', '', '', NULL, NULL, NULL, NULL, NULL, NULL, NULL, NULL, 0, NULL),
(596, NULL, '', '', '', '2000-01-01', '0000-00-00', '', '', '', NULL, NULL, NULL, NULL, NULL, NULL, NULL, NULL, 0, NULL),
(597, NULL, '', '', '', '2000-01-01', '0000-00-00', '', '', '', NULL, NULL, NULL, NULL, NULL, NULL, NULL, NULL, 0, NULL),
(598, NULL, '', '', '', '2000-01-01', '0000-00-00', '', '', '', NULL, NULL, NULL, NULL, NULL, NULL, NULL, NULL, 0, NULL),
(599, NULL, '', '', '', '2000-01-01', '0000-00-00', '', '', '', NULL, NULL, NULL, NULL, NULL, NULL, NULL, NULL, 0, NULL),
(600, NULL, '', '', '', '2000-01-01', '0000-00-00', '', '', '', NULL, NULL, NULL, NULL, NULL, NULL, NULL, NULL, 0, NULL),
(601, NULL, '', '', '', '2000-01-01', '0000-00-00', '', '', '', NULL, NULL, NULL, NULL, NULL, NULL, NULL, NULL, 0, NULL),
(602, NULL, '', '', '', '2000-01-01', '0000-00-00', '', '', '', NULL, NULL, NULL, NULL, NULL, NULL, NULL, NULL, 0, NULL),
(603, NULL, '', '', '', '2000-01-01', '0000-00-00', '', '', '', NULL, NULL, NULL, NULL, NULL, NULL, NULL, NULL, 0, NULL),
(604, NULL, '', '', '', '2000-01-01', '0000-00-00', '', '', '', NULL, NULL, NULL, NULL, NULL, NULL, NULL, NULL, 0, NULL),
(605, NULL, '', '', '', '2000-01-01', '0000-00-00', '', '', '', NULL, NULL, NULL, NULL, NULL, NULL, NULL, NULL, 0, NULL),
(606, NULL, '', '', '', '2000-01-01', '0000-00-00', '', '', '', NULL, NULL, NULL, NULL, NULL, NULL, NULL, NULL, 0, NULL),
(607, NULL, '', '', '', '2000-01-01', '0000-00-00', '', '', '', NULL, NULL, NULL, NULL, NULL, NULL, NULL, NULL, 0, NULL),
(608, NULL, '', '', '', '2000-01-01', '0000-00-00', '', '', '', NULL, NULL, NULL, NULL, NULL, NULL, NULL, NULL, 0, NULL),
(609, NULL, '', '', '', '2000-01-01', '0000-00-00', '', '', '', NULL, NULL, NULL, NULL, NULL, NULL, NULL, NULL, 0, NULL),
(610, NULL, '', '', '', '2000-01-01', '0000-00-00', '', '', '', NULL, NULL, NULL, NULL, NULL, NULL, NULL, NULL, 0, NULL),
(611, NULL, '', '', '', '2000-01-01', '0000-00-00', '', '', '', NULL, NULL, NULL, NULL, NULL, NULL, NULL, NULL, 0, NULL),
(612, NULL, '', '', '', '2000-01-01', '0000-00-00', '', '', '', NULL, NULL, NULL, NULL, NULL, NULL, NULL, NULL, 0, NULL),
(613, NULL, '', '', '', '2000-01-01', '0000-00-00', '', '', '', NULL, NULL, NULL, NULL, NULL, NULL, NULL, NULL, 0, NULL),
(614, NULL, '', '', '', '2000-01-01', '0000-00-00', '', '', '', NULL, NULL, NULL, NULL, NULL, NULL, NULL, NULL, 0, NULL),
(615, NULL, '', '', '', '2000-01-01', '0000-00-00', '', '', '', NULL, NULL, NULL, NULL, NULL, NULL, NULL, NULL, 0, NULL),
(616, NULL, '', '', '', '2000-01-01', '0000-00-00', '', '', '', NULL, NULL, NULL, NULL, NULL, NULL, NULL, NULL, 0, NULL),
(617, NULL, '', '', '', '2000-01-01', '0000-00-00', '', '', '', NULL, NULL, NULL, NULL, NULL, NULL, NULL, NULL, 0, NULL),
(618, NULL, '', '', '', '2000-01-01', '0000-00-00', '', '', '', NULL, NULL, NULL, NULL, NULL, NULL, NULL, NULL, 0, NULL),
(619, NULL, '', '', '', '2000-01-01', '0000-00-00', '', '', '', NULL, NULL, NULL, NULL, NULL, NULL, NULL, NULL, 0, NULL),
(620, NULL, '', '', '', '2000-01-01', '0000-00-00', '', '', '', NULL, NULL, NULL, NULL, NULL, NULL, NULL, NULL, 0, NULL),
(621, NULL, '', '', '', '2000-01-01', '0000-00-00', '', '', '', NULL, NULL, NULL, NULL, NULL, NULL, NULL, NULL, 0, NULL),
(622, NULL, '', '', '', '2000-01-01', '0000-00-00', '', '', '', NULL, NULL, NULL, NULL, NULL, NULL, NULL, NULL, 0, NULL),
(623, NULL, '', '', '', '2000-01-01', '0000-00-00', '', '', '', NULL, NULL, NULL, NULL, NULL, NULL, NULL, NULL, 0, NULL),
(624, NULL, '', '', '', '2000-01-01', '0000-00-00', '', '', '', NULL, NULL, NULL, NULL, NULL, NULL, NULL, NULL, 0, NULL),
(625, NULL, '', '', '', '2000-01-01', '0000-00-00', '', '', '', NULL, NULL, NULL, NULL, NULL, NULL, NULL, NULL, 0, NULL),
(626, NULL, '', '', '', '2000-01-01', '0000-00-00', '', '', '', NULL, NULL, NULL, NULL, NULL, NULL, NULL, NULL, 0, NULL),
(627, NULL, '', '', '', '2000-01-01', '0000-00-00', '', '', '', NULL, NULL, NULL, NULL, NULL, NULL, NULL, NULL, 0, NULL),
(628, NULL, '', '', '', '2000-01-01', '0000-00-00', '', '', '', NULL, NULL, NULL, NULL, NULL, NULL, NULL, NULL, 0, NULL),
(629, NULL, '', '', '', '2000-01-01', '0000-00-00', '', '', '', NULL, NULL, NULL, NULL, NULL, NULL, NULL, NULL, 0, NULL),
(630, NULL, '', '', '', '2000-01-01', '0000-00-00', '', '', '', NULL, NULL, NULL, NULL, NULL, NULL, NULL, NULL, 0, NULL),
(631, NULL, '', '', '', '2000-01-01', '0000-00-00', '', '', '', NULL, NULL, NULL, NULL, NULL, NULL, NULL, NULL, 0, NULL),
(632, NULL, '', '', '', '2000-01-01', '0000-00-00', '', '', '', NULL, NULL, NULL, NULL, NULL, NULL, NULL, NULL, 0, NULL),
(633, NULL, '', '', '', '2000-01-01', '0000-00-00', '', '', '', NULL, NULL, NULL, NULL, NULL, NULL, NULL, NULL, 0, NULL),
(634, NULL, '', '', '', '2000-01-01', '0000-00-00', '', '', '', NULL, NULL, NULL, NULL, NULL, NULL, NULL, NULL, 0, NULL),
(635, NULL, '', '', '', '2000-01-01', '0000-00-00', '', '', '', NULL, NULL, NULL, NULL, NULL, NULL, NULL, NULL, 0, NULL),
(636, NULL, '', '', '', '2000-01-01', '0000-00-00', '', '', '', NULL, NULL, NULL, NULL, NULL, NULL, NULL, NULL, 0, NULL),
(637, NULL, '', '', '', '2000-01-01', '0000-00-00', '', '', '', NULL, NULL, NULL, NULL, NULL, NULL, NULL, NULL, 0, NULL),
(638, NULL, '', '', '', '2000-01-01', '0000-00-00', '', '', '', NULL, NULL, NULL, NULL, NULL, NULL, NULL, NULL, 0, NULL),
(639, NULL, '', '', '', '2000-01-01', '0000-00-00', '', '', '', NULL, NULL, NULL, NULL, NULL, NULL, NULL, NULL, 0, NULL),
(640, NULL, '', '', '', '2000-01-01', '0000-00-00', '', '', '', NULL, NULL, NULL, NULL, NULL, NULL, NULL, NULL, 0, NULL),
(641, NULL, '', '', '', '2000-01-01', '0000-00-00', '', '', '', NULL, NULL, NULL, NULL, NULL, NULL, NULL, NULL, 0, NULL),
(642, NULL, '', '', '', '2000-01-01', '0000-00-00', '', '', '', NULL, NULL, NULL, NULL, NULL, NULL, NULL, NULL, 0, NULL),
(643, NULL, '', '', '', '2000-01-01', '0000-00-00', '', '', '', NULL, NULL, NULL, NULL, NULL, NULL, NULL, NULL, 0, NULL),
(644, NULL, '', '', '', '2000-01-01', '0000-00-00', '', '', '', NULL, NULL, NULL, NULL, NULL, NULL, NULL, NULL, 0, NULL),
(645, NULL, '', '', '', '2000-01-01', '0000-00-00', '', '', '', NULL, NULL, NULL, NULL, NULL, NULL, NULL, NULL, 0, NULL),
(646, NULL, '', '', '', '2000-01-01', '0000-00-00', '', '', '', NULL, NULL, NULL, NULL, NULL, NULL, NULL, NULL, 0, NULL),
(647, NULL, '', '', '', '2000-01-01', '0000-00-00', '', '', '', NULL, NULL, NULL, NULL, NULL, NULL, NULL, NULL, 0, NULL),
(648, NULL, '', '', '', '2000-01-01', '0000-00-00', '', '', '', NULL, NULL, NULL, NULL, NULL, NULL, NULL, NULL, 0, NULL),
(649, NULL, '', '', '', '2000-01-01', '0000-00-00', '', '', '', NULL, NULL, NULL, NULL, NULL, NULL, NULL, NULL, 0, NULL),
(650, NULL, '', '', '', '2000-01-01', '0000-00-00', '', '', '', NULL, NULL, NULL, NULL, NULL, NULL, NULL, NULL, 0, NULL),
(651, NULL, '', '', '', '2000-01-01', '0000-00-00', '', '', '', NULL, NULL, NULL, NULL, NULL, NULL, NULL, NULL, 0, NULL),
(652, NULL, '', '', '', '2000-01-01', '0000-00-00', '', '', '', NULL, NULL, NULL, NULL, NULL, NULL, NULL, NULL, 0, NULL),
(653, NULL, '', '', '', '2000-01-01', '0000-00-00', '', '', '', NULL, NULL, NULL, NULL, NULL, NULL, NULL, NULL, 0, NULL),
(654, NULL, '', '', '', '2000-01-01', '0000-00-00', '', '', '', NULL, NULL, NULL, NULL, NULL, NULL, NULL, NULL, 0, NULL),
(655, NULL, '', '', '', '2000-01-01', '0000-00-00', '', '', '', NULL, NULL, NULL, NULL, NULL, NULL, NULL, NULL, 0, NULL),
(656, NULL, '', '', '', '2000-01-01', '0000-00-00', '', '', '', NULL, NULL, NULL, NULL, NULL, NULL, NULL, NULL, 0, NULL),
(657, NULL, '', '', '', '2000-01-01', '0000-00-00', '', '', '', NULL, NULL, NULL, NULL, NULL, NULL, NULL, NULL, 0, NULL),
(658, NULL, '', '', '', '2000-01-01', '0000-00-00', '', '', '', NULL, NULL, NULL, NULL, NULL, NULL, NULL, NULL, 0, NULL),
(659, NULL, '', '', '', '2000-01-01', '0000-00-00', '', '', '', NULL, NULL, NULL, NULL, NULL, NULL, NULL, NULL, 0, NULL),
(660, NULL, '', '', '', '2000-01-01', '0000-00-00', '', '', '', NULL, NULL, NULL, NULL, NULL, NULL, NULL, NULL, 0, NULL),
(661, NULL, '', '', '', '2000-01-01', '0000-00-00', '', '', '', NULL, NULL, NULL, NULL, NULL, NULL, NULL, NULL, 0, NULL),
(662, NULL, '', '', '', '2000-01-01', '0000-00-00', '', '', '', NULL, NULL, NULL, NULL, NULL, NULL, NULL, NULL, 0, NULL),
(663, NULL, '', '', '', '2000-01-01', '0000-00-00', '', '', '', NULL, NULL, NULL, NULL, NULL, NULL, NULL, NULL, 0, NULL),
(664, NULL, '', '', '', '2000-01-01', '0000-00-00', '', '', '', NULL, NULL, NULL, NULL, NULL, NULL, NULL, NULL, 0, NULL),
(665, NULL, '', '', '', '2000-01-01', '0000-00-00', '', '', '', NULL, NULL, NULL, NULL, NULL, NULL, NULL, NULL, 0, NULL),
(666, NULL, '', '', '', '2000-01-01', '0000-00-00', '', '', '', NULL, NULL, NULL, NULL, NULL, NULL, NULL, NULL, 0, NULL),
(667, NULL, '', '', '', '2000-01-01', '0000-00-00', '', '', '', NULL, NULL, NULL, NULL, NULL, NULL, NULL, NULL, 0, NULL),
(668, NULL, '', '', '', '2000-01-01', '0000-00-00', '', '', '', NULL, NULL, NULL, NULL, NULL, NULL, NULL, NULL, 0, NULL),
(669, NULL, '', '', '', '2000-01-01', '0000-00-00', '', '', '', NULL, NULL, NULL, NULL, NULL, NULL, NULL, NULL, 0, NULL),
(670, NULL, '', '', '', '2000-01-01', '0000-00-00', '', '', '', NULL, NULL, NULL, NULL, NULL, NULL, NULL, NULL, 0, NULL),
(671, NULL, '', '', '', '2000-01-01', '0000-00-00', '', '', '', NULL, NULL, NULL, NULL, NULL, NULL, NULL, NULL, 0, NULL),
(672, NULL, '', '', '', '2000-01-01', '0000-00-00', '', '', '', NULL, NULL, NULL, NULL, NULL, NULL, NULL, NULL, 0, NULL),
(673, NULL, '', '', '', '2000-01-01', '0000-00-00', '', '', '', NULL, NULL, NULL, NULL, NULL, NULL, NULL, NULL, 0, NULL),
(674, NULL, '', '', '', '2000-01-01', '0000-00-00', '', '', '', NULL, NULL, NULL, NULL, NULL, NULL, NULL, NULL, 0, NULL),
(675, NULL, '', '', '', '2000-01-01', '0000-00-00', '', '', '', NULL, NULL, NULL, NULL, NULL, NULL, NULL, NULL, 0, NULL),
(676, NULL, '', '', '', '2000-01-01', '0000-00-00', '', '', '', NULL, NULL, NULL, NULL, NULL, NULL, NULL, NULL, 0, NULL),
(677, NULL, '', '', '', '2000-01-01', '0000-00-00', '', '', '', NULL, NULL, NULL, NULL, NULL, NULL, NULL, NULL, 0, NULL),
(678, NULL, '', '', '', '2000-01-01', '0000-00-00', '', '', '', NULL, NULL, NULL, NULL, NULL, NULL, NULL, NULL, 0, NULL),
(679, NULL, '', '', '', '2000-01-01', '0000-00-00', '', '', '', NULL, NULL, NULL, NULL, NULL, NULL, NULL, NULL, 0, NULL),
(680, NULL, '', '', '', '2000-01-01', '0000-00-00', '', '', '', NULL, NULL, NULL, NULL, NULL, NULL, NULL, NULL, 0, NULL),
(681, NULL, '', '', '', '2000-01-01', '0000-00-00', '', '', '', NULL, NULL, NULL, NULL, NULL, NULL, NULL, NULL, 0, NULL),
(682, NULL, '', '', '', '2000-01-01', '0000-00-00', '', '', '', NULL, NULL, NULL, NULL, NULL, NULL, NULL, NULL, 0, NULL),
(683, NULL, '', '', '', '2000-01-01', '0000-00-00', '', '', '', NULL, NULL, NULL, NULL, NULL, NULL, NULL, NULL, 0, NULL),
(684, NULL, '', '', '', '2000-01-01', '0000-00-00', '', '', '', NULL, NULL, NULL, NULL, NULL, NULL, NULL, NULL, 0, NULL),
(685, NULL, '', '', '', '2000-01-01', '0000-00-00', '', '', '', NULL, NULL, NULL, NULL, NULL, NULL, NULL, NULL, 0, NULL),
(686, NULL, '', '', '', '2000-01-01', '0000-00-00', '', '', '', NULL, NULL, NULL, NULL, NULL, NULL, NULL, NULL, 0, NULL),
(687, NULL, '', '', '', '2000-01-01', '0000-00-00', '', '', '', NULL, NULL, NULL, NULL, NULL, NULL, NULL, NULL, 0, NULL),
(688, NULL, '', '', '', '2000-01-01', '0000-00-00', '', '', '', NULL, NULL, NULL, NULL, NULL, NULL, NULL, NULL, 0, NULL),
(689, NULL, '', '', '', '2000-01-01', '0000-00-00', '', '', '', NULL, NULL, NULL, NULL, NULL, NULL, NULL, NULL, 0, NULL),
(690, NULL, '', '', '', '2000-01-01', '0000-00-00', '', '', '', NULL, NULL, NULL, NULL, NULL, NULL, NULL, NULL, 0, NULL),
(691, NULL, '', '', '', '2000-01-01', '0000-00-00', '', '', '', NULL, NULL, NULL, NULL, NULL, NULL, NULL, NULL, 0, NULL),
(692, NULL, '', '', '', '2000-01-01', '0000-00-00', '', '', '', NULL, NULL, NULL, NULL, NULL, NULL, NULL, NULL, 0, NULL),
(693, NULL, '', '', '', '2000-01-01', '0000-00-00', '', '', '', NULL, NULL, NULL, NULL, NULL, NULL, NULL, NULL, 0, NULL),
(694, NULL, '', '', '', '2000-01-01', '0000-00-00', '', '', '', NULL, NULL, NULL, NULL, NULL, NULL, NULL, NULL, 0, NULL),
(695, NULL, '', '', '', '2000-01-01', '0000-00-00', '', '', '', NULL, NULL, NULL, NULL, NULL, NULL, NULL, NULL, 0, NULL),
(696, NULL, '', '', '', '2000-01-01', '0000-00-00', '', '', '', NULL, NULL, NULL, NULL, NULL, NULL, NULL, NULL, 0, NULL),
(697, NULL, '', '', '', '2000-01-01', '0000-00-00', '', '', '', NULL, NULL, NULL, NULL, NULL, NULL, NULL, NULL, 0, NULL),
(698, NULL, '', '', '', '2000-01-01', '0000-00-00', '', '', '', NULL, NULL, NULL, NULL, NULL, NULL, NULL, NULL, 0, NULL),
(699, NULL, '', '', '', '2000-01-01', '0000-00-00', '', '', '', NULL, NULL, NULL, NULL, NULL, NULL, NULL, NULL, 0, NULL),
(700, NULL, '', '', '', '2000-01-01', '0000-00-00', '', '', '', NULL, NULL, NULL, NULL, NULL, NULL, NULL, NULL, 0, NULL),
(701, NULL, '', '', '', '2000-01-01', '0000-00-00', '', '', '', NULL, NULL, NULL, NULL, NULL, NULL, NULL, NULL, 0, NULL),
(702, NULL, '', '', '', '2000-01-01', '0000-00-00', '', '', '', NULL, NULL, NULL, NULL, NULL, NULL, NULL, NULL, 0, NULL),
(703, NULL, '', '', '', '2000-01-01', '0000-00-00', '', '', '', NULL, NULL, NULL, NULL, NULL, NULL, NULL, NULL, 0, NULL),
(704, NULL, '', '', '', '2000-01-01', '0000-00-00', '', '', '', NULL, NULL, NULL, NULL, NULL, NULL, NULL, NULL, 0, NULL),
(705, NULL, '', '', '', '2000-01-01', '0000-00-00', '', '', '', NULL, NULL, NULL, NULL, NULL, NULL, NULL, NULL, 0, NULL),
(706, NULL, '', '', '', '2000-01-01', '0000-00-00', '', '', '', NULL, NULL, NULL, NULL, NULL, NULL, NULL, NULL, 0, NULL),
(707, NULL, '', '', '', '2000-01-01', '0000-00-00', '', '', '', NULL, NULL, NULL, NULL, NULL, NULL, NULL, NULL, 0, NULL),
(708, NULL, '', '', '', '2000-01-01', '0000-00-00', '', '', '', NULL, NULL, NULL, NULL, NULL, NULL, NULL, NULL, 0, NULL),
(709, NULL, '', '', '', '2000-01-01', '0000-00-00', '', '', '', NULL, NULL, NULL, NULL, NULL, NULL, NULL, NULL, 0, NULL),
(710, NULL, '', '', '', '2000-01-01', '0000-00-00', '', '', '', NULL, NULL, NULL, NULL, NULL, NULL, NULL, NULL, 0, NULL),
(711, NULL, '', '', '', '2000-01-01', '0000-00-00', '', '', '', NULL, NULL, NULL, NULL, NULL, NULL, NULL, NULL, 0, NULL),
(712, NULL, '', '', '', '2000-01-01', '0000-00-00', '', '', '', NULL, NULL, NULL, NULL, NULL, NULL, NULL, NULL, 0, NULL),
(713, NULL, '', '', '', '2000-01-01', '0000-00-00', '', '', '', NULL, NULL, NULL, NULL, NULL, NULL, NULL, NULL, 0, NULL),
(714, NULL, '', '', '', '2000-01-01', '0000-00-00', '', '', '', NULL, NULL, NULL, NULL, NULL, NULL, NULL, NULL, 0, NULL),
(715, NULL, '', '', '', '2000-01-01', '0000-00-00', '', '', '', NULL, NULL, NULL, NULL, NULL, NULL, NULL, NULL, 0, NULL),
(716, NULL, '', '', '', '2000-01-01', '0000-00-00', '', '', '', NULL, NULL, NULL, NULL, NULL, NULL, NULL, NULL, 0, NULL),
(717, NULL, '', '', '', '2000-01-01', '0000-00-00', '', '', '', NULL, NULL, NULL, NULL, NULL, NULL, NULL, NULL, 0, NULL),
(718, NULL, '', '', '', '2000-01-01', '0000-00-00', '', '', '', NULL, NULL, NULL, NULL, NULL, NULL, NULL, NULL, 0, NULL),
(719, NULL, '', '', '', '2000-01-01', '0000-00-00', '', '', '', NULL, NULL, NULL, NULL, NULL, NULL, NULL, NULL, 0, NULL),
(720, NULL, '', '', '', '2000-01-01', '0000-00-00', '', '', '', NULL, NULL, NULL, NULL, NULL, NULL, NULL, NULL, 0, NULL),
(721, NULL, '', '', '', '2000-01-01', '0000-00-00', '', '', '', NULL, NULL, NULL, NULL, NULL, NULL, NULL, NULL, 0, NULL),
(722, NULL, '', '', '', '2000-01-01', '0000-00-00', '', '', '', NULL, NULL, NULL, NULL, NULL, NULL, NULL, NULL, 0, NULL),
(723, NULL, '', '', '', '2000-01-01', '0000-00-00', '', '', '', NULL, NULL, NULL, NULL, NULL, NULL, NULL, NULL, 0, NULL),
(724, NULL, '', '', '', '2000-01-01', '0000-00-00', '', '', '', NULL, NULL, NULL, NULL, NULL, NULL, NULL, NULL, 0, NULL),
(725, NULL, '', '', '', '2000-01-01', '0000-00-00', '', '', '', NULL, NULL, NULL, NULL, NULL, NULL, NULL, NULL, 0, NULL),
(726, NULL, '', '', '', '2000-01-01', '0000-00-00', '', '', '', NULL, NULL, NULL, NULL, NULL, NULL, NULL, NULL, 0, NULL),
(727, NULL, '', '', '', '2000-01-01', '0000-00-00', '', '', '', NULL, NULL, NULL, NULL, NULL, NULL, NULL, NULL, 0, NULL),
(728, NULL, '', '', '', '2000-01-01', '0000-00-00', '', '', '', NULL, NULL, NULL, NULL, NULL, NULL, NULL, NULL, 0, NULL),
(729, NULL, '', '', '', '2000-01-01', '0000-00-00', '', '', '', NULL, NULL, NULL, NULL, NULL, NULL, NULL, NULL, 0, NULL),
(730, NULL, '', '', '', '2000-01-01', '0000-00-00', '', '', '', NULL, NULL, NULL, NULL, NULL, NULL, NULL, NULL, 0, NULL),
(731, NULL, '', '', '', '2000-01-01', '0000-00-00', '', '', '', NULL, NULL, NULL, NULL, NULL, NULL, NULL, NULL, 0, NULL),
(732, NULL, '', '', '', '2000-01-01', '0000-00-00', '', '', '', NULL, NULL, NULL, NULL, NULL, NULL, NULL, NULL, 0, NULL),
(733, NULL, '', '', '', '2000-01-01', '0000-00-00', '', '', '', NULL, NULL, NULL, NULL, NULL, NULL, NULL, NULL, 0, NULL),
(734, NULL, '', '', '', '2000-01-01', '0000-00-00', '', '', '', NULL, NULL, NULL, NULL, NULL, NULL, NULL, NULL, 0, NULL),
(735, NULL, '', '', '', '2000-01-01', '0000-00-00', '', '', '', NULL, NULL, NULL, NULL, NULL, NULL, NULL, NULL, 0, NULL),
(736, NULL, '', '', '', '2000-01-01', '0000-00-00', '', '', '', NULL, NULL, NULL, NULL, NULL, NULL, NULL, NULL, 0, NULL),
(737, NULL, '', '', '', '2000-01-01', '0000-00-00', '', '', '', NULL, NULL, NULL, NULL, NULL, NULL, NULL, NULL, 0, NULL),
(738, NULL, '', '', '', '2000-01-01', '0000-00-00', '', '', '', NULL, NULL, NULL, NULL, NULL, NULL, NULL, NULL, 0, NULL),
(739, NULL, '', '', '', '2000-01-01', '0000-00-00', '', '', '', NULL, NULL, NULL, NULL, NULL, NULL, NULL, NULL, 0, NULL),
(740, NULL, '', '', '', '2000-01-01', '0000-00-00', '', '', '', NULL, NULL, NULL, NULL, NULL, NULL, NULL, NULL, 0, NULL),
(741, NULL, '', '', '', '2000-01-01', '0000-00-00', '', '', '', NULL, NULL, NULL, NULL, NULL, NULL, NULL, NULL, 0, NULL),
(742, NULL, '', '', '', '2000-01-01', '0000-00-00', '', '', '', NULL, NULL, NULL, NULL, NULL, NULL, NULL, NULL, 0, NULL),
(743, NULL, '', '', '', '2000-01-01', '0000-00-00', '', '', '', NULL, NULL, NULL, NULL, NULL, NULL, NULL, NULL, 0, NULL),
(744, NULL, '', '', '', '2000-01-01', '0000-00-00', '', '', '', NULL, NULL, NULL, NULL, NULL, NULL, NULL, NULL, 0, NULL),
(745, NULL, '', '', '', '2000-01-01', '0000-00-00', '', '', '', NULL, NULL, NULL, NULL, NULL, NULL, NULL, NULL, 0, NULL),
(746, NULL, '', '', '', '2000-01-01', '0000-00-00', '', '', '', NULL, NULL, NULL, NULL, NULL, NULL, NULL, NULL, 0, NULL),
(747, NULL, '', '', '', '2000-01-01', '0000-00-00', '', '', '', NULL, NULL, NULL, NULL, NULL, NULL, NULL, NULL, 0, NULL),
(748, NULL, '', '', '', '2000-01-01', '0000-00-00', '', '', '', NULL, NULL, NULL, NULL, NULL, NULL, NULL, NULL, 0, NULL),
(749, NULL, '', '', '', '2000-01-01', '0000-00-00', '', '', '', NULL, NULL, NULL, NULL, NULL, NULL, NULL, NULL, 0, NULL),
(750, NULL, '', '', '', '2000-01-01', '0000-00-00', '', '', '', NULL, NULL, NULL, NULL, NULL, NULL, NULL, NULL, 0, NULL),
(751, NULL, '', '', '', '2000-01-01', '0000-00-00', '', '', '', NULL, NULL, NULL, NULL, NULL, NULL, NULL, NULL, 0, NULL),
(752, NULL, '', '', '', '2000-01-01', '0000-00-00', '', '', '', NULL, NULL, NULL, NULL, NULL, NULL, NULL, NULL, 0, NULL),
(753, NULL, '', '', '', '2000-01-01', '0000-00-00', '', '', '', NULL, NULL, NULL, NULL, NULL, NULL, NULL, NULL, 0, NULL),
(754, NULL, '', '', '', '2000-01-01', '0000-00-00', '', '', '', NULL, NULL, NULL, NULL, NULL, NULL, NULL, NULL, 0, NULL),
(755, NULL, '', '', '', '2000-01-01', '0000-00-00', '', '', '', NULL, NULL, NULL, NULL, NULL, NULL, NULL, NULL, 0, NULL),
(756, NULL, '', '', '', '2000-01-01', '0000-00-00', '', '', '', NULL, NULL, NULL, NULL, NULL, NULL, NULL, NULL, 0, NULL),
(757, NULL, '', '', '', '2000-01-01', '0000-00-00', '', '', '', NULL, NULL, NULL, NULL, NULL, NULL, NULL, NULL, 0, NULL),
(758, NULL, '', '', '', '2000-01-01', '0000-00-00', '', '', '', NULL, NULL, NULL, NULL, NULL, NULL, NULL, NULL, 0, NULL),
(759, NULL, '', '', '', '2000-01-01', '0000-00-00', '', '', '', NULL, NULL, NULL, NULL, NULL, NULL, NULL, NULL, 0, NULL),
(760, NULL, '', '', '', '2000-01-01', '0000-00-00', '', '', '', NULL, NULL, NULL, NULL, NULL, NULL, NULL, NULL, 0, NULL),
(761, NULL, '', '', '', '2000-01-01', '0000-00-00', '', '', '', NULL, NULL, NULL, NULL, NULL, NULL, NULL, NULL, 0, NULL),
(762, NULL, '', '', '', '2000-01-01', '0000-00-00', '', '', '', NULL, NULL, NULL, NULL, NULL, NULL, NULL, NULL, 0, NULL),
(763, NULL, '', '', '', '2000-01-01', '0000-00-00', '', '', '', NULL, NULL, NULL, NULL, NULL, NULL, NULL, NULL, 0, NULL),
(764, NULL, '', '', '', '2000-01-01', '0000-00-00', '', '', '', NULL, NULL, NULL, NULL, NULL, NULL, NULL, NULL, 0, NULL),
(765, NULL, '', '', '', '2000-01-01', '0000-00-00', '', '', '', NULL, NULL, NULL, NULL, NULL, NULL, NULL, NULL, 0, NULL),
(766, NULL, '', '', '', '2000-01-01', '0000-00-00', '', '', '', NULL, NULL, NULL, NULL, NULL, NULL, NULL, NULL, 0, NULL),
(767, NULL, '', '', '', '2000-01-01', '0000-00-00', '', '', '', NULL, NULL, NULL, NULL, NULL, NULL, NULL, NULL, 0, NULL),
(768, NULL, '', '', '', '2000-01-01', '0000-00-00', '', '', '', NULL, NULL, NULL, NULL, NULL, NULL, NULL, NULL, 0, NULL),
(769, NULL, '', '', '', '2000-01-01', '0000-00-00', '', '', '', NULL, NULL, NULL, NULL, NULL, NULL, NULL, NULL, 0, NULL),
(770, NULL, '', '', '', '2000-01-01', '0000-00-00', '', '', '', NULL, NULL, NULL, NULL, NULL, NULL, NULL, NULL, 0, NULL),
(771, NULL, '', '', '', '2000-01-01', '0000-00-00', '', '', '', NULL, NULL, NULL, NULL, NULL, NULL, NULL, NULL, 0, NULL),
(772, NULL, '', '', '', '2000-01-01', '0000-00-00', '', '', '', NULL, NULL, NULL, NULL, NULL, NULL, NULL, NULL, 0, NULL),
(773, NULL, '', '', '', '2000-01-01', '0000-00-00', '', '', '', NULL, NULL, NULL, NULL, NULL, NULL, NULL, NULL, 0, NULL),
(774, NULL, '', '', '', '2000-01-01', '0000-00-00', '', '', '', NULL, NULL, NULL, NULL, NULL, NULL, NULL, NULL, 0, NULL),
(775, NULL, '', '', '', '2000-01-01', '0000-00-00', '', '', '', NULL, NULL, NULL, NULL, NULL, NULL, NULL, NULL, 0, NULL),
(776, NULL, '', '', '', '2000-01-01', '0000-00-00', '', '', '', NULL, NULL, NULL, NULL, NULL, NULL, NULL, NULL, 0, NULL),
(777, NULL, '', '', '', '2000-01-01', '0000-00-00', '', '', '', NULL, NULL, NULL, NULL, NULL, NULL, NULL, NULL, 0, NULL),
(778, NULL, '', '', '', '2000-01-01', '0000-00-00', '', '', '', NULL, NULL, NULL, NULL, NULL, NULL, NULL, NULL, 0, NULL),
(779, NULL, '', '', '', '2000-01-01', '0000-00-00', '', '', '', NULL, NULL, NULL, NULL, NULL, NULL, NULL, NULL, 0, NULL),
(780, NULL, '', '', '', '2000-01-01', '0000-00-00', '', '', '', NULL, NULL, NULL, NULL, NULL, NULL, NULL, NULL, 0, NULL),
(781, NULL, '', '', '', '2000-01-01', '0000-00-00', '', '', '', NULL, NULL, NULL, NULL, NULL, NULL, NULL, NULL, 0, NULL),
(782, NULL, '', '', '', '2000-01-01', '0000-00-00', '', '', '', NULL, NULL, NULL, NULL, NULL, NULL, NULL, NULL, 0, NULL),
(783, NULL, '', '', '', '2000-01-01', '0000-00-00', '', '', '', NULL, NULL, NULL, NULL, NULL, NULL, NULL, NULL, 0, NULL),
(784, NULL, '', '', '', '2000-01-01', '0000-00-00', '', '', '', NULL, NULL, NULL, NULL, NULL, NULL, NULL, NULL, 0, NULL),
(785, NULL, '', '', '', '2000-01-01', '0000-00-00', '', '', '', NULL, NULL, NULL, NULL, NULL, NULL, NULL, NULL, 0, NULL),
(786, NULL, '', '', '', '2000-01-01', '0000-00-00', '', '', '', NULL, NULL, NULL, NULL, NULL, NULL, NULL, NULL, 0, NULL),
(787, NULL, '', '', '', '2000-01-01', '0000-00-00', '', '', '', NULL, NULL, NULL, NULL, NULL, NULL, NULL, NULL, 0, NULL),
(788, NULL, '', '', '', '2000-01-01', '0000-00-00', '', '', '', NULL, NULL, NULL, NULL, NULL, NULL, NULL, NULL, 0, NULL),
(789, NULL, '', '', '', '2000-01-01', '0000-00-00', '', '', '', NULL, NULL, NULL, NULL, NULL, NULL, NULL, NULL, 0, NULL),
(790, NULL, '', '', '', '2000-01-01', '0000-00-00', '', '', '', NULL, NULL, NULL, NULL, NULL, NULL, NULL, NULL, 0, NULL),
(791, NULL, '', '', '', '2000-01-01', '0000-00-00', '', '', '', NULL, NULL, NULL, NULL, NULL, NULL, NULL, NULL, 0, NULL),
(792, NULL, '', '', '', '2000-01-01', '0000-00-00', '', '', '', NULL, NULL, NULL, NULL, NULL, NULL, NULL, NULL, 0, NULL),
(793, NULL, '', '', '', '2000-01-01', '0000-00-00', '', '', '', NULL, NULL, NULL, NULL, NULL, NULL, NULL, NULL, 0, NULL),
(794, NULL, '', '', '', '2000-01-01', '0000-00-00', '', '', '', NULL, NULL, NULL, NULL, NULL, NULL, NULL, NULL, 0, NULL),
(795, NULL, '', '', '', '2000-01-01', '0000-00-00', '', '', '', NULL, NULL, NULL, NULL, NULL, NULL, NULL, NULL, 0, NULL),
(796, NULL, '', '', '', '2000-01-01', '0000-00-00', '', '', '', NULL, NULL, NULL, NULL, NULL, NULL, NULL, NULL, 0, NULL),
(797, NULL, '', '', '', '2000-01-01', '0000-00-00', '', '', '', NULL, NULL, NULL, NULL, NULL, NULL, NULL, NULL, 0, NULL),
(798, NULL, '', '', '', '2000-01-01', '0000-00-00', '', '', '', NULL, NULL, NULL, NULL, NULL, NULL, NULL, NULL, 0, NULL),
(799, NULL, '', '', '', '2000-01-01', '0000-00-00', '', '', '', NULL, NULL, NULL, NULL, NULL, NULL, NULL, NULL, 0, NULL),
(800, NULL, '', '', '', '2000-01-01', '0000-00-00', '', '', '', NULL, NULL, NULL, NULL, NULL, NULL, NULL, NULL, 0, NULL),
(801, NULL, '', '', '', '2000-01-01', '0000-00-00', '', '', '', NULL, NULL, NULL, NULL, NULL, NULL, NULL, NULL, 0, NULL),
(802, NULL, '', '', '', '2000-01-01', '0000-00-00', '', '', '', NULL, NULL, NULL, NULL, NULL, NULL, NULL, NULL, 0, NULL),
(803, NULL, '', '', '', '2000-01-01', '0000-00-00', '', '', '', NULL, NULL, NULL, NULL, NULL, NULL, NULL, NULL, 0, NULL),
(804, NULL, '', '', '', '2000-01-01', '0000-00-00', '', '', '', NULL, NULL, NULL, NULL, NULL, NULL, NULL, NULL, 0, NULL),
(805, NULL, '', '', '', '2000-01-01', '0000-00-00', '', '', '', NULL, NULL, NULL, NULL, NULL, NULL, NULL, NULL, 0, NULL),
(806, NULL, '', '', '', '2000-01-01', '0000-00-00', '', '', '', NULL, NULL, NULL, NULL, NULL, NULL, NULL, NULL, 0, NULL),
(807, NULL, '', '', '', '2000-01-01', '0000-00-00', '', '', '', NULL, NULL, NULL, NULL, NULL, NULL, NULL, NULL, 0, NULL),
(808, NULL, '', '', '', '2000-01-01', '0000-00-00', '', '', '', NULL, NULL, NULL, NULL, NULL, NULL, NULL, NULL, 0, NULL),
(809, NULL, '', '', '', '2000-01-01', '0000-00-00', '', '', '', NULL, NULL, NULL, NULL, NULL, NULL, NULL, NULL, 0, NULL),
(810, NULL, '', '', '', '2000-01-01', '0000-00-00', '', '', '', NULL, NULL, NULL, NULL, NULL, NULL, NULL, NULL, 0, NULL),
(811, NULL, '', '', '', '2000-01-01', '0000-00-00', '', '', '', NULL, NULL, NULL, NULL, NULL, NULL, NULL, NULL, 0, NULL),
(812, NULL, '', '', '', '2000-01-01', '0000-00-00', '', '', '', NULL, NULL, NULL, NULL, NULL, NULL, NULL, NULL, 0, NULL),
(813, NULL, '', '', '', '2000-01-01', '0000-00-00', '', '', '', NULL, NULL, NULL, NULL, NULL, NULL, NULL, NULL, 0, NULL),
(814, NULL, '', '', '', '2000-01-01', '0000-00-00', '', '', '', NULL, NULL, NULL, NULL, NULL, NULL, NULL, NULL, 0, NULL),
(815, NULL, '', '', '', '2000-01-01', '0000-00-00', '', '', '', NULL, NULL, NULL, NULL, NULL, NULL, NULL, NULL, 0, NULL),
(816, NULL, '', '', '', '2000-01-01', '0000-00-00', '', '', '', NULL, NULL, NULL, NULL, NULL, NULL, NULL, NULL, 0, NULL),
(817, NULL, '', '', '', '2000-01-01', '0000-00-00', '', '', '', NULL, NULL, NULL, NULL, NULL, NULL, NULL, NULL, 0, NULL),
(818, NULL, '', '', '', '2000-01-01', '0000-00-00', '', '', '', NULL, NULL, NULL, NULL, NULL, NULL, NULL, NULL, 0, NULL),
(819, NULL, '', '', '', '2000-01-01', '0000-00-00', '', '', '', NULL, NULL, NULL, NULL, NULL, NULL, NULL, NULL, 0, NULL),
(820, NULL, '', '', '', '2000-01-01', '0000-00-00', '', '', '', NULL, NULL, NULL, NULL, NULL, NULL, NULL, NULL, 0, NULL),
(821, NULL, '', '', '', '2000-01-01', '0000-00-00', '', '', '', NULL, NULL, NULL, NULL, NULL, NULL, NULL, NULL, 0, NULL),
(822, NULL, '', '', '', '2000-01-01', '0000-00-00', '', '', '', NULL, NULL, NULL, NULL, NULL, NULL, NULL, NULL, 0, NULL),
(823, NULL, '', '', '', '2000-01-01', '0000-00-00', '', '', '', NULL, NULL, NULL, NULL, NULL, NULL, NULL, NULL, 0, NULL),
(824, NULL, '', '', '', '2000-01-01', '0000-00-00', '', '', '', NULL, NULL, NULL, NULL, NULL, NULL, NULL, NULL, 0, NULL),
(825, NULL, '', '', '', '2000-01-01', '0000-00-00', '', '', '', NULL, NULL, NULL, NULL, NULL, NULL, NULL, NULL, 0, NULL),
(826, NULL, '', '', '', '2000-01-01', '0000-00-00', '', '', '', NULL, NULL, NULL, NULL, NULL, NULL, NULL, NULL, 0, NULL),
(827, NULL, '', '', '', '2000-01-01', '0000-00-00', '', '', '', NULL, NULL, NULL, NULL, NULL, NULL, NULL, NULL, 0, NULL);
INSERT INTO `jobs` (`jobid`, `complete`, `job_type`, `job_description`, `job_status`, `due_date`, `creation_date`, `sage_reference`, `po_number`, `job_number`, `number_of_assets`, `notes`, `quote_number`, `result`, `result_description`, `next_action`, `next_action_description`, `complete_date`, `add_asset`, `invoice_number`) VALUES
(828, NULL, '', '', '', '2000-01-01', '0000-00-00', '', '', '', NULL, NULL, NULL, NULL, NULL, NULL, NULL, NULL, 0, NULL),
(829, NULL, '', '', '', '2000-01-01', '0000-00-00', '', '', '', NULL, NULL, NULL, NULL, NULL, NULL, NULL, NULL, 0, NULL),
(830, NULL, '', '', '', '2000-01-01', '0000-00-00', '', '', '', NULL, NULL, NULL, NULL, NULL, NULL, NULL, NULL, 0, NULL),
(831, NULL, '', '', '', '2000-01-01', '0000-00-00', '', '', '', NULL, NULL, NULL, NULL, NULL, NULL, NULL, NULL, 0, NULL),
(832, NULL, '', '', '', '2000-01-01', '0000-00-00', '', '', '', NULL, NULL, NULL, NULL, NULL, NULL, NULL, NULL, 0, NULL),
(833, NULL, '', '', '', '2000-01-01', '0000-00-00', '', '', '', NULL, NULL, NULL, NULL, NULL, NULL, NULL, NULL, 0, NULL),
(834, NULL, '', '', '', '2000-01-01', '0000-00-00', '', '', '', NULL, NULL, NULL, NULL, NULL, NULL, NULL, NULL, 0, NULL),
(835, NULL, '', '', '', '2000-01-01', '0000-00-00', '', '', '', NULL, NULL, NULL, NULL, NULL, NULL, NULL, NULL, 0, NULL),
(836, NULL, '', '', '', '2000-01-01', '0000-00-00', '', '', '', NULL, NULL, NULL, NULL, NULL, NULL, NULL, NULL, 0, NULL),
(837, NULL, '', '', '', '2000-01-01', '0000-00-00', '', '', '', NULL, NULL, NULL, NULL, NULL, NULL, NULL, NULL, 0, NULL),
(838, NULL, '', '', '', '2000-01-01', '0000-00-00', '', '', '', NULL, NULL, NULL, NULL, NULL, NULL, NULL, NULL, 0, NULL),
(839, NULL, '', '', '', '2000-01-01', '0000-00-00', '', '', '', NULL, NULL, NULL, NULL, NULL, NULL, NULL, NULL, 0, NULL),
(840, NULL, '', '', '', '2000-01-01', '0000-00-00', '', '', '', NULL, NULL, NULL, NULL, NULL, NULL, NULL, NULL, 0, NULL),
(841, NULL, '', '', '', '2000-01-01', '0000-00-00', '', '', '', NULL, NULL, NULL, NULL, NULL, NULL, NULL, NULL, 0, NULL),
(842, NULL, '', '', '', '2000-01-01', '0000-00-00', '', '', '', NULL, NULL, NULL, NULL, NULL, NULL, NULL, NULL, 0, NULL),
(843, NULL, '', '', '', '2000-01-01', '0000-00-00', '', '', '', NULL, NULL, NULL, NULL, NULL, NULL, NULL, NULL, 0, NULL),
(844, NULL, '', '', '', '2000-01-01', '0000-00-00', '', '', '', NULL, NULL, NULL, NULL, NULL, NULL, NULL, NULL, 0, NULL),
(845, NULL, '', '', '', '2000-01-01', '0000-00-00', '', '', '', NULL, NULL, NULL, NULL, NULL, NULL, NULL, NULL, 0, NULL),
(846, NULL, '', '', '', '2000-01-01', '0000-00-00', '', '', '', NULL, NULL, NULL, NULL, NULL, NULL, NULL, NULL, 0, NULL),
(847, NULL, '', '', '', '2000-01-01', '0000-00-00', '', '', '', NULL, NULL, NULL, NULL, NULL, NULL, NULL, NULL, 0, NULL),
(848, NULL, '', '', '', '2000-01-01', '0000-00-00', '', '', '', NULL, NULL, NULL, NULL, NULL, NULL, NULL, NULL, 0, NULL),
(849, NULL, '', '', '', '2000-01-01', '0000-00-00', '', '', '', NULL, NULL, NULL, NULL, NULL, NULL, NULL, NULL, 0, NULL),
(850, NULL, '', '', '', '2000-01-01', '0000-00-00', '', '', '', NULL, NULL, NULL, NULL, NULL, NULL, NULL, NULL, 0, NULL),
(851, NULL, '', '', '', '2000-01-01', '0000-00-00', '', '', '', NULL, NULL, NULL, NULL, NULL, NULL, NULL, NULL, 0, NULL),
(852, NULL, '', '', '', '2000-01-01', '0000-00-00', '', '', '', NULL, NULL, NULL, NULL, NULL, NULL, NULL, NULL, 0, NULL),
(853, NULL, '', '', '', '2000-01-01', '0000-00-00', '', '', '', NULL, NULL, NULL, NULL, NULL, NULL, NULL, NULL, 0, NULL),
(854, NULL, '', '', '', '2000-01-01', '0000-00-00', '', '', '', NULL, NULL, NULL, NULL, NULL, NULL, NULL, NULL, 0, NULL),
(855, NULL, '', '', '', '2000-01-01', '0000-00-00', '', '', '', NULL, NULL, NULL, NULL, NULL, NULL, NULL, NULL, 0, NULL),
(856, NULL, '', '', '', '2000-01-01', '0000-00-00', '', '', '', NULL, NULL, NULL, NULL, NULL, NULL, NULL, NULL, 0, NULL),
(857, NULL, '', '', '', '2000-01-01', '0000-00-00', '', '', '', NULL, NULL, NULL, NULL, NULL, NULL, NULL, NULL, 0, NULL),
(858, NULL, '', '', '', '2000-01-01', '0000-00-00', '', '', '', NULL, NULL, NULL, NULL, NULL, NULL, NULL, NULL, 0, NULL),
(859, NULL, '', '', '', '2000-01-01', '0000-00-00', '', '', '', NULL, NULL, NULL, NULL, NULL, NULL, NULL, NULL, 0, NULL),
(860, NULL, '', '', '', '2000-01-01', '0000-00-00', '', '', '', NULL, NULL, NULL, NULL, NULL, NULL, NULL, NULL, 0, NULL),
(861, NULL, '', '', '', '2000-01-01', '0000-00-00', '', '', '', NULL, NULL, NULL, NULL, NULL, NULL, NULL, NULL, 0, NULL),
(862, NULL, '', '', '', '2000-01-01', '0000-00-00', '', '', '', NULL, NULL, NULL, NULL, NULL, NULL, NULL, NULL, 0, NULL),
(863, NULL, '', '', '', '2000-01-01', '0000-00-00', '', '', '', NULL, NULL, NULL, NULL, NULL, NULL, NULL, NULL, 0, NULL),
(864, NULL, '', '', '', '2000-01-01', '0000-00-00', '', '', '', NULL, NULL, NULL, NULL, NULL, NULL, NULL, NULL, 0, NULL),
(865, NULL, '', '', '', '2000-01-01', '0000-00-00', '', '', '', NULL, NULL, NULL, NULL, NULL, NULL, NULL, NULL, 0, NULL),
(866, NULL, '', '', '', '2000-01-01', '0000-00-00', '', '', '', NULL, NULL, NULL, NULL, NULL, NULL, NULL, NULL, 0, NULL),
(867, NULL, '', '', '', '2000-01-01', '0000-00-00', '', '', '', NULL, NULL, NULL, NULL, NULL, NULL, NULL, NULL, 0, NULL),
(868, NULL, '', '', '', '2000-01-01', '0000-00-00', '', '', '', NULL, NULL, NULL, NULL, NULL, NULL, NULL, NULL, 0, NULL),
(869, NULL, '', '', '', '2000-01-01', '0000-00-00', '', '', '', NULL, NULL, NULL, NULL, NULL, NULL, NULL, NULL, 0, NULL),
(870, NULL, '', '', '', '2000-01-01', '0000-00-00', '', '', '', NULL, NULL, NULL, NULL, NULL, NULL, NULL, NULL, 0, NULL),
(871, NULL, '', '', '', '2000-01-01', '0000-00-00', '', '', '', NULL, NULL, NULL, NULL, NULL, NULL, NULL, NULL, 0, NULL),
(872, NULL, '', '', '', '2000-01-01', '0000-00-00', '', '', '', NULL, NULL, NULL, NULL, NULL, NULL, NULL, NULL, 0, NULL),
(873, NULL, '', '', '', '2000-01-01', '0000-00-00', '', '', '', NULL, NULL, NULL, NULL, NULL, NULL, NULL, NULL, 0, NULL),
(874, NULL, '', '', '', '2000-01-01', '0000-00-00', '', '', '', NULL, NULL, NULL, NULL, NULL, NULL, NULL, NULL, 0, NULL),
(875, NULL, '', '', '', '2000-01-01', '0000-00-00', '', '', '', NULL, NULL, NULL, NULL, NULL, NULL, NULL, NULL, 0, NULL),
(876, NULL, '', '', '', '2000-01-01', '0000-00-00', '', '', '', NULL, NULL, NULL, NULL, NULL, NULL, NULL, NULL, 0, NULL),
(877, NULL, '', '', '', '2000-01-01', '0000-00-00', '', '', '', NULL, NULL, NULL, NULL, NULL, NULL, NULL, NULL, 0, NULL),
(878, NULL, '', '', '', '2000-01-01', '0000-00-00', '', '', '', NULL, NULL, NULL, NULL, NULL, NULL, NULL, NULL, 0, NULL),
(879, NULL, '', '', '', '2000-01-01', '0000-00-00', '', '', '', NULL, NULL, NULL, NULL, NULL, NULL, NULL, NULL, 0, NULL),
(880, NULL, '', '', '', '2000-01-01', '0000-00-00', '', '', '', NULL, NULL, NULL, NULL, NULL, NULL, NULL, NULL, 0, NULL),
(881, NULL, '', '', '', '2000-01-01', '0000-00-00', '', '', '', NULL, NULL, NULL, NULL, NULL, NULL, NULL, NULL, 0, NULL),
(882, NULL, '', '', '', '2000-01-01', '0000-00-00', '', '', '', NULL, NULL, NULL, NULL, NULL, NULL, NULL, NULL, 0, NULL),
(883, NULL, '', '', '', '2000-01-01', '0000-00-00', '', '', '', NULL, NULL, NULL, NULL, NULL, NULL, NULL, NULL, 0, NULL),
(884, NULL, '', '', '', '2000-01-01', '0000-00-00', '', '', '', NULL, NULL, NULL, NULL, NULL, NULL, NULL, NULL, 0, NULL),
(885, NULL, '', '', '', '2000-01-01', '0000-00-00', '', '', '', NULL, NULL, NULL, NULL, NULL, NULL, NULL, NULL, 0, NULL),
(886, NULL, '', '', '', '2000-01-01', '0000-00-00', '', '', '', NULL, NULL, NULL, NULL, NULL, NULL, NULL, NULL, 0, NULL),
(887, NULL, '', '', '', '2000-01-01', '0000-00-00', '', '', '', NULL, NULL, NULL, NULL, NULL, NULL, NULL, NULL, 0, NULL),
(888, NULL, '', '', '', '2000-01-01', '0000-00-00', '', '', '', NULL, NULL, NULL, NULL, NULL, NULL, NULL, NULL, 0, NULL),
(889, NULL, '', '', '', '2000-01-01', '0000-00-00', '', '', '', NULL, NULL, NULL, NULL, NULL, NULL, NULL, NULL, 0, NULL),
(890, NULL, '', '', '', '2000-01-01', '0000-00-00', '', '', '', NULL, NULL, NULL, NULL, NULL, NULL, NULL, NULL, 0, NULL),
(891, NULL, '', '', '', '2000-01-01', '0000-00-00', '', '', '', NULL, NULL, NULL, NULL, NULL, NULL, NULL, NULL, 0, NULL),
(892, NULL, '', '', '', '2000-01-01', '0000-00-00', '', '', '', NULL, NULL, NULL, NULL, NULL, NULL, NULL, NULL, 0, NULL),
(893, NULL, '', '', '', '2000-01-01', '0000-00-00', '', '', '', NULL, NULL, NULL, NULL, NULL, NULL, NULL, NULL, 0, NULL),
(894, NULL, '', '', '', '2000-01-01', '0000-00-00', '', '', '', NULL, NULL, NULL, NULL, NULL, NULL, NULL, NULL, 0, NULL),
(895, NULL, '', '', '', '2000-01-01', '0000-00-00', '', '', '', NULL, NULL, NULL, NULL, NULL, NULL, NULL, NULL, 0, NULL),
(896, NULL, '', '', '', '2000-01-01', '0000-00-00', '', '', '', NULL, NULL, NULL, NULL, NULL, NULL, NULL, NULL, 0, NULL),
(897, NULL, '', '', '', '2000-01-01', '0000-00-00', '', '', '', NULL, NULL, NULL, NULL, NULL, NULL, NULL, NULL, 0, NULL),
(898, NULL, '', '', '', '2000-01-01', '0000-00-00', '', '', '', NULL, NULL, NULL, NULL, NULL, NULL, NULL, NULL, 0, NULL),
(899, NULL, '', '', '', '2000-01-01', '0000-00-00', '', '', '', NULL, NULL, NULL, NULL, NULL, NULL, NULL, NULL, 0, NULL),
(900, NULL, '', '', '', '2000-01-01', '0000-00-00', '', '', '', NULL, NULL, NULL, NULL, NULL, NULL, NULL, NULL, 0, NULL),
(901, NULL, '', '', '', '2000-01-01', '0000-00-00', '', '', '', NULL, NULL, NULL, NULL, NULL, NULL, NULL, NULL, 0, NULL),
(902, NULL, '', '', '', '2000-01-01', '0000-00-00', '', '', '', NULL, NULL, NULL, NULL, NULL, NULL, NULL, NULL, 0, NULL),
(903, NULL, '', '', '', '2000-01-01', '0000-00-00', '', '', '', NULL, NULL, NULL, NULL, NULL, NULL, NULL, NULL, 0, NULL),
(904, NULL, '', '', '', '2000-01-01', '0000-00-00', '', '', '', NULL, NULL, NULL, NULL, NULL, NULL, NULL, NULL, 0, NULL),
(905, NULL, '', '', '', '2000-01-01', '0000-00-00', '', '', '', NULL, NULL, NULL, NULL, NULL, NULL, NULL, NULL, 0, NULL),
(906, NULL, '', '', '', '2000-01-01', '0000-00-00', '', '', '', NULL, NULL, NULL, NULL, NULL, NULL, NULL, NULL, 0, NULL),
(907, NULL, '', '', '', '2000-01-01', '0000-00-00', '', '', '', NULL, NULL, NULL, NULL, NULL, NULL, NULL, NULL, 0, NULL),
(908, NULL, '', '', '', '2000-01-01', '0000-00-00', '', '', '', NULL, NULL, NULL, NULL, NULL, NULL, NULL, NULL, 0, NULL),
(909, NULL, '', '', '', '2000-01-01', '0000-00-00', '', '', '', NULL, NULL, NULL, NULL, NULL, NULL, NULL, NULL, 0, NULL),
(910, NULL, '', '', '', '2000-01-01', '0000-00-00', '', '', '', NULL, NULL, NULL, NULL, NULL, NULL, NULL, NULL, 0, NULL),
(911, NULL, '', '', '', '2000-01-01', '0000-00-00', '', '', '', NULL, NULL, NULL, NULL, NULL, NULL, NULL, NULL, 0, NULL),
(912, NULL, '', '', '', '2000-01-01', '0000-00-00', '', '', '', NULL, NULL, NULL, NULL, NULL, NULL, NULL, NULL, 0, NULL),
(913, NULL, '', '', '', '2000-01-01', '0000-00-00', '', '', '', NULL, NULL, NULL, NULL, NULL, NULL, NULL, NULL, 0, NULL),
(914, NULL, '', '', '', '2000-01-01', '0000-00-00', '', '', '', NULL, NULL, NULL, NULL, NULL, NULL, NULL, NULL, 0, NULL),
(915, NULL, '', '', '', '2000-01-01', '0000-00-00', '', '', '', NULL, NULL, NULL, NULL, NULL, NULL, NULL, NULL, 0, NULL),
(916, NULL, '', '', '', '2000-01-01', '0000-00-00', '', '', '', NULL, NULL, NULL, NULL, NULL, NULL, NULL, NULL, 0, NULL),
(917, NULL, '', '', '', '2000-01-01', '0000-00-00', '', '', '', NULL, NULL, NULL, NULL, NULL, NULL, NULL, NULL, 0, NULL),
(918, NULL, '', '', '', '2000-01-01', '0000-00-00', '', '', '', NULL, NULL, NULL, NULL, NULL, NULL, NULL, NULL, 0, NULL),
(919, NULL, '', '', '', '2000-01-01', '0000-00-00', '', '', '', NULL, NULL, NULL, NULL, NULL, NULL, NULL, NULL, 0, NULL),
(920, NULL, '', '', '', '2000-01-01', '0000-00-00', '', '', '', NULL, NULL, NULL, NULL, NULL, NULL, NULL, NULL, 0, NULL),
(921, NULL, '', '', '', '2000-01-01', '0000-00-00', '', '', '', NULL, NULL, NULL, NULL, NULL, NULL, NULL, NULL, 0, NULL),
(922, NULL, '', '', '', '2000-01-01', '0000-00-00', '', '', '', NULL, NULL, NULL, NULL, NULL, NULL, NULL, NULL, 0, NULL),
(923, NULL, '', '', '', '2000-01-01', '0000-00-00', '', '', '', NULL, NULL, NULL, NULL, NULL, NULL, NULL, NULL, 0, NULL),
(924, NULL, '', '', '', '2000-01-01', '0000-00-00', '', '', '', NULL, NULL, NULL, NULL, NULL, NULL, NULL, NULL, 0, NULL),
(925, NULL, '', '', '', '2000-01-01', '0000-00-00', '', '', '', NULL, NULL, NULL, NULL, NULL, NULL, NULL, NULL, 0, NULL),
(926, NULL, '', '', '', '2000-01-01', '0000-00-00', '', '', '', NULL, NULL, NULL, NULL, NULL, NULL, NULL, NULL, 0, NULL),
(927, NULL, '', '', '', '2000-01-01', '0000-00-00', '', '', '', NULL, NULL, NULL, NULL, NULL, NULL, NULL, NULL, 0, NULL),
(928, NULL, '', '', '', '2000-01-01', '0000-00-00', '', '', '', NULL, NULL, NULL, NULL, NULL, NULL, NULL, NULL, 0, NULL),
(929, NULL, '', '', '', '2000-01-01', '0000-00-00', '', '', '', NULL, NULL, NULL, NULL, NULL, NULL, NULL, NULL, 0, NULL),
(930, NULL, '', '', '', '2000-01-01', '0000-00-00', '', '', '', NULL, NULL, NULL, NULL, NULL, NULL, NULL, NULL, 0, NULL),
(931, NULL, '', '', '', '2000-01-01', '0000-00-00', '', '', '', NULL, NULL, NULL, NULL, NULL, NULL, NULL, NULL, 0, NULL),
(932, NULL, '', '', '', '2000-01-01', '0000-00-00', '', '', '', NULL, NULL, NULL, NULL, NULL, NULL, NULL, NULL, 0, NULL),
(933, NULL, '', '', '', '2000-01-01', '0000-00-00', '', '', '', NULL, NULL, NULL, NULL, NULL, NULL, NULL, NULL, 0, NULL),
(934, NULL, '', '', '', '2000-01-01', '0000-00-00', '', '', '', NULL, NULL, NULL, NULL, NULL, NULL, NULL, NULL, 0, NULL),
(935, NULL, '', '', '', '2000-01-01', '0000-00-00', '', '', '', NULL, NULL, NULL, NULL, NULL, NULL, NULL, NULL, 0, NULL),
(936, NULL, '', '', '', '2000-01-01', '0000-00-00', '', '', '', NULL, NULL, NULL, NULL, NULL, NULL, NULL, NULL, 0, NULL),
(937, NULL, '', '', '', '2000-01-01', '0000-00-00', '', '', '', NULL, NULL, NULL, NULL, NULL, NULL, NULL, NULL, 0, NULL),
(938, NULL, '', '', '', '2000-01-01', '0000-00-00', '', '', '', NULL, NULL, NULL, NULL, NULL, NULL, NULL, NULL, 0, NULL),
(939, NULL, '', '', '', '2000-01-01', '0000-00-00', '', '', '', NULL, NULL, NULL, NULL, NULL, NULL, NULL, NULL, 0, NULL),
(940, NULL, '', '', '', '2000-01-01', '0000-00-00', '', '', '', NULL, NULL, NULL, NULL, NULL, NULL, NULL, NULL, 0, NULL),
(941, NULL, '', '', '', '2000-01-01', '0000-00-00', '', '', '', NULL, NULL, NULL, NULL, NULL, NULL, NULL, NULL, 0, NULL),
(942, NULL, '', '', '', '2000-01-01', '0000-00-00', '', '', '', NULL, NULL, NULL, NULL, NULL, NULL, NULL, NULL, 0, NULL),
(943, NULL, '', '', '', '2000-01-01', '0000-00-00', '', '', '', NULL, NULL, NULL, NULL, NULL, NULL, NULL, NULL, 0, NULL),
(944, NULL, '', '', '', '2000-01-01', '0000-00-00', '', '', '', NULL, NULL, NULL, NULL, NULL, NULL, NULL, NULL, 0, NULL),
(945, NULL, '', '', '', '2000-01-01', '0000-00-00', '', '', '', NULL, NULL, NULL, NULL, NULL, NULL, NULL, NULL, 0, NULL),
(946, NULL, '', '', '', '2000-01-01', '0000-00-00', '', '', '', NULL, NULL, NULL, NULL, NULL, NULL, NULL, NULL, 0, NULL),
(947, NULL, '', '', '', '2000-01-01', '0000-00-00', '', '', '', NULL, NULL, NULL, NULL, NULL, NULL, NULL, NULL, 0, NULL),
(948, NULL, '', '', '', '2000-01-01', '0000-00-00', '', '', '', NULL, NULL, NULL, NULL, NULL, NULL, NULL, NULL, 0, NULL),
(949, NULL, '', '', '', '2000-01-01', '0000-00-00', '', '', '', NULL, NULL, NULL, NULL, NULL, NULL, NULL, NULL, 0, NULL),
(950, NULL, '', '', '', '2000-01-01', '0000-00-00', '', '', '', NULL, NULL, NULL, NULL, NULL, NULL, NULL, NULL, 0, NULL),
(951, NULL, '', '', '', '2000-01-01', '0000-00-00', '', '', '', NULL, NULL, NULL, NULL, NULL, NULL, NULL, NULL, 0, NULL),
(952, NULL, '', '', '', '2000-01-01', '0000-00-00', '', '', '', NULL, NULL, NULL, NULL, NULL, NULL, NULL, NULL, 0, NULL),
(953, NULL, '', '', '', '2000-01-01', '0000-00-00', '', '', '', NULL, NULL, NULL, NULL, NULL, NULL, NULL, NULL, 0, NULL),
(954, NULL, '', '', '', '2000-01-01', '0000-00-00', '', '', '', NULL, NULL, NULL, NULL, NULL, NULL, NULL, NULL, 0, NULL),
(955, NULL, '', '', '', '2000-01-01', '0000-00-00', '', '', '', NULL, NULL, NULL, NULL, NULL, NULL, NULL, NULL, 0, NULL),
(956, NULL, '', '', '', '2000-01-01', '0000-00-00', '', '', '', NULL, NULL, NULL, NULL, NULL, NULL, NULL, NULL, 0, NULL),
(957, NULL, '', '', '', '2000-01-01', '0000-00-00', '', '', '', NULL, NULL, NULL, NULL, NULL, NULL, NULL, NULL, 0, NULL),
(958, NULL, '', '', '', '2000-01-01', '0000-00-00', '', '', '', NULL, NULL, NULL, NULL, NULL, NULL, NULL, NULL, 0, NULL),
(959, NULL, '', '', '', '2000-01-01', '0000-00-00', '', '', '', NULL, NULL, NULL, NULL, NULL, NULL, NULL, NULL, 0, NULL),
(960, NULL, '', '', '', '2000-01-01', '0000-00-00', '', '', '', NULL, NULL, NULL, NULL, NULL, NULL, NULL, NULL, 0, NULL),
(961, NULL, '', '', '', '2000-01-01', '0000-00-00', '', '', '', NULL, NULL, NULL, NULL, NULL, NULL, NULL, NULL, 0, NULL),
(962, NULL, '', '', '', '2000-01-01', '0000-00-00', '', '', '', NULL, NULL, NULL, NULL, NULL, NULL, NULL, NULL, 0, NULL),
(963, NULL, '', '', '', '2000-01-01', '0000-00-00', '', '', '', NULL, NULL, NULL, NULL, NULL, NULL, NULL, NULL, 0, NULL),
(964, NULL, '', '', '', '2000-01-01', '0000-00-00', '', '', '', NULL, NULL, NULL, NULL, NULL, NULL, NULL, NULL, 0, NULL),
(965, NULL, '', '', '', '2000-01-01', '0000-00-00', '', '', '', NULL, NULL, NULL, NULL, NULL, NULL, NULL, NULL, 0, NULL),
(966, NULL, '', '', '', '2000-01-01', '0000-00-00', '', '', '', NULL, NULL, NULL, NULL, NULL, NULL, NULL, NULL, 0, NULL),
(967, NULL, '', '', '', '2000-01-01', '0000-00-00', '', '', '', NULL, NULL, NULL, NULL, NULL, NULL, NULL, NULL, 0, NULL),
(968, NULL, '', '', '', '2000-01-01', '0000-00-00', '', '', '', NULL, NULL, NULL, NULL, NULL, NULL, NULL, NULL, 0, NULL),
(969, NULL, '', '', '', '2000-01-01', '0000-00-00', '', '', '', NULL, NULL, NULL, NULL, NULL, NULL, NULL, NULL, 0, NULL),
(970, NULL, '', '', '', '2000-01-01', '0000-00-00', '', '', '', NULL, NULL, NULL, NULL, NULL, NULL, NULL, NULL, 0, NULL),
(971, NULL, '', '', '', '2000-01-01', '0000-00-00', '', '', '', NULL, NULL, NULL, NULL, NULL, NULL, NULL, NULL, 0, NULL),
(972, NULL, '', '', '', '2000-01-01', '0000-00-00', '', '', '', NULL, NULL, NULL, NULL, NULL, NULL, NULL, NULL, 0, NULL),
(973, NULL, '', '', '', '2000-01-01', '0000-00-00', '', '', '', NULL, NULL, NULL, NULL, NULL, NULL, NULL, NULL, 0, NULL),
(974, NULL, '', '', '', '2000-01-01', '0000-00-00', '', '', '', NULL, NULL, NULL, NULL, NULL, NULL, NULL, NULL, 0, NULL),
(975, NULL, '', '', '', '2000-01-01', '0000-00-00', '', '', '', NULL, NULL, NULL, NULL, NULL, NULL, NULL, NULL, 0, NULL),
(976, NULL, '', '', '', '2000-01-01', '0000-00-00', '', '', '', NULL, NULL, NULL, NULL, NULL, NULL, NULL, NULL, 0, NULL),
(977, NULL, '', '', '', '2000-01-01', '0000-00-00', '', '', '', NULL, NULL, NULL, NULL, NULL, NULL, NULL, NULL, 0, NULL),
(978, NULL, '', '', '', '2000-01-01', '0000-00-00', '', '', '', NULL, NULL, NULL, NULL, NULL, NULL, NULL, NULL, 0, NULL),
(979, NULL, '', '', '', '2000-01-01', '0000-00-00', '', '', '', NULL, NULL, NULL, NULL, NULL, NULL, NULL, NULL, 0, NULL),
(980, NULL, '', '', '', '2000-01-01', '0000-00-00', '', '', '', NULL, NULL, NULL, NULL, NULL, NULL, NULL, NULL, 0, NULL),
(981, NULL, '', '', '', '2000-01-01', '0000-00-00', '', '', '', NULL, NULL, NULL, NULL, NULL, NULL, NULL, NULL, 0, NULL),
(982, NULL, '', '', '', '2000-01-01', '0000-00-00', '', '', '', NULL, NULL, NULL, NULL, NULL, NULL, NULL, NULL, 0, NULL),
(983, NULL, '', '', '', '2000-01-01', '0000-00-00', '', '', '', NULL, NULL, NULL, NULL, NULL, NULL, NULL, NULL, 0, NULL),
(984, NULL, '', '', '', '2000-01-01', '0000-00-00', '', '', '', NULL, NULL, NULL, NULL, NULL, NULL, NULL, NULL, 0, NULL),
(985, NULL, '', '', '', '2000-01-01', '0000-00-00', '', '', '', NULL, NULL, NULL, NULL, NULL, NULL, NULL, NULL, 0, NULL),
(986, NULL, '', '', '', '2000-01-01', '0000-00-00', '', '', '', NULL, NULL, NULL, NULL, NULL, NULL, NULL, NULL, 0, NULL),
(987, NULL, '', '', '', '2000-01-01', '0000-00-00', '', '', '', NULL, NULL, NULL, NULL, NULL, NULL, NULL, NULL, 0, NULL),
(988, NULL, '', '', '', '2000-01-01', '0000-00-00', '', '', '', NULL, NULL, NULL, NULL, NULL, NULL, NULL, NULL, 0, NULL),
(989, NULL, '', '', '', '2000-01-01', '0000-00-00', '', '', '', NULL, NULL, NULL, NULL, NULL, NULL, NULL, NULL, 0, NULL),
(990, NULL, '', '', '', '2000-01-01', '0000-00-00', '', '', '', NULL, NULL, NULL, NULL, NULL, NULL, NULL, NULL, 0, NULL),
(991, NULL, '', '', '', '2000-01-01', '0000-00-00', '', '', '', NULL, NULL, NULL, NULL, NULL, NULL, NULL, NULL, 0, NULL),
(992, NULL, '', '', '', '2000-01-01', '0000-00-00', '', '', '', NULL, NULL, NULL, NULL, NULL, NULL, NULL, NULL, 0, NULL),
(993, NULL, '', '', '', '2000-01-01', '0000-00-00', '', '', '', NULL, NULL, NULL, NULL, NULL, NULL, NULL, NULL, 0, NULL),
(994, NULL, '', '', '', '2000-01-01', '0000-00-00', '', '', '', NULL, NULL, NULL, NULL, NULL, NULL, NULL, NULL, 0, NULL),
(995, NULL, '', '', '', '2000-01-01', '0000-00-00', '', '', '', NULL, NULL, NULL, NULL, NULL, NULL, NULL, NULL, 0, NULL),
(996, NULL, '', '', '', '2000-01-01', '0000-00-00', '', '', '', NULL, NULL, NULL, NULL, NULL, NULL, NULL, NULL, 0, NULL),
(997, NULL, '', '', '', '2000-01-01', '0000-00-00', '', '', '', NULL, NULL, NULL, NULL, NULL, NULL, NULL, NULL, 0, NULL),
(998, NULL, '', '', '', '2000-01-01', '0000-00-00', '', '', '', NULL, NULL, NULL, NULL, NULL, NULL, NULL, NULL, 0, NULL),
(999, NULL, '', '', '', '2000-01-01', '0000-00-00', '', '', '', NULL, NULL, NULL, NULL, NULL, NULL, NULL, NULL, 0, NULL),
(1000, NULL, '', '', '', '2000-01-01', '0000-00-00', '', '', '', NULL, NULL, NULL, NULL, NULL, NULL, NULL, NULL, 0, NULL),
(1001, NULL, '', '', '', '2000-01-01', '0000-00-00', '', '', '', NULL, NULL, NULL, NULL, NULL, NULL, NULL, NULL, 0, NULL),
(1002, NULL, '', '', '', '2000-01-01', '0000-00-00', '', '', '', NULL, NULL, NULL, NULL, NULL, NULL, NULL, NULL, 0, NULL),
(1003, NULL, '', '', '', '2000-01-01', '0000-00-00', '', '', '', NULL, NULL, NULL, NULL, NULL, NULL, NULL, NULL, 0, NULL),
(1004, NULL, '', '', '', '2000-01-01', '0000-00-00', '', '', '', NULL, NULL, NULL, NULL, NULL, NULL, NULL, NULL, 0, NULL),
(1005, NULL, '', '', '', '2000-01-01', '0000-00-00', '', '', '', NULL, NULL, NULL, NULL, NULL, NULL, NULL, NULL, 0, NULL),
(1006, NULL, '', '', '', '2000-01-01', '0000-00-00', '', '', '', NULL, NULL, NULL, NULL, NULL, NULL, NULL, NULL, 0, NULL),
(1007, NULL, '', '', '', '2000-01-01', '0000-00-00', '', '', '', NULL, NULL, NULL, NULL, NULL, NULL, NULL, NULL, 0, NULL),
(1008, NULL, '', '', '', '2000-01-01', '0000-00-00', '', '', '', NULL, NULL, NULL, NULL, NULL, NULL, NULL, NULL, 0, NULL),
(1009, NULL, '', '', '', '2000-01-01', '0000-00-00', '', '', '', NULL, NULL, NULL, NULL, NULL, NULL, NULL, NULL, 0, NULL),
(1010, NULL, '', '', '', '2000-01-01', '0000-00-00', '', '', '', NULL, NULL, NULL, NULL, NULL, NULL, NULL, NULL, 0, NULL),
(1011, NULL, '', '', '', '2000-01-01', '0000-00-00', '', '', '', NULL, NULL, NULL, NULL, NULL, NULL, NULL, NULL, 0, NULL),
(1012, NULL, '', '', '', '2000-01-01', '0000-00-00', '', '', '', NULL, NULL, NULL, NULL, NULL, NULL, NULL, NULL, 0, NULL),
(1013, NULL, '', '', '', '2000-01-01', '0000-00-00', '', '', '', NULL, NULL, NULL, NULL, NULL, NULL, NULL, NULL, 0, NULL),
(1014, NULL, '', '', '', '2000-01-01', '0000-00-00', '', '', '', NULL, NULL, NULL, NULL, NULL, NULL, NULL, NULL, 0, NULL),
(1015, NULL, '', '', '', '2000-01-01', '0000-00-00', '', '', '', NULL, NULL, NULL, NULL, NULL, NULL, NULL, NULL, 0, NULL),
(1016, NULL, '', '', '', '2000-01-01', '0000-00-00', '', '', '', NULL, NULL, NULL, NULL, NULL, NULL, NULL, NULL, 0, NULL),
(1017, NULL, '', '', '', '2000-01-01', '0000-00-00', '', '', '', NULL, NULL, NULL, NULL, NULL, NULL, NULL, NULL, 0, NULL),
(1018, NULL, '', '', '', '2000-01-01', '0000-00-00', '', '', '', NULL, NULL, NULL, NULL, NULL, NULL, NULL, NULL, 0, NULL),
(1019, NULL, '', '', '', '2000-01-01', '0000-00-00', '', '', '', NULL, NULL, NULL, NULL, NULL, NULL, NULL, NULL, 0, NULL),
(1020, NULL, '', '', '', '2000-01-01', '0000-00-00', '', '', '', NULL, NULL, NULL, NULL, NULL, NULL, NULL, NULL, 0, NULL),
(1021, NULL, '', '', '', '2000-01-01', '0000-00-00', '', '', '', NULL, NULL, NULL, NULL, NULL, NULL, NULL, NULL, 0, NULL),
(1022, NULL, '', '', '', '2000-01-01', '0000-00-00', '', '', '', NULL, NULL, NULL, NULL, NULL, NULL, NULL, NULL, 0, NULL),
(1023, NULL, '', '', '', '2000-01-01', '0000-00-00', '', '', '', NULL, NULL, NULL, NULL, NULL, NULL, NULL, NULL, 0, NULL),
(1024, NULL, '', '', '', '2000-01-01', '0000-00-00', '', '', '', NULL, NULL, NULL, NULL, NULL, NULL, NULL, NULL, 0, NULL),
(1025, NULL, '', '', '', '2000-01-01', '0000-00-00', '', '', '', NULL, NULL, NULL, NULL, NULL, NULL, NULL, NULL, 0, NULL),
(1026, NULL, '', '', '', '2000-01-01', '0000-00-00', '', '', '', NULL, NULL, NULL, NULL, NULL, NULL, NULL, NULL, 0, NULL),
(1027, NULL, '', '', '', '2000-01-01', '0000-00-00', '', '', '', NULL, NULL, NULL, NULL, NULL, NULL, NULL, NULL, 0, NULL),
(1028, NULL, '', '', '', '2000-01-01', '0000-00-00', '', '', '', NULL, NULL, NULL, NULL, NULL, NULL, NULL, NULL, 0, NULL),
(1029, NULL, '', '', '', '2000-01-01', '0000-00-00', '', '', '', NULL, NULL, NULL, NULL, NULL, NULL, NULL, NULL, 0, NULL),
(1030, NULL, '', '', '', '2000-01-01', '0000-00-00', '', '', '', NULL, NULL, NULL, NULL, NULL, NULL, NULL, NULL, 0, NULL),
(1031, NULL, '', '', '', '2000-01-01', '0000-00-00', '', '', '', NULL, NULL, NULL, NULL, NULL, NULL, NULL, NULL, 0, NULL),
(1032, NULL, '', '', '', '2000-01-01', '0000-00-00', '', '', '', NULL, NULL, NULL, NULL, NULL, NULL, NULL, NULL, 0, NULL),
(1033, NULL, '', '', '', '2000-01-01', '0000-00-00', '', '', '', NULL, NULL, NULL, NULL, NULL, NULL, NULL, NULL, 0, NULL),
(1034, NULL, '', '', '', '2000-01-01', '0000-00-00', '', '', '', NULL, NULL, NULL, NULL, NULL, NULL, NULL, NULL, 0, NULL),
(1035, NULL, '', '', '', '2000-01-01', '0000-00-00', '', '', '', NULL, NULL, NULL, NULL, NULL, NULL, NULL, NULL, 0, NULL),
(1036, NULL, '', '', '', '2000-01-01', '0000-00-00', '', '', '', NULL, NULL, NULL, NULL, NULL, NULL, NULL, NULL, 0, NULL),
(1037, NULL, '', '', '', '2000-01-01', '0000-00-00', '', '', '', NULL, NULL, NULL, NULL, NULL, NULL, NULL, NULL, 0, NULL),
(1038, NULL, '', '', '', '2000-01-01', '0000-00-00', '', '', '', NULL, NULL, NULL, NULL, NULL, NULL, NULL, NULL, 0, NULL),
(1039, NULL, '', '', '', '2000-01-01', '0000-00-00', '', '', '', NULL, NULL, NULL, NULL, NULL, NULL, NULL, NULL, 0, NULL),
(1040, NULL, '', '', '', '2000-01-01', '0000-00-00', '', '', '', NULL, NULL, NULL, NULL, NULL, NULL, NULL, NULL, 0, NULL),
(1041, NULL, '', '', '', '2000-01-01', '0000-00-00', '', '', '', NULL, NULL, NULL, NULL, NULL, NULL, NULL, NULL, 0, NULL),
(1042, NULL, '', '', '', '2000-01-01', '0000-00-00', '', '', '', NULL, NULL, NULL, NULL, NULL, NULL, NULL, NULL, 0, NULL),
(1043, NULL, '', '', '', '2000-01-01', '0000-00-00', '', '', '', NULL, NULL, NULL, NULL, NULL, NULL, NULL, NULL, 0, NULL),
(1044, NULL, '', '', '', '2000-01-01', '0000-00-00', '', '', '', NULL, NULL, NULL, NULL, NULL, NULL, NULL, NULL, 0, NULL),
(1045, NULL, '', '', '', '2000-01-01', '0000-00-00', '', '', '', NULL, NULL, NULL, NULL, NULL, NULL, NULL, NULL, 0, NULL),
(1046, NULL, '', '', '', '2000-01-01', '0000-00-00', '', '', '', NULL, NULL, NULL, NULL, NULL, NULL, NULL, NULL, 0, NULL),
(1047, NULL, '', '', '', '2000-01-01', '0000-00-00', '', '', '', NULL, NULL, NULL, NULL, NULL, NULL, NULL, NULL, 0, NULL),
(1048, NULL, '', '', '', '2000-01-01', '0000-00-00', '', '', '', NULL, NULL, NULL, NULL, NULL, NULL, NULL, NULL, 0, NULL),
(1049, NULL, '', '', '', '2000-01-01', '0000-00-00', '', '', '', NULL, NULL, NULL, NULL, NULL, NULL, NULL, NULL, 0, NULL),
(1050, NULL, '', '', '', '2000-01-01', '0000-00-00', '', '', '', NULL, NULL, NULL, NULL, NULL, NULL, NULL, NULL, 0, NULL),
(1051, NULL, '', '', '', '2000-01-01', '0000-00-00', '', '', '', NULL, NULL, NULL, NULL, NULL, NULL, NULL, NULL, 0, NULL),
(1052, NULL, '', '', '', '2000-01-01', '0000-00-00', '', '', '', NULL, NULL, NULL, NULL, NULL, NULL, NULL, NULL, 0, NULL),
(1053, NULL, '', '', '', '2000-01-01', '0000-00-00', '', '', '', NULL, NULL, NULL, NULL, NULL, NULL, NULL, NULL, 0, NULL),
(1054, NULL, '', '', '', '2000-01-01', '0000-00-00', '', '', '', NULL, NULL, NULL, NULL, NULL, NULL, NULL, NULL, 0, NULL),
(1055, NULL, '', '', '', '2000-01-01', '0000-00-00', '', '', '', NULL, NULL, NULL, NULL, NULL, NULL, NULL, NULL, 0, NULL),
(1056, NULL, '', '', '', '2000-01-01', '0000-00-00', '', '', '', NULL, NULL, NULL, NULL, NULL, NULL, NULL, NULL, 0, NULL),
(1057, NULL, '', '', '', '2000-01-01', '0000-00-00', '', '', '', NULL, NULL, NULL, NULL, NULL, NULL, NULL, NULL, 0, NULL),
(1058, NULL, '', '', '', '2000-01-01', '0000-00-00', '', '', '', NULL, NULL, NULL, NULL, NULL, NULL, NULL, NULL, 0, NULL),
(1059, NULL, '', '', '', '2000-01-01', '0000-00-00', '', '', '', NULL, NULL, NULL, NULL, NULL, NULL, NULL, NULL, 0, NULL),
(1060, NULL, '', '', '', '2000-01-01', '0000-00-00', '', '', '', NULL, NULL, NULL, NULL, NULL, NULL, NULL, NULL, 0, NULL),
(1061, NULL, '', '', '', '2000-01-01', '0000-00-00', '', '', '', NULL, NULL, NULL, NULL, NULL, NULL, NULL, NULL, 0, NULL),
(1062, NULL, '', '', '', '2000-01-01', '0000-00-00', '', '', '', NULL, NULL, NULL, NULL, NULL, NULL, NULL, NULL, 0, NULL),
(1063, NULL, '', '', '', '2000-01-01', '0000-00-00', '', '', '', NULL, NULL, NULL, NULL, NULL, NULL, NULL, NULL, 0, NULL),
(1064, NULL, '', '', '', '2000-01-01', '0000-00-00', '', '', '', NULL, NULL, NULL, NULL, NULL, NULL, NULL, NULL, 0, NULL),
(1065, NULL, '', '', '', '2000-01-01', '0000-00-00', '', '', '', NULL, NULL, NULL, NULL, NULL, NULL, NULL, NULL, 0, NULL),
(1066, NULL, '', '', '', '2000-01-01', '0000-00-00', '', '', '', NULL, NULL, NULL, NULL, NULL, NULL, NULL, NULL, 0, NULL),
(1067, NULL, '', '', '', '2000-01-01', '0000-00-00', '', '', '', NULL, NULL, NULL, NULL, NULL, NULL, NULL, NULL, 0, NULL),
(1068, NULL, '', '', '', '2000-01-01', '0000-00-00', '', '', '', NULL, NULL, NULL, NULL, NULL, NULL, NULL, NULL, 0, NULL),
(1069, NULL, '', '', '', '2000-01-01', '0000-00-00', '', '', '', NULL, NULL, NULL, NULL, NULL, NULL, NULL, NULL, 0, NULL),
(1070, NULL, '', '', '', '2000-01-01', '0000-00-00', '', '', '', NULL, NULL, NULL, NULL, NULL, NULL, NULL, NULL, 0, NULL),
(1071, NULL, '', '', '', '2000-01-01', '0000-00-00', '', '', '', NULL, NULL, NULL, NULL, NULL, NULL, NULL, NULL, 0, NULL),
(1072, NULL, '', '', '', '2000-01-01', '0000-00-00', '', '', '', NULL, NULL, NULL, NULL, NULL, NULL, NULL, NULL, 0, NULL),
(1073, NULL, '', '', '', '2000-01-01', '0000-00-00', '', '', '', NULL, NULL, NULL, NULL, NULL, NULL, NULL, NULL, 0, NULL),
(1074, NULL, '', '', '', '2000-01-01', '0000-00-00', '', '', '', NULL, NULL, NULL, NULL, NULL, NULL, NULL, NULL, 0, NULL),
(1075, NULL, '', '', '', '2000-01-01', '0000-00-00', '', '', '', NULL, NULL, NULL, NULL, NULL, NULL, NULL, NULL, 0, NULL),
(1076, NULL, '', '', '', '2000-01-01', '0000-00-00', '', '', '', NULL, NULL, NULL, NULL, NULL, NULL, NULL, NULL, 0, NULL),
(1077, NULL, '', '', '', '2000-01-01', '0000-00-00', '', '', '', NULL, NULL, NULL, NULL, NULL, NULL, NULL, NULL, 0, NULL),
(1078, NULL, '', '', '', '2000-01-01', '0000-00-00', '', '', '', NULL, NULL, NULL, NULL, NULL, NULL, NULL, NULL, 0, NULL),
(1079, NULL, '', '', '', '2000-01-01', '0000-00-00', '', '', '', NULL, NULL, NULL, NULL, NULL, NULL, NULL, NULL, 0, NULL),
(1080, NULL, '', '', '', '2000-01-01', '0000-00-00', '', '', '', NULL, NULL, NULL, NULL, NULL, NULL, NULL, NULL, 0, NULL),
(1081, NULL, '', '', '', '2000-01-01', '0000-00-00', '', '', '', NULL, NULL, NULL, NULL, NULL, NULL, NULL, NULL, 0, NULL),
(1082, NULL, '', '', '', '2000-01-01', '0000-00-00', '', '', '', NULL, NULL, NULL, NULL, NULL, NULL, NULL, NULL, 0, NULL),
(1083, NULL, '', '', '', '2000-01-01', '0000-00-00', '', '', '', NULL, NULL, NULL, NULL, NULL, NULL, NULL, NULL, 0, NULL),
(1084, NULL, '', '', '', '2000-01-01', '0000-00-00', '', '', '', NULL, NULL, NULL, NULL, NULL, NULL, NULL, NULL, 0, NULL),
(1085, NULL, '', '', '', '2000-01-01', '0000-00-00', '', '', '', NULL, NULL, NULL, NULL, NULL, NULL, NULL, NULL, 0, NULL),
(1086, NULL, '', '', '', '2000-01-01', '0000-00-00', '', '', '', NULL, NULL, NULL, NULL, NULL, NULL, NULL, NULL, 0, NULL),
(1087, NULL, '', '', '', '2000-01-01', '0000-00-00', '', '', '', NULL, NULL, NULL, NULL, NULL, NULL, NULL, NULL, 0, NULL),
(1088, NULL, '', '', '', '2000-01-01', '0000-00-00', '', '', '', NULL, NULL, NULL, NULL, NULL, NULL, NULL, NULL, 0, NULL),
(1089, NULL, '', '', '', '2000-01-01', '0000-00-00', '', '', '', NULL, NULL, NULL, NULL, NULL, NULL, NULL, NULL, 0, NULL),
(1090, NULL, '', '', '', '2000-01-01', '0000-00-00', '', '', '', NULL, NULL, NULL, NULL, NULL, NULL, NULL, NULL, 0, NULL),
(1091, NULL, '', '', '', '2000-01-01', '0000-00-00', '', '', '', NULL, NULL, NULL, NULL, NULL, NULL, NULL, NULL, 0, NULL),
(1092, NULL, '', '', '', '2000-01-01', '0000-00-00', '', '', '', NULL, NULL, NULL, NULL, NULL, NULL, NULL, NULL, 0, NULL),
(1093, NULL, '', '', '', '2000-01-01', '0000-00-00', '', '', '', NULL, NULL, NULL, NULL, NULL, NULL, NULL, NULL, 0, NULL),
(1094, NULL, '', '', '', '2000-01-01', '0000-00-00', '', '', '', NULL, NULL, NULL, NULL, NULL, NULL, NULL, NULL, 0, NULL),
(1095, NULL, '', '', '', '2000-01-01', '0000-00-00', '', '', '', NULL, NULL, NULL, NULL, NULL, NULL, NULL, NULL, 0, NULL),
(1096, NULL, '', '', '', '2000-01-01', '0000-00-00', '', '', '', NULL, NULL, NULL, NULL, NULL, NULL, NULL, NULL, 0, NULL),
(1097, NULL, '', '', '', '2000-01-01', '0000-00-00', '', '', '', NULL, NULL, NULL, NULL, NULL, NULL, NULL, NULL, 0, NULL),
(1098, NULL, '', '', '', '2000-01-01', '0000-00-00', '', '', '', NULL, NULL, NULL, NULL, NULL, NULL, NULL, NULL, 0, NULL),
(1099, NULL, '', '', '', '2000-01-01', '0000-00-00', '', '', '', NULL, NULL, NULL, NULL, NULL, NULL, NULL, NULL, 0, NULL),
(1100, NULL, '', '', '', '2000-01-01', '0000-00-00', '', '', '', NULL, NULL, NULL, NULL, NULL, NULL, NULL, NULL, 0, NULL),
(1101, NULL, '', '', '', '2000-01-01', '0000-00-00', '', '', '', NULL, NULL, NULL, NULL, NULL, NULL, NULL, NULL, 0, NULL),
(1102, NULL, '', '', '', '2000-01-01', '0000-00-00', '', '', '', NULL, NULL, NULL, NULL, NULL, NULL, NULL, NULL, 0, NULL),
(1103, NULL, '', '', '', '2000-01-01', '0000-00-00', '', '', '', NULL, NULL, NULL, NULL, NULL, NULL, NULL, NULL, 0, NULL),
(1104, NULL, '', '', '', '2000-01-01', '0000-00-00', '', '', '', NULL, NULL, NULL, NULL, NULL, NULL, NULL, NULL, 0, NULL),
(1105, NULL, '', '', '', '2000-01-01', '0000-00-00', '', '', '', NULL, NULL, NULL, NULL, NULL, NULL, NULL, NULL, 0, NULL),
(1106, NULL, '', '', '', '2000-01-01', '0000-00-00', '', '', '', NULL, NULL, NULL, NULL, NULL, NULL, NULL, NULL, 0, NULL),
(1107, NULL, '', '', '', '2000-01-01', '0000-00-00', '', '', '', NULL, NULL, NULL, NULL, NULL, NULL, NULL, NULL, 0, NULL),
(1108, NULL, '', '', '', '2000-01-01', '0000-00-00', '', '', '', NULL, NULL, NULL, NULL, NULL, NULL, NULL, NULL, 0, NULL),
(1109, NULL, '', '', '', '2000-01-01', '0000-00-00', '', '', '', NULL, NULL, NULL, NULL, NULL, NULL, NULL, NULL, 0, NULL),
(1110, NULL, '', '', '', '2000-01-01', '0000-00-00', '', '', '', NULL, NULL, NULL, NULL, NULL, NULL, NULL, NULL, 0, NULL),
(1111, NULL, '', '', '', '2000-01-01', '0000-00-00', '', '', '', NULL, NULL, NULL, NULL, NULL, NULL, NULL, NULL, 0, NULL),
(1112, NULL, '', '', '', '2000-01-01', '0000-00-00', '', '', '', NULL, NULL, NULL, NULL, NULL, NULL, NULL, NULL, 0, NULL),
(1113, NULL, '', '', '', '2000-01-01', '0000-00-00', '', '', '', NULL, NULL, NULL, NULL, NULL, NULL, NULL, NULL, 0, NULL),
(1114, NULL, '', '', '', '2000-01-01', '0000-00-00', '', '', '', NULL, NULL, NULL, NULL, NULL, NULL, NULL, NULL, 0, NULL),
(1115, NULL, '', '', '', '2000-01-01', '0000-00-00', '', '', '', NULL, NULL, NULL, NULL, NULL, NULL, NULL, NULL, 0, NULL),
(1116, NULL, '', '', '', '2000-01-01', '0000-00-00', '', '', '', NULL, NULL, NULL, NULL, NULL, NULL, NULL, NULL, 0, NULL),
(1117, NULL, '', '', '', '2000-01-01', '0000-00-00', '', '', '', NULL, NULL, NULL, NULL, NULL, NULL, NULL, NULL, 0, NULL),
(1118, NULL, '', '', '', '2000-01-01', '0000-00-00', '', '', '', NULL, NULL, NULL, NULL, NULL, NULL, NULL, NULL, 0, NULL),
(1119, NULL, '', '', '', '2000-01-01', '0000-00-00', '', '', '', NULL, NULL, NULL, NULL, NULL, NULL, NULL, NULL, 0, NULL),
(1120, NULL, '', '', '', '2000-01-01', '0000-00-00', '', '', '', NULL, NULL, NULL, NULL, NULL, NULL, NULL, NULL, 0, NULL),
(1121, NULL, '', '', '', '2000-01-01', '0000-00-00', '', '', '', NULL, NULL, NULL, NULL, NULL, NULL, NULL, NULL, 0, NULL),
(1122, NULL, '', '', '', '2000-01-01', '0000-00-00', '', '', '', NULL, NULL, NULL, NULL, NULL, NULL, NULL, NULL, 0, NULL),
(1123, NULL, '', '', '', '2000-01-01', '0000-00-00', '', '', '', NULL, NULL, NULL, NULL, NULL, NULL, NULL, NULL, 0, NULL),
(1124, NULL, '', '', '', '2000-01-01', '0000-00-00', '', '', '', NULL, NULL, NULL, NULL, NULL, NULL, NULL, NULL, 0, NULL),
(1125, NULL, '', '', '', '2000-01-01', '0000-00-00', '', '', '', NULL, NULL, NULL, NULL, NULL, NULL, NULL, NULL, 0, NULL),
(1126, NULL, '', '', '', '2000-01-01', '0000-00-00', '', '', '', NULL, NULL, NULL, NULL, NULL, NULL, NULL, NULL, 0, NULL),
(1127, NULL, '', '', '', '2000-01-01', '0000-00-00', '', '', '', NULL, NULL, NULL, NULL, NULL, NULL, NULL, NULL, 0, NULL),
(1128, NULL, '', '', '', '2000-01-01', '0000-00-00', '', '', '', NULL, NULL, NULL, NULL, NULL, NULL, NULL, NULL, 0, NULL),
(1129, NULL, '', '', '', '2000-01-01', '0000-00-00', '', '', '', NULL, NULL, NULL, NULL, NULL, NULL, NULL, NULL, 0, NULL),
(1130, NULL, '', '', '', '2000-01-01', '0000-00-00', '', '', '', NULL, NULL, NULL, NULL, NULL, NULL, NULL, NULL, 0, NULL),
(1131, NULL, '', '', '', '2000-01-01', '0000-00-00', '', '', '', NULL, NULL, NULL, NULL, NULL, NULL, NULL, NULL, 0, NULL),
(1132, NULL, '', '', '', '2000-01-01', '0000-00-00', '', '', '', NULL, NULL, NULL, NULL, NULL, NULL, NULL, NULL, 0, NULL),
(1133, NULL, '', '', '', '2000-01-01', '0000-00-00', '', '', '', NULL, NULL, NULL, NULL, NULL, NULL, NULL, NULL, 0, NULL),
(1134, NULL, '', '', '', '2000-01-01', '0000-00-00', '', '', '', NULL, NULL, NULL, NULL, NULL, NULL, NULL, NULL, 0, NULL),
(1135, NULL, '', '', '', '2000-01-01', '0000-00-00', '', '', '', NULL, NULL, NULL, NULL, NULL, NULL, NULL, NULL, 0, NULL),
(1136, NULL, '', '', '', '2000-01-01', '0000-00-00', '', '', '', NULL, NULL, NULL, NULL, NULL, NULL, NULL, NULL, 0, NULL),
(1137, NULL, '', '', '', '2000-01-01', '0000-00-00', '', '', '', NULL, NULL, NULL, NULL, NULL, NULL, NULL, NULL, 0, NULL),
(1138, NULL, '', '', '', '2000-01-01', '0000-00-00', '', '', '', NULL, NULL, NULL, NULL, NULL, NULL, NULL, NULL, 0, NULL),
(1139, NULL, '', '', '', '2000-01-01', '0000-00-00', '', '', '', NULL, NULL, NULL, NULL, NULL, NULL, NULL, NULL, 0, NULL),
(1140, NULL, '', '', '', '2000-01-01', '0000-00-00', '', '', '', NULL, NULL, NULL, NULL, NULL, NULL, NULL, NULL, 0, NULL),
(1141, NULL, '', '', '', '2000-01-01', '0000-00-00', '', '', '', NULL, NULL, NULL, NULL, NULL, NULL, NULL, NULL, 0, NULL),
(1142, NULL, '', '', '', '2000-01-01', '0000-00-00', '', '', '', NULL, NULL, NULL, NULL, NULL, NULL, NULL, NULL, 0, NULL),
(1143, NULL, '', '', '', '2000-01-01', '0000-00-00', '', '', '', NULL, NULL, NULL, NULL, NULL, NULL, NULL, NULL, 0, NULL),
(1144, NULL, '', '', '', '2000-01-01', '0000-00-00', '', '', '', NULL, NULL, NULL, NULL, NULL, NULL, NULL, NULL, 0, NULL),
(1145, NULL, '', '', '', '2000-01-01', '0000-00-00', '', '', '', NULL, NULL, NULL, NULL, NULL, NULL, NULL, NULL, 0, NULL),
(1146, NULL, '', '', '', '2000-01-01', '0000-00-00', '', '', '', NULL, NULL, NULL, NULL, NULL, NULL, NULL, NULL, 0, NULL),
(1147, NULL, '', '', '', '2000-01-01', '0000-00-00', '', '', '', NULL, NULL, NULL, NULL, NULL, NULL, NULL, NULL, 0, NULL),
(1148, NULL, '', '', '', '2000-01-01', '0000-00-00', '', '', '', NULL, NULL, NULL, NULL, NULL, NULL, NULL, NULL, 0, NULL),
(1149, NULL, '', '', '', '2000-01-01', '0000-00-00', '', '', '', NULL, NULL, NULL, NULL, NULL, NULL, NULL, NULL, 0, NULL),
(1150, NULL, '', '', '', '2000-01-01', '0000-00-00', '', '', '', NULL, NULL, NULL, NULL, NULL, NULL, NULL, NULL, 0, NULL),
(1151, NULL, '', '', '', '2000-01-01', '0000-00-00', '', '', '', NULL, NULL, NULL, NULL, NULL, NULL, NULL, NULL, 0, NULL),
(1152, NULL, '', '', '', '2000-01-01', '0000-00-00', '', '', '', NULL, NULL, NULL, NULL, NULL, NULL, NULL, NULL, 0, NULL),
(1153, NULL, '', '', '', '2000-01-01', '0000-00-00', '', '', '', NULL, NULL, NULL, NULL, NULL, NULL, NULL, NULL, 0, NULL),
(1154, NULL, '', '', '', '2000-01-01', '0000-00-00', '', '', '', NULL, NULL, NULL, NULL, NULL, NULL, NULL, NULL, 0, NULL),
(1155, NULL, '', '', '', '2000-01-01', '0000-00-00', '', '', '', NULL, NULL, NULL, NULL, NULL, NULL, NULL, NULL, 0, NULL),
(1156, NULL, '', '', '', '2000-01-01', '0000-00-00', '', '', '', NULL, NULL, NULL, NULL, NULL, NULL, NULL, NULL, 0, NULL),
(1157, NULL, '', '', '', '2000-01-01', '0000-00-00', '', '', '', NULL, NULL, NULL, NULL, NULL, NULL, NULL, NULL, 0, NULL),
(1158, NULL, '', '', '', '2000-01-01', '0000-00-00', '', '', '', NULL, NULL, NULL, NULL, NULL, NULL, NULL, NULL, 0, NULL),
(1159, NULL, '', '', '', '2000-01-01', '0000-00-00', '', '', '', NULL, NULL, NULL, NULL, NULL, NULL, NULL, NULL, 0, NULL),
(1160, NULL, '', '', '', '2000-01-01', '0000-00-00', '', '', '', NULL, NULL, NULL, NULL, NULL, NULL, NULL, NULL, 0, NULL),
(1161, NULL, '', '', '', '2000-01-01', '0000-00-00', '', '', '', NULL, NULL, NULL, NULL, NULL, NULL, NULL, NULL, 0, NULL),
(1162, NULL, '', '', '', '2000-01-01', '0000-00-00', '', '', '', NULL, NULL, NULL, NULL, NULL, NULL, NULL, NULL, 0, NULL),
(1163, NULL, '', '', '', '2000-01-01', '0000-00-00', '', '', '', NULL, NULL, NULL, NULL, NULL, NULL, NULL, NULL, 0, NULL),
(1164, NULL, '', '', '', '2000-01-01', '0000-00-00', '', '', '', NULL, NULL, NULL, NULL, NULL, NULL, NULL, NULL, 0, NULL),
(1165, NULL, '', '', '', '2000-01-01', '0000-00-00', '', '', '', NULL, NULL, NULL, NULL, NULL, NULL, NULL, NULL, 0, NULL),
(1166, NULL, '', '', '', '2000-01-01', '0000-00-00', '', '', '', NULL, NULL, NULL, NULL, NULL, NULL, NULL, NULL, 0, NULL),
(1167, NULL, '', '', '', '2000-01-01', '0000-00-00', '', '', '', NULL, NULL, NULL, NULL, NULL, NULL, NULL, NULL, 0, NULL),
(1168, NULL, '', '', '', '2000-01-01', '0000-00-00', '', '', '', NULL, NULL, NULL, NULL, NULL, NULL, NULL, NULL, 0, NULL),
(1169, NULL, '', '', '', '2000-01-01', '0000-00-00', '', '', '', NULL, NULL, NULL, NULL, NULL, NULL, NULL, NULL, 0, NULL),
(1170, NULL, '', '', '', '2000-01-01', '0000-00-00', '', '', '', NULL, NULL, NULL, NULL, NULL, NULL, NULL, NULL, 0, NULL),
(1171, NULL, '', '', '', '2000-01-01', '0000-00-00', '', '', '', NULL, NULL, NULL, NULL, NULL, NULL, NULL, NULL, 0, NULL),
(1172, NULL, '', '', '', '2000-01-01', '0000-00-00', '', '', '', NULL, NULL, NULL, NULL, NULL, NULL, NULL, NULL, 0, NULL),
(1173, NULL, '', '', '', '2000-01-01', '0000-00-00', '', '', '', NULL, NULL, NULL, NULL, NULL, NULL, NULL, NULL, 0, NULL),
(1174, NULL, '', '', '', '2000-01-01', '0000-00-00', '', '', '', NULL, NULL, NULL, NULL, NULL, NULL, NULL, NULL, 0, NULL),
(1175, NULL, '', '', '', '2000-01-01', '0000-00-00', '', '', '', NULL, NULL, NULL, NULL, NULL, NULL, NULL, NULL, 0, NULL),
(1176, NULL, '', '', '', '2000-01-01', '0000-00-00', '', '', '', NULL, NULL, NULL, NULL, NULL, NULL, NULL, NULL, 0, NULL),
(1177, NULL, '', '', '', '2000-01-01', '0000-00-00', '', '', '', NULL, NULL, NULL, NULL, NULL, NULL, NULL, NULL, 0, NULL),
(1178, NULL, '', '', '', '2000-01-01', '0000-00-00', '', '', '', NULL, NULL, NULL, NULL, NULL, NULL, NULL, NULL, 0, NULL),
(1179, NULL, '', '', '', '2000-01-01', '0000-00-00', '', '', '', NULL, NULL, NULL, NULL, NULL, NULL, NULL, NULL, 0, NULL),
(1180, NULL, '', '', '', '2000-01-01', '0000-00-00', '', '', '', NULL, NULL, NULL, NULL, NULL, NULL, NULL, NULL, 0, NULL),
(1181, NULL, '', '', '', '2000-01-01', '0000-00-00', '', '', '', NULL, NULL, NULL, NULL, NULL, NULL, NULL, NULL, 0, NULL),
(1182, NULL, '', '', '', '2000-01-01', '0000-00-00', '', '', '', NULL, NULL, NULL, NULL, NULL, NULL, NULL, NULL, 0, NULL),
(1183, NULL, '', '', '', '2000-01-01', '0000-00-00', '', '', '', NULL, NULL, NULL, NULL, NULL, NULL, NULL, NULL, 0, NULL),
(1184, NULL, '', '', '', '2000-01-01', '0000-00-00', '', '', '', NULL, NULL, NULL, NULL, NULL, NULL, NULL, NULL, 0, NULL),
(1185, NULL, '', '', '', '2000-01-01', '0000-00-00', '', '', '', NULL, NULL, NULL, NULL, NULL, NULL, NULL, NULL, 0, NULL),
(1186, NULL, '', '', '', '2000-01-01', '0000-00-00', '', '', '', NULL, NULL, NULL, NULL, NULL, NULL, NULL, NULL, 0, NULL),
(1187, NULL, '', '', '', '2000-01-01', '0000-00-00', '', '', '', NULL, NULL, NULL, NULL, NULL, NULL, NULL, NULL, 0, NULL),
(1188, NULL, '', '', '', '2000-01-01', '0000-00-00', '', '', '', NULL, NULL, NULL, NULL, NULL, NULL, NULL, NULL, 0, NULL),
(1189, NULL, '', '', '', '2000-01-01', '0000-00-00', '', '', '', NULL, NULL, NULL, NULL, NULL, NULL, NULL, NULL, 0, NULL),
(1190, NULL, '', '', '', '2000-01-01', '0000-00-00', '', '', '', NULL, NULL, NULL, NULL, NULL, NULL, NULL, NULL, 0, NULL),
(1191, NULL, '', '', '', '2000-01-01', '0000-00-00', '', '', '', NULL, NULL, NULL, NULL, NULL, NULL, NULL, NULL, 0, NULL),
(1192, NULL, '', '', '', '2000-01-01', '0000-00-00', '', '', '', NULL, NULL, NULL, NULL, NULL, NULL, NULL, NULL, 0, NULL),
(1193, NULL, '', '', '', '2000-01-01', '0000-00-00', '', '', '', NULL, NULL, NULL, NULL, NULL, NULL, NULL, NULL, 0, NULL),
(1194, NULL, '', '', '', '2000-01-01', '0000-00-00', '', '', '', NULL, NULL, NULL, NULL, NULL, NULL, NULL, NULL, 0, NULL),
(1195, NULL, '', '', '', '2000-01-01', '0000-00-00', '', '', '', NULL, NULL, NULL, NULL, NULL, NULL, NULL, NULL, 0, NULL),
(1196, NULL, '', '', '', '2000-01-01', '0000-00-00', '', '', '', NULL, NULL, NULL, NULL, NULL, NULL, NULL, NULL, 0, NULL),
(1197, NULL, '', '', '', '2000-01-01', '0000-00-00', '', '', '', NULL, NULL, NULL, NULL, NULL, NULL, NULL, NULL, 0, NULL),
(1198, NULL, '', '', '', '2000-01-01', '0000-00-00', '', '', '', NULL, NULL, NULL, NULL, NULL, NULL, NULL, NULL, 0, NULL),
(1199, NULL, '', '', '', '2000-01-01', '0000-00-00', '', '', '', NULL, NULL, NULL, NULL, NULL, NULL, NULL, NULL, 0, NULL),
(1200, NULL, '', '', '', '2000-01-01', '0000-00-00', '', '', '', NULL, NULL, NULL, NULL, NULL, NULL, NULL, NULL, 0, NULL),
(1201, NULL, '', '', '', '2000-01-01', '0000-00-00', '', '', '', NULL, NULL, NULL, NULL, NULL, NULL, NULL, NULL, 0, NULL),
(1202, NULL, '', '', '', '2000-01-01', '0000-00-00', '', '', '', NULL, NULL, NULL, NULL, NULL, NULL, NULL, NULL, 0, NULL),
(1203, NULL, '', '', '', '2000-01-01', '0000-00-00', '', '', '', NULL, NULL, NULL, NULL, NULL, NULL, NULL, NULL, 0, NULL),
(1204, NULL, '', '', '', '2000-01-01', '0000-00-00', '', '', '', NULL, NULL, NULL, NULL, NULL, NULL, NULL, NULL, 0, NULL),
(1205, NULL, '', '', '', '2000-01-01', '0000-00-00', '', '', '', NULL, NULL, NULL, NULL, NULL, NULL, NULL, NULL, 0, NULL),
(1206, NULL, '', '', '', '2000-01-01', '0000-00-00', '', '', '', NULL, NULL, NULL, NULL, NULL, NULL, NULL, NULL, 0, NULL),
(1207, NULL, '', '', '', '2000-01-01', '0000-00-00', '', '', '', NULL, NULL, NULL, NULL, NULL, NULL, NULL, NULL, 0, NULL),
(1208, NULL, '', '', '', '2000-01-01', '0000-00-00', '', '', '', NULL, NULL, NULL, NULL, NULL, NULL, NULL, NULL, 0, NULL),
(1209, NULL, '', '', '', '2000-01-01', '0000-00-00', '', '', '', NULL, NULL, NULL, NULL, NULL, NULL, NULL, NULL, 0, NULL),
(1210, NULL, '', '', '', '2000-01-01', '0000-00-00', '', '', '', NULL, NULL, NULL, NULL, NULL, NULL, NULL, NULL, 0, NULL),
(1211, NULL, '', '', '', '2000-01-01', '0000-00-00', '', '', '', NULL, NULL, NULL, NULL, NULL, NULL, NULL, NULL, 0, NULL),
(1212, NULL, '', '', '', '2000-01-01', '0000-00-00', '', '', '', NULL, NULL, NULL, NULL, NULL, NULL, NULL, NULL, 0, NULL),
(1213, NULL, '', '', '', '2000-01-01', '0000-00-00', '', '', '', NULL, NULL, NULL, NULL, NULL, NULL, NULL, NULL, 0, NULL),
(1214, NULL, '', '', '', '2000-01-01', '0000-00-00', '', '', '', NULL, NULL, NULL, NULL, NULL, NULL, NULL, NULL, 0, NULL),
(1215, NULL, '', '', '', '2000-01-01', '0000-00-00', '', '', '', NULL, NULL, NULL, NULL, NULL, NULL, NULL, NULL, 0, NULL),
(1216, NULL, '', '', '', '2000-01-01', '0000-00-00', '', '', '', NULL, NULL, NULL, NULL, NULL, NULL, NULL, NULL, 0, NULL),
(1217, NULL, '', '', '', '2000-01-01', '0000-00-00', '', '', '', NULL, NULL, NULL, NULL, NULL, NULL, NULL, NULL, 0, NULL),
(1218, NULL, '', '', '', '2000-01-01', '0000-00-00', '', '', '', NULL, NULL, NULL, NULL, NULL, NULL, NULL, NULL, 0, NULL),
(1219, NULL, '', '', '', '2000-01-01', '0000-00-00', '', '', '', NULL, NULL, NULL, NULL, NULL, NULL, NULL, NULL, 0, NULL),
(1220, NULL, '', '', '', '2000-01-01', '0000-00-00', '', '', '', NULL, NULL, NULL, NULL, NULL, NULL, NULL, NULL, 0, NULL),
(1221, NULL, '', '', '', '2000-01-01', '0000-00-00', '', '', '', NULL, NULL, NULL, NULL, NULL, NULL, NULL, NULL, 0, NULL),
(1222, NULL, '', '', '', '2000-01-01', '0000-00-00', '', '', '', NULL, NULL, NULL, NULL, NULL, NULL, NULL, NULL, 0, NULL),
(1223, NULL, '', '', '', '2000-01-01', '0000-00-00', '', '', '', NULL, NULL, NULL, NULL, NULL, NULL, NULL, NULL, 0, NULL),
(1224, NULL, '', '', '', '2000-01-01', '0000-00-00', '', '', '', NULL, NULL, NULL, NULL, NULL, NULL, NULL, NULL, 0, NULL),
(1225, NULL, '', '', '', '2000-01-01', '0000-00-00', '', '', '', NULL, NULL, NULL, NULL, NULL, NULL, NULL, NULL, 0, NULL),
(1226, NULL, '', '', '', '2000-01-01', '0000-00-00', '', '', '', NULL, NULL, NULL, NULL, NULL, NULL, NULL, NULL, 0, NULL),
(1227, NULL, '', '', '', '2000-01-01', '0000-00-00', '', '', '', NULL, NULL, NULL, NULL, NULL, NULL, NULL, NULL, 0, NULL),
(1228, NULL, '', '', '', '2000-01-01', '0000-00-00', '', '', '', NULL, NULL, NULL, NULL, NULL, NULL, NULL, NULL, 0, NULL),
(1229, NULL, '', '', '', '2000-01-01', '0000-00-00', '', '', '', NULL, NULL, NULL, NULL, NULL, NULL, NULL, NULL, 0, NULL),
(1230, NULL, '', '', '', '2000-01-01', '0000-00-00', '', '', '', NULL, NULL, NULL, NULL, NULL, NULL, NULL, NULL, 0, NULL),
(1231, NULL, '', '', '', '2000-01-01', '0000-00-00', '', '', '', NULL, NULL, NULL, NULL, NULL, NULL, NULL, NULL, 0, NULL),
(1232, NULL, '', '', '', '2000-01-01', '0000-00-00', '', '', '', NULL, NULL, NULL, NULL, NULL, NULL, NULL, NULL, 0, NULL),
(1233, NULL, '', '', '', '2000-01-01', '0000-00-00', '', '', '', NULL, NULL, NULL, NULL, NULL, NULL, NULL, NULL, 0, NULL),
(1234, NULL, '', '', '', '2000-01-01', '0000-00-00', '', '', '', NULL, NULL, NULL, NULL, NULL, NULL, NULL, NULL, 0, NULL),
(1235, NULL, '', '', '', '2000-01-01', '0000-00-00', '', '', '', NULL, NULL, NULL, NULL, NULL, NULL, NULL, NULL, 0, NULL),
(1236, NULL, '', '', '', '2000-01-01', '0000-00-00', '', '', '', NULL, NULL, NULL, NULL, NULL, NULL, NULL, NULL, 0, NULL),
(1237, NULL, '', '', '', '2000-01-01', '0000-00-00', '', '', '', NULL, NULL, NULL, NULL, NULL, NULL, NULL, NULL, 0, NULL),
(1238, NULL, '', '', '', '2000-01-01', '0000-00-00', '', '', '', NULL, NULL, NULL, NULL, NULL, NULL, NULL, NULL, 0, NULL);
INSERT INTO `jobs` (`jobid`, `complete`, `job_type`, `job_description`, `job_status`, `due_date`, `creation_date`, `sage_reference`, `po_number`, `job_number`, `number_of_assets`, `notes`, `quote_number`, `result`, `result_description`, `next_action`, `next_action_description`, `complete_date`, `add_asset`, `invoice_number`) VALUES
(1239, NULL, '', '', '', '2000-01-01', '0000-00-00', '', '', '', NULL, NULL, NULL, NULL, NULL, NULL, NULL, NULL, 0, NULL),
(1240, NULL, '', '', '', '2000-01-01', '0000-00-00', '', '', '', NULL, NULL, NULL, NULL, NULL, NULL, NULL, NULL, 0, NULL),
(1241, NULL, '', '', '', '2000-01-01', '0000-00-00', '', '', '', NULL, NULL, NULL, NULL, NULL, NULL, NULL, NULL, 0, NULL),
(1242, NULL, '', '', '', '2000-01-01', '0000-00-00', '', '', '', NULL, NULL, NULL, NULL, NULL, NULL, NULL, NULL, 0, NULL),
(1243, NULL, '', '', '', '2000-01-01', '0000-00-00', '', '', '', NULL, NULL, NULL, NULL, NULL, NULL, NULL, NULL, 0, NULL),
(1244, NULL, '', '', '', '2000-01-01', '0000-00-00', '', '', '', NULL, NULL, NULL, NULL, NULL, NULL, NULL, NULL, 0, NULL),
(1245, NULL, '', '', '', '2000-01-01', '0000-00-00', '', '', '', NULL, NULL, NULL, NULL, NULL, NULL, NULL, NULL, 0, NULL),
(1246, NULL, '', '', '', '2000-01-01', '0000-00-00', '', '', '', NULL, NULL, NULL, NULL, NULL, NULL, NULL, NULL, 0, NULL),
(1247, NULL, '', '', '', '2000-01-01', '0000-00-00', '', '', '', NULL, NULL, NULL, NULL, NULL, NULL, NULL, NULL, 0, NULL),
(1248, NULL, '', '', '', '2000-01-01', '0000-00-00', '', '', '', NULL, NULL, NULL, NULL, NULL, NULL, NULL, NULL, 0, NULL),
(1249, NULL, '', '', '', '2000-01-01', '0000-00-00', '', '', '', NULL, NULL, NULL, NULL, NULL, NULL, NULL, NULL, 0, NULL),
(1250, NULL, '', '', '', '2000-01-01', '0000-00-00', '', '', '', NULL, NULL, NULL, NULL, NULL, NULL, NULL, NULL, 0, NULL),
(1251, NULL, '', '', '', '2000-01-01', '0000-00-00', '', '', '', NULL, NULL, NULL, NULL, NULL, NULL, NULL, NULL, 0, NULL),
(1252, NULL, '', '', '', '2000-01-01', '0000-00-00', '', '', '', NULL, NULL, NULL, NULL, NULL, NULL, NULL, NULL, 0, NULL),
(1253, NULL, '', '', '', '2000-01-01', '0000-00-00', '', '', '', NULL, NULL, NULL, NULL, NULL, NULL, NULL, NULL, 0, NULL),
(1254, NULL, '', '', '', '2000-01-01', '0000-00-00', '', '', '', NULL, NULL, NULL, NULL, NULL, NULL, NULL, NULL, 0, NULL),
(1255, NULL, '', '', '', '2000-01-01', '0000-00-00', '', '', '', NULL, NULL, NULL, NULL, NULL, NULL, NULL, NULL, 0, NULL),
(1256, NULL, '', '', '', '2000-01-01', '0000-00-00', '', '', '', NULL, NULL, NULL, NULL, NULL, NULL, NULL, NULL, 0, NULL),
(1257, NULL, '', '', '', '2000-01-01', '0000-00-00', '', '', '', NULL, NULL, NULL, NULL, NULL, NULL, NULL, NULL, 0, NULL),
(1258, NULL, '', '', '', '2000-01-01', '0000-00-00', '', '', '', NULL, NULL, NULL, NULL, NULL, NULL, NULL, NULL, 0, NULL),
(1259, NULL, '', '', '', '2000-01-01', '0000-00-00', '', '', '', NULL, NULL, NULL, NULL, NULL, NULL, NULL, NULL, 0, NULL),
(1260, NULL, '', '', '', '2000-01-01', '0000-00-00', '', '', '', NULL, NULL, NULL, NULL, NULL, NULL, NULL, NULL, 0, NULL),
(1261, NULL, '', '', '', '2000-01-01', '0000-00-00', '', '', '', NULL, NULL, NULL, NULL, NULL, NULL, NULL, NULL, 0, NULL),
(1262, NULL, '', '', '', '2000-01-01', '0000-00-00', '', '', '', NULL, NULL, NULL, NULL, NULL, NULL, NULL, NULL, 0, NULL),
(1263, NULL, '', '', '', '2000-01-01', '0000-00-00', '', '', '', NULL, NULL, NULL, NULL, NULL, NULL, NULL, NULL, 0, NULL),
(1264, NULL, '', '', '', '2000-01-01', '0000-00-00', '', '', '', NULL, NULL, NULL, NULL, NULL, NULL, NULL, NULL, 0, NULL),
(1265, NULL, '', '', '', '2000-01-01', '0000-00-00', '', '', '', NULL, NULL, NULL, NULL, NULL, NULL, NULL, NULL, 0, NULL),
(1266, NULL, '', '', '', '2000-01-01', '0000-00-00', '', '', '', NULL, NULL, NULL, NULL, NULL, NULL, NULL, NULL, 0, NULL),
(1267, NULL, '', '', '', '2000-01-01', '0000-00-00', '', '', '', NULL, NULL, NULL, NULL, NULL, NULL, NULL, NULL, 0, NULL),
(1268, NULL, '', '', '', '2000-01-01', '0000-00-00', '', '', '', NULL, NULL, NULL, NULL, NULL, NULL, NULL, NULL, 0, NULL),
(1269, NULL, '', '', '', '2000-01-01', '0000-00-00', '', '', '', NULL, NULL, NULL, NULL, NULL, NULL, NULL, NULL, 0, NULL),
(1270, NULL, '', '', '', '2000-01-01', '0000-00-00', '', '', '', NULL, NULL, NULL, NULL, NULL, NULL, NULL, NULL, 0, NULL),
(1271, NULL, '', '', '', '2000-01-01', '0000-00-00', '', '', '', NULL, NULL, NULL, NULL, NULL, NULL, NULL, NULL, 0, NULL),
(1272, NULL, '', '', '', '2000-01-01', '0000-00-00', '', '', '', NULL, NULL, NULL, NULL, NULL, NULL, NULL, NULL, 0, NULL),
(1273, NULL, '', '', '', '2000-01-01', '0000-00-00', '', '', '', NULL, NULL, NULL, NULL, NULL, NULL, NULL, NULL, 0, NULL),
(1274, NULL, '', '', '', '2000-01-01', '0000-00-00', '', '', '', NULL, NULL, NULL, NULL, NULL, NULL, NULL, NULL, 0, NULL),
(1275, NULL, '', '', '', '2000-01-01', '0000-00-00', '', '', '', NULL, NULL, NULL, NULL, NULL, NULL, NULL, NULL, 0, NULL),
(1276, NULL, '', '', '', '2000-01-01', '0000-00-00', '', '', '', NULL, NULL, NULL, NULL, NULL, NULL, NULL, NULL, 0, NULL),
(1277, NULL, '', '', '', '2000-01-01', '0000-00-00', '', '', '', NULL, NULL, NULL, NULL, NULL, NULL, NULL, NULL, 0, NULL),
(1278, NULL, '', '', '', '2000-01-01', '0000-00-00', '', '', '', NULL, NULL, NULL, NULL, NULL, NULL, NULL, NULL, 0, NULL),
(1279, NULL, '', '', '', '2000-01-01', '0000-00-00', '', '', '', NULL, NULL, NULL, NULL, NULL, NULL, NULL, NULL, 0, NULL),
(1280, NULL, '', '', '', '2000-01-01', '0000-00-00', '', '', '', NULL, NULL, NULL, NULL, NULL, NULL, NULL, NULL, 0, NULL),
(1281, NULL, '', '', '', '2000-01-01', '0000-00-00', '', '', '', NULL, NULL, NULL, NULL, NULL, NULL, NULL, NULL, 0, NULL),
(1282, NULL, '', '', '', '2000-01-01', '0000-00-00', '', '', '', NULL, NULL, NULL, NULL, NULL, NULL, NULL, NULL, 0, NULL),
(1283, NULL, '', '', '', '2000-01-01', '0000-00-00', '', '', '', NULL, NULL, NULL, NULL, NULL, NULL, NULL, NULL, 0, NULL),
(1284, NULL, '', '', '', '2000-01-01', '0000-00-00', '', '', '', NULL, NULL, NULL, NULL, NULL, NULL, NULL, NULL, 0, NULL),
(1285, NULL, '', '', '', '2000-01-01', '0000-00-00', '', '', '', NULL, NULL, NULL, NULL, NULL, NULL, NULL, NULL, 0, NULL),
(1286, NULL, '', '', '', '2000-01-01', '0000-00-00', '', '', '', NULL, NULL, NULL, NULL, NULL, NULL, NULL, NULL, 0, NULL),
(1287, NULL, '', '', '', '2000-01-01', '0000-00-00', '', '', '', NULL, NULL, NULL, NULL, NULL, NULL, NULL, NULL, 0, NULL),
(1288, NULL, '', '', '', '2000-01-01', '0000-00-00', '', '', '', NULL, NULL, NULL, NULL, NULL, NULL, NULL, NULL, 0, NULL),
(1289, NULL, '', '', '', '2000-01-01', '0000-00-00', '', '', '', NULL, NULL, NULL, NULL, NULL, NULL, NULL, NULL, 0, NULL),
(1290, NULL, '', '', '', '2000-01-01', '0000-00-00', '', '', '', NULL, NULL, NULL, NULL, NULL, NULL, NULL, NULL, 0, NULL),
(1291, NULL, '', '', '', '2000-01-01', '0000-00-00', '', '', '', NULL, NULL, NULL, NULL, NULL, NULL, NULL, NULL, 0, NULL),
(1292, NULL, '', '', '', '2000-01-01', '0000-00-00', '', '', '', NULL, NULL, NULL, NULL, NULL, NULL, NULL, NULL, 0, NULL),
(1293, NULL, '', '', '', '2000-01-01', '0000-00-00', '', '', '', NULL, NULL, NULL, NULL, NULL, NULL, NULL, NULL, 0, NULL),
(1294, NULL, '', '', '', '2000-01-01', '0000-00-00', '', '', '', NULL, NULL, NULL, NULL, NULL, NULL, NULL, NULL, 0, NULL),
(1295, NULL, '', '', '', '2000-01-01', '0000-00-00', '', '', '', NULL, NULL, NULL, NULL, NULL, NULL, NULL, NULL, 0, NULL),
(1296, NULL, '', '', '', '2000-01-01', '0000-00-00', '', '', '', NULL, NULL, NULL, NULL, NULL, NULL, NULL, NULL, 0, NULL),
(1297, NULL, '', '', '', '2000-01-01', '0000-00-00', '', '', '', NULL, NULL, NULL, NULL, NULL, NULL, NULL, NULL, 0, NULL),
(1298, NULL, '', '', '', '2000-01-01', '0000-00-00', '', '', '', NULL, NULL, NULL, NULL, NULL, NULL, NULL, NULL, 0, NULL),
(1299, NULL, '', '', '', '2000-01-01', '0000-00-00', '', '', '', NULL, NULL, NULL, NULL, NULL, NULL, NULL, NULL, 0, NULL),
(1300, NULL, '', '', '', '2000-01-01', '0000-00-00', '', '', '', NULL, NULL, NULL, NULL, NULL, NULL, NULL, NULL, 0, NULL),
(1301, NULL, '', '', '', '2000-01-01', '0000-00-00', '', '', '', NULL, NULL, NULL, NULL, NULL, NULL, NULL, NULL, 0, NULL),
(1302, NULL, '', '', '', '2000-01-01', '0000-00-00', '', '', '', NULL, NULL, NULL, NULL, NULL, NULL, NULL, NULL, 0, NULL),
(1303, NULL, '', '', '', '2000-01-01', '0000-00-00', '', '', '', NULL, NULL, NULL, NULL, NULL, NULL, NULL, NULL, 0, NULL),
(1304, NULL, '', '', '', '2000-01-01', '0000-00-00', '', '', '', NULL, NULL, NULL, NULL, NULL, NULL, NULL, NULL, 0, NULL),
(1305, NULL, '', '', '', '2000-01-01', '0000-00-00', '', '', '', NULL, NULL, NULL, NULL, NULL, NULL, NULL, NULL, 0, NULL),
(1306, NULL, '', '', '', '2000-01-01', '0000-00-00', '', '', '', NULL, NULL, NULL, NULL, NULL, NULL, NULL, NULL, 0, NULL),
(1307, NULL, '', '', '', '2000-01-01', '0000-00-00', '', '', '', NULL, NULL, NULL, NULL, NULL, NULL, NULL, NULL, 0, NULL),
(1308, NULL, '', '', '', '2000-01-01', '0000-00-00', '', '', '', NULL, NULL, NULL, NULL, NULL, NULL, NULL, NULL, 0, NULL),
(1309, NULL, '', '', '', '2000-01-01', '0000-00-00', '', '', '', NULL, NULL, NULL, NULL, NULL, NULL, NULL, NULL, 0, NULL),
(1310, NULL, '', '', '', '2000-01-01', '0000-00-00', '', '', '', NULL, NULL, NULL, NULL, NULL, NULL, NULL, NULL, 0, NULL),
(1311, NULL, '', '', '', '2000-01-01', '0000-00-00', '', '', '', NULL, NULL, NULL, NULL, NULL, NULL, NULL, NULL, 0, NULL),
(1312, NULL, '', '', '', '2000-01-01', '0000-00-00', '', '', '', NULL, NULL, NULL, NULL, NULL, NULL, NULL, NULL, 0, NULL),
(1313, NULL, '', '', '', '2000-01-01', '0000-00-00', '', '', '', NULL, NULL, NULL, NULL, NULL, NULL, NULL, NULL, 0, NULL),
(1314, NULL, '', '', '', '2000-01-01', '0000-00-00', '', '', '', NULL, NULL, NULL, NULL, NULL, NULL, NULL, NULL, 0, NULL),
(1315, NULL, '', '', '', '2000-01-01', '0000-00-00', '', '', '', NULL, NULL, NULL, NULL, NULL, NULL, NULL, NULL, 0, NULL),
(1316, NULL, '', '', '', '2000-01-01', '0000-00-00', '', '', '', NULL, NULL, NULL, NULL, NULL, NULL, NULL, NULL, 0, NULL),
(1317, NULL, '', '', '', '2000-01-01', '0000-00-00', '', '', '', NULL, NULL, NULL, NULL, NULL, NULL, NULL, NULL, 0, NULL),
(1318, NULL, '', '', '', '2000-01-01', '0000-00-00', '', '', '', NULL, NULL, NULL, NULL, NULL, NULL, NULL, NULL, 0, NULL),
(1319, NULL, '', '', '', '2000-01-01', '0000-00-00', '', '', '', NULL, NULL, NULL, NULL, NULL, NULL, NULL, NULL, 0, NULL),
(1320, NULL, '', '', '', '2000-01-01', '0000-00-00', '', '', '', NULL, NULL, NULL, NULL, NULL, NULL, NULL, NULL, 0, NULL),
(1321, NULL, '', '', '', '2000-01-01', '0000-00-00', '', '', '', NULL, NULL, NULL, NULL, NULL, NULL, NULL, NULL, 0, NULL),
(1322, NULL, '', '', '', '2000-01-01', '0000-00-00', '', '', '', NULL, NULL, NULL, NULL, NULL, NULL, NULL, NULL, 0, NULL),
(1323, NULL, '', '', '', '2000-01-01', '0000-00-00', '', '', '', NULL, NULL, NULL, NULL, NULL, NULL, NULL, NULL, 0, NULL),
(1324, NULL, '', '', '', '2000-01-01', '0000-00-00', '', '', '', NULL, NULL, NULL, NULL, NULL, NULL, NULL, NULL, 0, NULL),
(1325, NULL, '', '', '', '2000-01-01', '0000-00-00', '', '', '', NULL, NULL, NULL, NULL, NULL, NULL, NULL, NULL, 0, NULL),
(1326, NULL, '', '', '', '2000-01-01', '0000-00-00', '', '', '', NULL, NULL, NULL, NULL, NULL, NULL, NULL, NULL, 0, NULL),
(1327, NULL, '', '', '', '2000-01-01', '0000-00-00', '', '', '', NULL, NULL, NULL, NULL, NULL, NULL, NULL, NULL, 0, NULL),
(1328, NULL, '', '', '', '2000-01-01', '0000-00-00', '', '', '', NULL, NULL, NULL, NULL, NULL, NULL, NULL, NULL, 0, NULL),
(1329, NULL, '', '', '', '2000-01-01', '0000-00-00', '', '', '', NULL, NULL, NULL, NULL, NULL, NULL, NULL, NULL, 0, NULL),
(1330, NULL, '', '', '', '2000-01-01', '0000-00-00', '', '', '', NULL, NULL, NULL, NULL, NULL, NULL, NULL, NULL, 0, NULL),
(1331, NULL, '', '', '', '2000-01-01', '0000-00-00', '', '', '', NULL, NULL, NULL, NULL, NULL, NULL, NULL, NULL, 0, NULL),
(1332, NULL, '', '', '', '2000-01-01', '0000-00-00', '', '', '', NULL, NULL, NULL, NULL, NULL, NULL, NULL, NULL, 0, NULL),
(1333, NULL, '', '', '', '2000-01-01', '0000-00-00', '', '', '', NULL, NULL, NULL, NULL, NULL, NULL, NULL, NULL, 0, NULL),
(1334, NULL, '', '', '', '2000-01-01', '0000-00-00', '', '', '', NULL, NULL, NULL, NULL, NULL, NULL, NULL, NULL, 0, NULL),
(1335, NULL, '', '', '', '2000-01-01', '0000-00-00', '', '', '', NULL, NULL, NULL, NULL, NULL, NULL, NULL, NULL, 0, NULL),
(1336, NULL, '', '', '', '2000-01-01', '0000-00-00', '', '', '', NULL, NULL, NULL, NULL, NULL, NULL, NULL, NULL, 0, NULL),
(1337, NULL, '', '', '', '2000-01-01', '0000-00-00', '', '', '', NULL, NULL, NULL, NULL, NULL, NULL, NULL, NULL, 0, NULL),
(1338, NULL, '', '', '', '2000-01-01', '0000-00-00', '', '', '', NULL, NULL, NULL, NULL, NULL, NULL, NULL, NULL, 0, NULL),
(1339, NULL, '', '', '', '2000-01-01', '0000-00-00', '', '', '', NULL, NULL, NULL, NULL, NULL, NULL, NULL, NULL, 0, NULL),
(1340, NULL, '', '', '', '2000-01-01', '0000-00-00', '', '', '', NULL, NULL, NULL, NULL, NULL, NULL, NULL, NULL, 0, NULL),
(1341, NULL, '', '', '', '2000-01-01', '0000-00-00', '', '', '', NULL, NULL, NULL, NULL, NULL, NULL, NULL, NULL, 0, NULL),
(1342, NULL, '', '', '', '2000-01-01', '0000-00-00', '', '', '', NULL, NULL, NULL, NULL, NULL, NULL, NULL, NULL, 0, NULL),
(1343, NULL, '', '', '', '2000-01-01', '0000-00-00', '', '', '', NULL, NULL, NULL, NULL, NULL, NULL, NULL, NULL, 0, NULL),
(1344, NULL, '', '', '', '2000-01-01', '0000-00-00', '', '', '', NULL, NULL, NULL, NULL, NULL, NULL, NULL, NULL, 0, NULL),
(1345, NULL, '', '', '', '2000-01-01', '0000-00-00', '', '', '', NULL, NULL, NULL, NULL, NULL, NULL, NULL, NULL, 0, NULL),
(1346, NULL, '', '', '', '2000-01-01', '0000-00-00', '', '', '', NULL, NULL, NULL, NULL, NULL, NULL, NULL, NULL, 0, NULL),
(1347, NULL, '', '', '', '2000-01-01', '0000-00-00', '', '', '', NULL, NULL, NULL, NULL, NULL, NULL, NULL, NULL, 0, NULL),
(1348, NULL, '', '', '', '2000-01-01', '0000-00-00', '', '', '', NULL, NULL, NULL, NULL, NULL, NULL, NULL, NULL, 0, NULL),
(1349, NULL, '', '', '', '2000-01-01', '0000-00-00', '', '', '', NULL, NULL, NULL, NULL, NULL, NULL, NULL, NULL, 0, NULL),
(1350, NULL, '', '', '', '2000-01-01', '0000-00-00', '', '', '', NULL, NULL, NULL, NULL, NULL, NULL, NULL, NULL, 0, NULL),
(1351, NULL, '', '', '', '2000-01-01', '0000-00-00', '', '', '', NULL, NULL, NULL, NULL, NULL, NULL, NULL, NULL, 0, NULL),
(1352, NULL, '', '', '', '2000-01-01', '0000-00-00', '', '', '', NULL, NULL, NULL, NULL, NULL, NULL, NULL, NULL, 0, NULL),
(1353, NULL, '', '', '', '2000-01-01', '0000-00-00', '', '', '', NULL, NULL, NULL, NULL, NULL, NULL, NULL, NULL, 0, NULL),
(1354, NULL, '', '', '', '2000-01-01', '0000-00-00', '', '', '', NULL, NULL, NULL, NULL, NULL, NULL, NULL, NULL, 0, NULL),
(1355, NULL, '', '', '', '2000-01-01', '0000-00-00', '', '', '', NULL, NULL, NULL, NULL, NULL, NULL, NULL, NULL, 0, NULL),
(1356, NULL, '', '', '', '2000-01-01', '0000-00-00', '', '', '', NULL, NULL, NULL, NULL, NULL, NULL, NULL, NULL, 0, NULL),
(1357, NULL, '', '', '', '2000-01-01', '0000-00-00', '', '', '', NULL, NULL, NULL, NULL, NULL, NULL, NULL, NULL, 0, NULL),
(1358, NULL, '', '', '', '2000-01-01', '0000-00-00', '', '', '', NULL, NULL, NULL, NULL, NULL, NULL, NULL, NULL, 0, NULL),
(1359, NULL, '', '', '', '2000-01-01', '0000-00-00', '', '', '', NULL, NULL, NULL, NULL, NULL, NULL, NULL, NULL, 0, NULL),
(1360, NULL, '', '', '', '2000-01-01', '0000-00-00', '', '', '', NULL, NULL, NULL, NULL, NULL, NULL, NULL, NULL, 0, NULL),
(1361, NULL, '', '', '', '2000-01-01', '0000-00-00', '', '', '', NULL, NULL, NULL, NULL, NULL, NULL, NULL, NULL, 0, NULL),
(1362, NULL, '', '', '', '2000-01-01', '0000-00-00', '', '', '', NULL, NULL, NULL, NULL, NULL, NULL, NULL, NULL, 0, NULL),
(1363, NULL, '', '', '', '2000-01-01', '0000-00-00', '', '', '', NULL, NULL, NULL, NULL, NULL, NULL, NULL, NULL, 0, NULL),
(1364, NULL, '', '', '', '2000-01-01', '0000-00-00', '', '', '', NULL, NULL, NULL, NULL, NULL, NULL, NULL, NULL, 0, NULL),
(1365, NULL, '', '', '', '2000-01-01', '0000-00-00', '', '', '', NULL, NULL, NULL, NULL, NULL, NULL, NULL, NULL, 0, NULL),
(1366, NULL, '', '', '', '2000-01-01', '0000-00-00', '', '', '', NULL, NULL, NULL, NULL, NULL, NULL, NULL, NULL, 0, NULL),
(1367, NULL, '', '', '', '2000-01-01', '0000-00-00', '', '', '', NULL, NULL, NULL, NULL, NULL, NULL, NULL, NULL, 0, NULL),
(1368, NULL, '', '', '', '2000-01-01', '0000-00-00', '', '', '', NULL, NULL, NULL, NULL, NULL, NULL, NULL, NULL, 0, NULL),
(1369, NULL, '', '', '', '2000-01-01', '0000-00-00', '', '', '', NULL, NULL, NULL, NULL, NULL, NULL, NULL, NULL, 0, NULL),
(1370, NULL, '', '', '', '2000-01-01', '0000-00-00', '', '', '', NULL, NULL, NULL, NULL, NULL, NULL, NULL, NULL, 0, NULL),
(1371, NULL, '', '', '', '2000-01-01', '0000-00-00', '', '', '', NULL, NULL, NULL, NULL, NULL, NULL, NULL, NULL, 0, NULL),
(1372, NULL, '', '', '', '2000-01-01', '0000-00-00', '', '', '', NULL, NULL, NULL, NULL, NULL, NULL, NULL, NULL, 0, NULL),
(1373, NULL, '', '', '', '2000-01-01', '0000-00-00', '', '', '', NULL, NULL, NULL, NULL, NULL, NULL, NULL, NULL, 0, NULL),
(1374, NULL, '', '', '', '2000-01-01', '0000-00-00', '', '', '', NULL, NULL, NULL, NULL, NULL, NULL, NULL, NULL, 0, NULL),
(1375, NULL, '', '', '', '2000-01-01', '0000-00-00', '', '', '', NULL, NULL, NULL, NULL, NULL, NULL, NULL, NULL, 0, NULL),
(1376, NULL, '', '', '', '2000-01-01', '0000-00-00', '', '', '', NULL, NULL, NULL, NULL, NULL, NULL, NULL, NULL, 0, NULL),
(1377, NULL, '', '', '', '2000-01-01', '0000-00-00', '', '', '', NULL, NULL, NULL, NULL, NULL, NULL, NULL, NULL, 0, NULL),
(1378, NULL, '', '', '', '2000-01-01', '0000-00-00', '', '', '', NULL, NULL, NULL, NULL, NULL, NULL, NULL, NULL, 0, NULL),
(1379, NULL, '', '', '', '2000-01-01', '0000-00-00', '', '', '', NULL, NULL, NULL, NULL, NULL, NULL, NULL, NULL, 0, NULL),
(1380, NULL, '', '', '', '2000-01-01', '0000-00-00', '', '', '', NULL, NULL, NULL, NULL, NULL, NULL, NULL, NULL, 0, NULL),
(1381, NULL, '', '', '', '2000-01-01', '0000-00-00', '', '', '', NULL, NULL, NULL, NULL, NULL, NULL, NULL, NULL, 0, NULL),
(1382, NULL, '', '', '', '2000-01-01', '0000-00-00', '', '', '', NULL, NULL, NULL, NULL, NULL, NULL, NULL, NULL, 0, NULL),
(1383, NULL, '', '', '', '2000-01-01', '0000-00-00', '', '', '', NULL, NULL, NULL, NULL, NULL, NULL, NULL, NULL, 0, NULL),
(1384, NULL, '', '', '', '2000-01-01', '0000-00-00', '', '', '', NULL, NULL, NULL, NULL, NULL, NULL, NULL, NULL, 0, NULL),
(1385, NULL, '', '', '', '2000-01-01', '0000-00-00', '', '', '', NULL, NULL, NULL, NULL, NULL, NULL, NULL, NULL, 0, NULL),
(1386, NULL, '', '', '', '2000-01-01', '0000-00-00', '', '', '', NULL, NULL, NULL, NULL, NULL, NULL, NULL, NULL, 0, NULL),
(1387, NULL, '', '', '', '2000-01-01', '0000-00-00', '', '', '', NULL, NULL, NULL, NULL, NULL, NULL, NULL, NULL, 0, NULL),
(1388, NULL, '', '', '', '2000-01-01', '0000-00-00', '', '', '', NULL, NULL, NULL, NULL, NULL, NULL, NULL, NULL, 0, NULL),
(1389, NULL, '', '', '', '2000-01-01', '0000-00-00', '', '', '', NULL, NULL, NULL, NULL, NULL, NULL, NULL, NULL, 0, NULL),
(1390, NULL, '', '', '', '2000-01-01', '0000-00-00', '', '', '', NULL, NULL, NULL, NULL, NULL, NULL, NULL, NULL, 0, NULL),
(1391, NULL, '', '', '', '2000-01-01', '0000-00-00', '', '', '', NULL, NULL, NULL, NULL, NULL, NULL, NULL, NULL, 0, NULL),
(1392, NULL, '', '', '', '2000-01-01', '0000-00-00', '', '', '', NULL, NULL, NULL, NULL, NULL, NULL, NULL, NULL, 0, NULL),
(1393, NULL, '', '', '', '2000-01-01', '0000-00-00', '', '', '', NULL, NULL, NULL, NULL, NULL, NULL, NULL, NULL, 0, NULL),
(1394, NULL, '', '', '', '2000-01-01', '0000-00-00', '', '', '', NULL, NULL, NULL, NULL, NULL, NULL, NULL, NULL, 0, NULL),
(1395, NULL, '', '', '', '2000-01-01', '0000-00-00', '', '', '', NULL, NULL, NULL, NULL, NULL, NULL, NULL, NULL, 0, NULL),
(1396, NULL, '', '', '', '2000-01-01', '0000-00-00', '', '', '', NULL, NULL, NULL, NULL, NULL, NULL, NULL, NULL, 0, NULL),
(1397, NULL, '', '', '', '2000-01-01', '0000-00-00', '', '', '', NULL, NULL, NULL, NULL, NULL, NULL, NULL, NULL, 0, NULL),
(1398, NULL, '', '', '', '2000-01-01', '0000-00-00', '', '', '', NULL, NULL, NULL, NULL, NULL, NULL, NULL, NULL, 0, NULL),
(1399, NULL, '', '', '', '2000-01-01', '0000-00-00', '', '', '', NULL, NULL, NULL, NULL, NULL, NULL, NULL, NULL, 0, NULL),
(1400, NULL, '', '', '', '2000-01-01', '0000-00-00', '', '', '', NULL, NULL, NULL, NULL, NULL, NULL, NULL, NULL, 0, NULL),
(1401, NULL, '', '', '', '2000-01-01', '0000-00-00', '', '', '', NULL, NULL, NULL, NULL, NULL, NULL, NULL, NULL, 0, NULL),
(1402, NULL, '', '', '', '2000-01-01', '0000-00-00', '', '', '', NULL, NULL, NULL, NULL, NULL, NULL, NULL, NULL, 0, NULL),
(1403, NULL, '', '', '', '2000-01-01', '0000-00-00', '', '', '', NULL, NULL, NULL, NULL, NULL, NULL, NULL, NULL, 0, NULL),
(1404, NULL, '', '', '', '2000-01-01', '0000-00-00', '', '', '', NULL, NULL, NULL, NULL, NULL, NULL, NULL, NULL, 0, NULL),
(1405, NULL, '', '', '', '2000-01-01', '0000-00-00', '', '', '', NULL, NULL, NULL, NULL, NULL, NULL, NULL, NULL, 0, NULL),
(1406, NULL, '', '', '', '2000-01-01', '0000-00-00', '', '', '', NULL, NULL, NULL, NULL, NULL, NULL, NULL, NULL, 0, NULL),
(1407, NULL, '', '', '', '2000-01-01', '0000-00-00', '', '', '', NULL, NULL, NULL, NULL, NULL, NULL, NULL, NULL, 0, NULL),
(1408, NULL, '', '', '', '2000-01-01', '0000-00-00', '', '', '', NULL, NULL, NULL, NULL, NULL, NULL, NULL, NULL, 0, NULL),
(1409, NULL, '', '', '', '2000-01-01', '0000-00-00', '', '', '', NULL, NULL, NULL, NULL, NULL, NULL, NULL, NULL, 0, NULL),
(1410, NULL, '', '', '', '2000-01-01', '0000-00-00', '', '', '', NULL, NULL, NULL, NULL, NULL, NULL, NULL, NULL, 0, NULL),
(1411, NULL, '', '', '', '2000-01-01', '0000-00-00', '', '', '', NULL, NULL, NULL, NULL, NULL, NULL, NULL, NULL, 0, NULL),
(1412, NULL, '', '', '', '2000-01-01', '0000-00-00', '', '', '', NULL, NULL, NULL, NULL, NULL, NULL, NULL, NULL, 0, NULL),
(1413, NULL, '', '', '', '2000-01-01', '0000-00-00', '', '', '', NULL, NULL, NULL, NULL, NULL, NULL, NULL, NULL, 0, NULL),
(1414, NULL, '', '', '', '2000-01-01', '0000-00-00', '', '', '', NULL, NULL, NULL, NULL, NULL, NULL, NULL, NULL, 0, NULL),
(1415, NULL, '', '', '', '2000-01-01', '0000-00-00', '', '', '', NULL, NULL, NULL, NULL, NULL, NULL, NULL, NULL, 0, NULL),
(1416, NULL, '', '', '', '2000-01-01', '0000-00-00', '', '', '', NULL, NULL, NULL, NULL, NULL, NULL, NULL, NULL, 0, NULL),
(1417, NULL, '', '', '', '2000-01-01', '0000-00-00', '', '', '', NULL, NULL, NULL, NULL, NULL, NULL, NULL, NULL, 0, NULL),
(1418, NULL, '', '', '', '2000-01-01', '0000-00-00', '', '', '', NULL, NULL, NULL, NULL, NULL, NULL, NULL, NULL, 0, NULL),
(1419, NULL, '', '', '', '2000-01-01', '0000-00-00', '', '', '', NULL, NULL, NULL, NULL, NULL, NULL, NULL, NULL, 0, NULL),
(1420, NULL, '', '', '', '2000-01-01', '0000-00-00', '', '', '', NULL, NULL, NULL, NULL, NULL, NULL, NULL, NULL, 0, NULL),
(1421, NULL, '', '', '', '2000-01-01', '0000-00-00', '', '', '', NULL, NULL, NULL, NULL, NULL, NULL, NULL, NULL, 0, NULL),
(1422, NULL, '', '', '', '2000-01-01', '0000-00-00', '', '', '', NULL, NULL, NULL, NULL, NULL, NULL, NULL, NULL, 0, NULL),
(1423, NULL, '', '', '', '2000-01-01', '0000-00-00', '', '', '', NULL, NULL, NULL, NULL, NULL, NULL, NULL, NULL, 0, NULL),
(1424, NULL, '', '', '', '2000-01-01', '0000-00-00', '', '', '', NULL, NULL, NULL, NULL, NULL, NULL, NULL, NULL, 0, NULL),
(1425, NULL, '', '', '', '2000-01-01', '0000-00-00', '', '', '', NULL, NULL, NULL, NULL, NULL, NULL, NULL, NULL, 0, NULL),
(1426, NULL, '', '', '', '2000-01-01', '0000-00-00', '', '', '', NULL, NULL, NULL, NULL, NULL, NULL, NULL, NULL, 0, NULL),
(1427, NULL, '', '', '', '2000-01-01', '0000-00-00', '', '', '', NULL, NULL, NULL, NULL, NULL, NULL, NULL, NULL, 0, NULL),
(1428, NULL, '', '', '', '2000-01-01', '0000-00-00', '', '', '', NULL, NULL, NULL, NULL, NULL, NULL, NULL, NULL, 0, NULL),
(1429, NULL, '', '', '', '2000-01-01', '0000-00-00', '', '', '', NULL, NULL, NULL, NULL, NULL, NULL, NULL, NULL, 0, NULL),
(1430, NULL, '', '', '', '2000-01-01', '0000-00-00', '', '', '', NULL, NULL, NULL, NULL, NULL, NULL, NULL, NULL, 0, NULL),
(1431, NULL, '', '', '', '2000-01-01', '0000-00-00', '', '', '', NULL, NULL, NULL, NULL, NULL, NULL, NULL, NULL, 0, NULL),
(1432, NULL, '', '', '', '2000-01-01', '0000-00-00', '', '', '', NULL, NULL, NULL, NULL, NULL, NULL, NULL, NULL, 0, NULL),
(1433, NULL, '', '', '', '2000-01-01', '0000-00-00', '', '', '', NULL, NULL, NULL, NULL, NULL, NULL, NULL, NULL, 0, NULL),
(1434, NULL, '', '', '', '2000-01-01', '0000-00-00', '', '', '', NULL, NULL, NULL, NULL, NULL, NULL, NULL, NULL, 0, NULL),
(1435, NULL, '', '', '', '2000-01-01', '0000-00-00', '', '', '', NULL, NULL, NULL, NULL, NULL, NULL, NULL, NULL, 0, NULL),
(1436, NULL, '', '', '', '2000-01-01', '0000-00-00', '', '', '', NULL, NULL, NULL, NULL, NULL, NULL, NULL, NULL, 0, NULL),
(1437, NULL, '', '', '', '2000-01-01', '0000-00-00', '', '', '', NULL, NULL, NULL, NULL, NULL, NULL, NULL, NULL, 0, NULL),
(1438, NULL, '', '', '', '2000-01-01', '0000-00-00', '', '', '', NULL, NULL, NULL, NULL, NULL, NULL, NULL, NULL, 0, NULL),
(1439, NULL, '', '', '', '2000-01-01', '0000-00-00', '', '', '', NULL, NULL, NULL, NULL, NULL, NULL, NULL, NULL, 0, NULL),
(1440, NULL, '', '', '', '2000-01-01', '0000-00-00', '', '', '', NULL, NULL, NULL, NULL, NULL, NULL, NULL, NULL, 0, NULL),
(1441, NULL, '', '', '', '2000-01-01', '0000-00-00', '', '', '', NULL, NULL, NULL, NULL, NULL, NULL, NULL, NULL, 0, NULL),
(1442, NULL, '', '', '', '2000-01-01', '0000-00-00', '', '', '', NULL, NULL, NULL, NULL, NULL, NULL, NULL, NULL, 0, NULL),
(1443, NULL, '', '', '', '2000-01-01', '0000-00-00', '', '', '', NULL, NULL, NULL, NULL, NULL, NULL, NULL, NULL, 0, NULL),
(1444, NULL, '', '', '', '2000-01-01', '0000-00-00', '', '', '', NULL, NULL, NULL, NULL, NULL, NULL, NULL, NULL, 0, NULL),
(1445, NULL, '', '', '', '2000-01-01', '0000-00-00', '', '', '', NULL, NULL, NULL, NULL, NULL, NULL, NULL, NULL, 0, NULL),
(1446, NULL, '', '', '', '2000-01-01', '0000-00-00', '', '', '', NULL, NULL, NULL, NULL, NULL, NULL, NULL, NULL, 0, NULL),
(1447, NULL, '', '', '', '2000-01-01', '0000-00-00', '', '', '', NULL, NULL, NULL, NULL, NULL, NULL, NULL, NULL, 0, NULL),
(1448, NULL, '', '', '', '2000-01-01', '0000-00-00', '', '', '', NULL, NULL, NULL, NULL, NULL, NULL, NULL, NULL, 0, NULL),
(1449, NULL, '', '', '', '2000-01-01', '0000-00-00', '', '', '', NULL, NULL, NULL, NULL, NULL, NULL, NULL, NULL, 0, NULL),
(1450, NULL, '', '', '', '2000-01-01', '0000-00-00', '', '', '', NULL, NULL, NULL, NULL, NULL, NULL, NULL, NULL, 0, NULL),
(1451, NULL, '', '', '', '2000-01-01', '0000-00-00', '', '', '', NULL, NULL, NULL, NULL, NULL, NULL, NULL, NULL, 0, NULL),
(1452, NULL, '', '', '', '2000-01-01', '0000-00-00', '', '', '', NULL, NULL, NULL, NULL, NULL, NULL, NULL, NULL, 0, NULL),
(1453, NULL, '', '', '', '2000-01-01', '0000-00-00', '', '', '', NULL, NULL, NULL, NULL, NULL, NULL, NULL, NULL, 0, NULL),
(1454, NULL, '', '', '', '2000-01-01', '0000-00-00', '', '', '', NULL, NULL, NULL, NULL, NULL, NULL, NULL, NULL, 0, NULL),
(1455, NULL, '', '', '', '2000-01-01', '0000-00-00', '', '', '', NULL, NULL, NULL, NULL, NULL, NULL, NULL, NULL, 0, NULL),
(1456, NULL, '', '', '', '2000-01-01', '0000-00-00', '', '', '', NULL, NULL, NULL, NULL, NULL, NULL, NULL, NULL, 0, NULL),
(1457, NULL, '', '', '', '2000-01-01', '0000-00-00', '', '', '', NULL, NULL, NULL, NULL, NULL, NULL, NULL, NULL, 0, NULL),
(1458, NULL, '', '', '', '2000-01-01', '0000-00-00', '', '', '', NULL, NULL, NULL, NULL, NULL, NULL, NULL, NULL, 0, NULL),
(1459, NULL, '', '', '', '2000-01-01', '0000-00-00', '', '', '', NULL, NULL, NULL, NULL, NULL, NULL, NULL, NULL, 0, NULL),
(1460, NULL, '', '', '', '2000-01-01', '0000-00-00', '', '', '', NULL, NULL, NULL, NULL, NULL, NULL, NULL, NULL, 0, NULL),
(1461, NULL, '', '', '', '2000-01-01', '0000-00-00', '', '', '', NULL, NULL, NULL, NULL, NULL, NULL, NULL, NULL, 0, NULL),
(1462, NULL, '', '', '', '2000-01-01', '0000-00-00', '', '', '', NULL, NULL, NULL, NULL, NULL, NULL, NULL, NULL, 0, NULL),
(1463, NULL, '', '', '', '2000-01-01', '0000-00-00', '', '', '', NULL, NULL, NULL, NULL, NULL, NULL, NULL, NULL, 0, NULL),
(1464, NULL, '', '', '', '2000-01-01', '0000-00-00', '', '', '', NULL, NULL, NULL, NULL, NULL, NULL, NULL, NULL, 0, NULL),
(1465, NULL, '', '', '', '2000-01-01', '0000-00-00', '', '', '', NULL, NULL, NULL, NULL, NULL, NULL, NULL, NULL, 0, NULL),
(1466, NULL, '', '', '', '2000-01-01', '0000-00-00', '', '', '', NULL, NULL, NULL, NULL, NULL, NULL, NULL, NULL, 0, NULL),
(1467, NULL, '', '', '', '2000-01-01', '0000-00-00', '', '', '', NULL, NULL, NULL, NULL, NULL, NULL, NULL, NULL, 0, NULL),
(1468, NULL, '', '', '', '2000-01-01', '0000-00-00', '', '', '', NULL, NULL, NULL, NULL, NULL, NULL, NULL, NULL, 0, NULL),
(1469, NULL, '', '', '', '2000-01-01', '0000-00-00', '', '', '', NULL, NULL, NULL, NULL, NULL, NULL, NULL, NULL, 0, NULL),
(1470, NULL, '', '', '', '2000-01-01', '0000-00-00', '', '', '', NULL, NULL, NULL, NULL, NULL, NULL, NULL, NULL, 0, NULL),
(1471, NULL, '', '', '', '2000-01-01', '0000-00-00', '', '', '', NULL, NULL, NULL, NULL, NULL, NULL, NULL, NULL, 0, NULL),
(1472, NULL, '', '', '', '2000-01-01', '0000-00-00', '', '', '', NULL, NULL, NULL, NULL, NULL, NULL, NULL, NULL, 0, NULL),
(1473, NULL, '', '', '', '2000-01-01', '0000-00-00', '', '', '', NULL, NULL, NULL, NULL, NULL, NULL, NULL, NULL, 0, NULL),
(1474, NULL, '', '', '', '2000-01-01', '0000-00-00', '', '', '', NULL, NULL, NULL, NULL, NULL, NULL, NULL, NULL, 0, NULL),
(1475, NULL, '', '', '', '2000-01-01', '0000-00-00', '', '', '', NULL, NULL, NULL, NULL, NULL, NULL, NULL, NULL, 0, NULL),
(1476, NULL, '', '', '', '2000-01-01', '0000-00-00', '', '', '', NULL, NULL, NULL, NULL, NULL, NULL, NULL, NULL, 0, NULL),
(1477, NULL, '', '', '', '2000-01-01', '0000-00-00', '', '', '', NULL, NULL, NULL, NULL, NULL, NULL, NULL, NULL, 0, NULL),
(1478, NULL, '', '', '', '2000-01-01', '0000-00-00', '', '', '', NULL, NULL, NULL, NULL, NULL, NULL, NULL, NULL, 0, NULL),
(1479, NULL, '', '', '', '2000-01-01', '0000-00-00', '', '', '', NULL, NULL, NULL, NULL, NULL, NULL, NULL, NULL, 0, NULL),
(1480, NULL, '', '', '', '2000-01-01', '0000-00-00', '', '', '', NULL, NULL, NULL, NULL, NULL, NULL, NULL, NULL, 0, NULL),
(1481, NULL, '', '', '', '2000-01-01', '0000-00-00', '', '', '', NULL, NULL, NULL, NULL, NULL, NULL, NULL, NULL, 0, NULL),
(1482, NULL, '', '', '', '2000-01-01', '0000-00-00', '', '', '', NULL, NULL, NULL, NULL, NULL, NULL, NULL, NULL, 0, NULL),
(1483, NULL, '', '', '', '2000-01-01', '0000-00-00', '', '', '', NULL, NULL, NULL, NULL, NULL, NULL, NULL, NULL, 0, NULL),
(1484, NULL, '', '', '', '2000-01-01', '0000-00-00', '', '', '', NULL, NULL, NULL, NULL, NULL, NULL, NULL, NULL, 0, NULL),
(1485, NULL, '', '', '', '2000-01-01', '0000-00-00', '', '', '', NULL, NULL, NULL, NULL, NULL, NULL, NULL, NULL, 0, NULL),
(1486, NULL, '', '', '', '2000-01-01', '0000-00-00', '', '', '', NULL, NULL, NULL, NULL, NULL, NULL, NULL, NULL, 0, NULL),
(1487, NULL, '', '', '', '2000-01-01', '0000-00-00', '', '', '', NULL, NULL, NULL, NULL, NULL, NULL, NULL, NULL, 0, NULL),
(1488, NULL, '', '', '', '2000-01-01', '0000-00-00', '', '', '', NULL, NULL, NULL, NULL, NULL, NULL, NULL, NULL, 0, NULL),
(1489, NULL, '', '', '', '2000-01-01', '0000-00-00', '', '', '', NULL, NULL, NULL, NULL, NULL, NULL, NULL, NULL, 0, NULL),
(1490, NULL, '', '', '', '2000-01-01', '0000-00-00', '', '', '', NULL, NULL, NULL, NULL, NULL, NULL, NULL, NULL, 0, NULL),
(1491, NULL, '', '', '', '2000-01-01', '0000-00-00', '', '', '', NULL, NULL, NULL, NULL, NULL, NULL, NULL, NULL, 0, NULL),
(1492, NULL, '', '', '', '2000-01-01', '0000-00-00', '', '', '', NULL, NULL, NULL, NULL, NULL, NULL, NULL, NULL, 0, NULL),
(1493, NULL, '', '', '', '2000-01-01', '0000-00-00', '', '', '', NULL, NULL, NULL, NULL, NULL, NULL, NULL, NULL, 0, NULL),
(1494, NULL, '', '', '', '2000-01-01', '0000-00-00', '', '', '', NULL, NULL, NULL, NULL, NULL, NULL, NULL, NULL, 0, NULL),
(1495, NULL, '', '', '', '2000-01-01', '0000-00-00', '', '', '', NULL, NULL, NULL, NULL, NULL, NULL, NULL, NULL, 0, NULL),
(1496, NULL, '', '', '', '2000-01-01', '0000-00-00', '', '', '', NULL, NULL, NULL, NULL, NULL, NULL, NULL, NULL, 0, NULL),
(1497, NULL, '', '', '', '2000-01-01', '0000-00-00', '', '', '', NULL, NULL, NULL, NULL, NULL, NULL, NULL, NULL, 0, NULL),
(1498, NULL, '', '', '', '2000-01-01', '0000-00-00', '', '', '', NULL, NULL, NULL, NULL, NULL, NULL, NULL, NULL, 0, NULL),
(1499, NULL, '', '', '', '2000-01-01', '0000-00-00', '', '', '', NULL, NULL, NULL, NULL, NULL, NULL, NULL, NULL, 0, NULL),
(1500, NULL, '', '', '', '2000-01-01', '0000-00-00', '', '', '', NULL, NULL, NULL, NULL, NULL, NULL, NULL, NULL, 0, NULL),
(1501, NULL, '', '', '', '2000-01-01', '0000-00-00', '', '', '', NULL, NULL, NULL, NULL, NULL, NULL, NULL, NULL, 0, NULL),
(1502, NULL, '', '', '', '2000-01-01', '0000-00-00', '', '', '', NULL, NULL, NULL, NULL, NULL, NULL, NULL, NULL, 0, NULL),
(1503, NULL, '', '', '', '2000-01-01', '0000-00-00', '', '', '', NULL, NULL, NULL, NULL, NULL, NULL, NULL, NULL, 0, NULL),
(1504, NULL, '', '', '', '2000-01-01', '0000-00-00', '', '', '', NULL, NULL, NULL, NULL, NULL, NULL, NULL, NULL, 0, NULL),
(1505, NULL, '', '', '', '2000-01-01', '0000-00-00', '', '', '', NULL, NULL, NULL, NULL, NULL, NULL, NULL, NULL, 0, NULL),
(1506, NULL, '', '', '', '2000-01-01', '0000-00-00', '', '', '', NULL, NULL, NULL, NULL, NULL, NULL, NULL, NULL, 0, NULL),
(1507, NULL, '', '', '', '2000-01-01', '0000-00-00', '', '', '', NULL, NULL, NULL, NULL, NULL, NULL, NULL, NULL, 0, NULL),
(1508, NULL, '', '', '', '2000-01-01', '0000-00-00', '', '', '', NULL, NULL, NULL, NULL, NULL, NULL, NULL, NULL, 0, NULL),
(1509, NULL, '', '', '', '2000-01-01', '0000-00-00', '', '', '', NULL, NULL, NULL, NULL, NULL, NULL, NULL, NULL, 0, NULL),
(1510, NULL, '', '', '', '2000-01-01', '0000-00-00', '', '', '', NULL, NULL, NULL, NULL, NULL, NULL, NULL, NULL, 0, NULL),
(1511, NULL, '', '', '', '2000-01-01', '0000-00-00', '', '', '', NULL, NULL, NULL, NULL, NULL, NULL, NULL, NULL, 0, NULL),
(1512, NULL, '', '', '', '2000-01-01', '0000-00-00', '', '', '', NULL, NULL, NULL, NULL, NULL, NULL, NULL, NULL, 0, NULL),
(1513, NULL, '', '', '', '2000-01-01', '0000-00-00', '', '', '', NULL, NULL, NULL, NULL, NULL, NULL, NULL, NULL, 0, NULL),
(1514, NULL, '', '', '', '2000-01-01', '0000-00-00', '', '', '', NULL, NULL, NULL, NULL, NULL, NULL, NULL, NULL, 0, NULL),
(1515, NULL, '', '', '', '2000-01-01', '0000-00-00', '', '', '', NULL, NULL, NULL, NULL, NULL, NULL, NULL, NULL, 0, NULL),
(1516, NULL, '', '', '', '2000-01-01', '0000-00-00', '', '', '', NULL, NULL, NULL, NULL, NULL, NULL, NULL, NULL, 0, NULL),
(1517, NULL, '', '', '', '2000-01-01', '0000-00-00', '', '', '', NULL, NULL, NULL, NULL, NULL, NULL, NULL, NULL, 0, NULL),
(1518, NULL, '', '', '', '2000-01-01', '0000-00-00', '', '', '', NULL, NULL, NULL, NULL, NULL, NULL, NULL, NULL, 0, NULL),
(1519, NULL, '', '', '', '2000-01-01', '0000-00-00', '', '', '', NULL, NULL, NULL, NULL, NULL, NULL, NULL, NULL, 0, NULL),
(1520, NULL, '', '', '', '2000-01-01', '0000-00-00', '', '', '', NULL, NULL, NULL, NULL, NULL, NULL, NULL, NULL, 0, NULL),
(1521, NULL, '', '', '', '2000-01-01', '0000-00-00', '', '', '', NULL, NULL, NULL, NULL, NULL, NULL, NULL, NULL, 0, NULL),
(1522, NULL, '', '', '', '2000-01-01', '0000-00-00', '', '', '', NULL, NULL, NULL, NULL, NULL, NULL, NULL, NULL, 0, NULL),
(1523, NULL, '', '', '', '2000-01-01', '0000-00-00', '', '', '', NULL, NULL, NULL, NULL, NULL, NULL, NULL, NULL, 0, NULL),
(1524, NULL, '', '', '', '2000-01-01', '0000-00-00', '', '', '', NULL, NULL, NULL, NULL, NULL, NULL, NULL, NULL, 0, NULL),
(1525, NULL, '', '', '', '2000-01-01', '0000-00-00', '', '', '', NULL, NULL, NULL, NULL, NULL, NULL, NULL, NULL, 0, NULL),
(1526, NULL, '', '', '', '2000-01-01', '0000-00-00', '', '', '', NULL, NULL, NULL, NULL, NULL, NULL, NULL, NULL, 0, NULL),
(1527, NULL, '', '', '', '2000-01-01', '0000-00-00', '', '', '', NULL, NULL, NULL, NULL, NULL, NULL, NULL, NULL, 0, NULL),
(1528, NULL, '', '', '', '2000-01-01', '0000-00-00', '', '', '', NULL, NULL, NULL, NULL, NULL, NULL, NULL, NULL, 0, NULL),
(1529, NULL, '', '', '', '2000-01-01', '0000-00-00', '', '', '', NULL, NULL, NULL, NULL, NULL, NULL, NULL, NULL, 0, NULL),
(1530, NULL, '', '', '', '2000-01-01', '0000-00-00', '', '', '', NULL, NULL, NULL, NULL, NULL, NULL, NULL, NULL, 0, NULL),
(1531, NULL, '', '', '', '2000-01-01', '0000-00-00', '', '', '', NULL, NULL, NULL, NULL, NULL, NULL, NULL, NULL, 0, NULL),
(1532, NULL, '', '', '', '2000-01-01', '0000-00-00', '', '', '', NULL, NULL, NULL, NULL, NULL, NULL, NULL, NULL, 0, NULL),
(1533, NULL, '', '', '', '2000-01-01', '0000-00-00', '', '', '', NULL, NULL, NULL, NULL, NULL, NULL, NULL, NULL, 0, NULL),
(1534, NULL, '', '', '', '2000-01-01', '0000-00-00', '', '', '', NULL, NULL, NULL, NULL, NULL, NULL, NULL, NULL, 0, NULL),
(1535, NULL, '', '', '', '2000-01-01', '0000-00-00', '', '', '', NULL, NULL, NULL, NULL, NULL, NULL, NULL, NULL, 0, NULL),
(1536, NULL, '', '', '', '2000-01-01', '0000-00-00', '', '', '', NULL, NULL, NULL, NULL, NULL, NULL, NULL, NULL, 0, NULL),
(1537, NULL, '', '', '', '2000-01-01', '0000-00-00', '', '', '', NULL, NULL, NULL, NULL, NULL, NULL, NULL, NULL, 0, NULL),
(1538, NULL, '', '', '', '2000-01-01', '0000-00-00', '', '', '', NULL, NULL, NULL, NULL, NULL, NULL, NULL, NULL, 0, NULL),
(1539, NULL, '', '', '', '2000-01-01', '0000-00-00', '', '', '', NULL, NULL, NULL, NULL, NULL, NULL, NULL, NULL, 0, NULL),
(1540, NULL, '', '', '', '2000-01-01', '0000-00-00', '', '', '', NULL, NULL, NULL, NULL, NULL, NULL, NULL, NULL, 0, NULL),
(1541, NULL, '', '', '', '2000-01-01', '0000-00-00', '', '', '', NULL, NULL, NULL, NULL, NULL, NULL, NULL, NULL, 0, NULL),
(1542, NULL, '', '', '', '2000-01-01', '0000-00-00', '', '', '', NULL, NULL, NULL, NULL, NULL, NULL, NULL, NULL, 0, NULL),
(1543, NULL, '', '', '', '2000-01-01', '0000-00-00', '', '', '', NULL, NULL, NULL, NULL, NULL, NULL, NULL, NULL, 0, NULL),
(1544, NULL, '', '', '', '2000-01-01', '0000-00-00', '', '', '', NULL, NULL, NULL, NULL, NULL, NULL, NULL, NULL, 0, NULL),
(1545, NULL, '', '', '', '2000-01-01', '0000-00-00', '', '', '', NULL, NULL, NULL, NULL, NULL, NULL, NULL, NULL, 0, NULL),
(1546, NULL, '', '', '', '2000-01-01', '0000-00-00', '', '', '', NULL, NULL, NULL, NULL, NULL, NULL, NULL, NULL, 0, NULL),
(1547, NULL, '', '', '', '2000-01-01', '0000-00-00', '', '', '', NULL, NULL, NULL, NULL, NULL, NULL, NULL, NULL, 0, NULL),
(1548, NULL, '', '', '', '2000-01-01', '0000-00-00', '', '', '', NULL, NULL, NULL, NULL, NULL, NULL, NULL, NULL, 0, NULL),
(1549, NULL, '', '', '', '2000-01-01', '0000-00-00', '', '', '', NULL, NULL, NULL, NULL, NULL, NULL, NULL, NULL, 0, NULL),
(1550, NULL, '', '', '', '2000-01-01', '0000-00-00', '', '', '', NULL, NULL, NULL, NULL, NULL, NULL, NULL, NULL, 0, NULL),
(1551, NULL, '', '', '', '2000-01-01', '0000-00-00', '', '', '', NULL, NULL, NULL, NULL, NULL, NULL, NULL, NULL, 0, NULL),
(1552, NULL, '', '', '', '2000-01-01', '0000-00-00', '', '', '', NULL, NULL, NULL, NULL, NULL, NULL, NULL, NULL, 0, NULL),
(1553, NULL, '', '', '', '2000-01-01', '0000-00-00', '', '', '', NULL, NULL, NULL, NULL, NULL, NULL, NULL, NULL, 0, NULL),
(1554, NULL, '', '', '', '2000-01-01', '0000-00-00', '', '', '', NULL, NULL, NULL, NULL, NULL, NULL, NULL, NULL, 0, NULL),
(1555, NULL, '', '', '', '2000-01-01', '0000-00-00', '', '', '', NULL, NULL, NULL, NULL, NULL, NULL, NULL, NULL, 0, NULL),
(1556, NULL, '', '', '', '2000-01-01', '0000-00-00', '', '', '', NULL, NULL, NULL, NULL, NULL, NULL, NULL, NULL, 0, NULL),
(1557, NULL, '', '', '', '2000-01-01', '0000-00-00', '', '', '', NULL, NULL, NULL, NULL, NULL, NULL, NULL, NULL, 0, NULL),
(1558, NULL, '', '', '', '2000-01-01', '0000-00-00', '', '', '', NULL, NULL, NULL, NULL, NULL, NULL, NULL, NULL, 0, NULL),
(1559, NULL, '', '', '', '2000-01-01', '0000-00-00', '', '', '', NULL, NULL, NULL, NULL, NULL, NULL, NULL, NULL, 0, NULL),
(1560, NULL, '', '', '', '2000-01-01', '0000-00-00', '', '', '', NULL, NULL, NULL, NULL, NULL, NULL, NULL, NULL, 0, NULL),
(1561, NULL, '', '', '', '2000-01-01', '0000-00-00', '', '', '', NULL, NULL, NULL, NULL, NULL, NULL, NULL, NULL, 0, NULL),
(1562, NULL, '', '', '', '2000-01-01', '0000-00-00', '', '', '', NULL, NULL, NULL, NULL, NULL, NULL, NULL, NULL, 0, NULL),
(1563, NULL, '', '', '', '2000-01-01', '0000-00-00', '', '', '', NULL, NULL, NULL, NULL, NULL, NULL, NULL, NULL, 0, NULL),
(1564, NULL, '', '', '', '2000-01-01', '0000-00-00', '', '', '', NULL, NULL, NULL, NULL, NULL, NULL, NULL, NULL, 0, NULL),
(1565, NULL, '', '', '', '2000-01-01', '0000-00-00', '', '', '', NULL, NULL, NULL, NULL, NULL, NULL, NULL, NULL, 0, NULL),
(1566, NULL, '', '', '', '2000-01-01', '0000-00-00', '', '', '', NULL, NULL, NULL, NULL, NULL, NULL, NULL, NULL, 0, NULL),
(1567, NULL, '', '', '', '2000-01-01', '0000-00-00', '', '', '', NULL, NULL, NULL, NULL, NULL, NULL, NULL, NULL, 0, NULL),
(1568, NULL, '', '', '', '2000-01-01', '0000-00-00', '', '', '', NULL, NULL, NULL, NULL, NULL, NULL, NULL, NULL, 0, NULL),
(1569, NULL, '', '', '', '2000-01-01', '0000-00-00', '', '', '', NULL, NULL, NULL, NULL, NULL, NULL, NULL, NULL, 0, NULL),
(1570, NULL, '', '', '', '2000-01-01', '0000-00-00', '', '', '', NULL, NULL, NULL, NULL, NULL, NULL, NULL, NULL, 0, NULL),
(1571, NULL, '', '', '', '2000-01-01', '0000-00-00', '', '', '', NULL, NULL, NULL, NULL, NULL, NULL, NULL, NULL, 0, NULL),
(1572, NULL, '', '', '', '2000-01-01', '0000-00-00', '', '', '', NULL, NULL, NULL, NULL, NULL, NULL, NULL, NULL, 0, NULL),
(1573, NULL, '', '', '', '2000-01-01', '0000-00-00', '', '', '', NULL, NULL, NULL, NULL, NULL, NULL, NULL, NULL, 0, NULL),
(1574, NULL, '', '', '', '2000-01-01', '0000-00-00', '', '', '', NULL, NULL, NULL, NULL, NULL, NULL, NULL, NULL, 0, NULL),
(1575, NULL, '', '', '', '2000-01-01', '0000-00-00', '', '', '', NULL, NULL, NULL, NULL, NULL, NULL, NULL, NULL, 0, NULL),
(1576, NULL, '', '', '', '2000-01-01', '0000-00-00', '', '', '', NULL, NULL, NULL, NULL, NULL, NULL, NULL, NULL, 0, NULL),
(1577, NULL, '', '', '', '2000-01-01', '0000-00-00', '', '', '', NULL, NULL, NULL, NULL, NULL, NULL, NULL, NULL, 0, NULL),
(1578, NULL, '', '', '', '2000-01-01', '0000-00-00', '', '', '', NULL, NULL, NULL, NULL, NULL, NULL, NULL, NULL, 0, NULL),
(1579, NULL, '', '', '', '2000-01-01', '0000-00-00', '', '', '', NULL, NULL, NULL, NULL, NULL, NULL, NULL, NULL, 0, NULL),
(1580, NULL, '', '', '', '2000-01-01', '0000-00-00', '', '', '', NULL, NULL, NULL, NULL, NULL, NULL, NULL, NULL, 0, NULL),
(1581, NULL, '', '', '', '2000-01-01', '0000-00-00', '', '', '', NULL, NULL, NULL, NULL, NULL, NULL, NULL, NULL, 0, NULL),
(1582, NULL, '', '', '', '2000-01-01', '0000-00-00', '', '', '', NULL, NULL, NULL, NULL, NULL, NULL, NULL, NULL, 0, NULL),
(1583, NULL, '', '', '', '2000-01-01', '0000-00-00', '', '', '', NULL, NULL, NULL, NULL, NULL, NULL, NULL, NULL, 0, NULL),
(1584, NULL, '', '', '', '2000-01-01', '0000-00-00', '', '', '', NULL, NULL, NULL, NULL, NULL, NULL, NULL, NULL, 0, NULL),
(1585, NULL, '', '', '', '2000-01-01', '0000-00-00', '', '', '', NULL, NULL, NULL, NULL, NULL, NULL, NULL, NULL, 0, NULL),
(1586, NULL, '', '', '', '2000-01-01', '0000-00-00', '', '', '', NULL, NULL, NULL, NULL, NULL, NULL, NULL, NULL, 0, NULL),
(1587, NULL, '', '', '', '2000-01-01', '0000-00-00', '', '', '', NULL, NULL, NULL, NULL, NULL, NULL, NULL, NULL, 0, NULL),
(1588, NULL, '', '', '', '2000-01-01', '0000-00-00', '', '', '', NULL, NULL, NULL, NULL, NULL, NULL, NULL, NULL, 0, NULL),
(1589, NULL, '', '', '', '2000-01-01', '0000-00-00', '', '', '', NULL, NULL, NULL, NULL, NULL, NULL, NULL, NULL, 0, NULL),
(1590, NULL, '', '', '', '2000-01-01', '0000-00-00', '', '', '', NULL, NULL, NULL, NULL, NULL, NULL, NULL, NULL, 0, NULL),
(1591, NULL, '', '', '', '2000-01-01', '0000-00-00', '', '', '', NULL, NULL, NULL, NULL, NULL, NULL, NULL, NULL, 0, NULL),
(1592, NULL, '', '', '', '2000-01-01', '0000-00-00', '', '', '', NULL, NULL, NULL, NULL, NULL, NULL, NULL, NULL, 0, NULL),
(1593, NULL, '', '', '', '2000-01-01', '0000-00-00', '', '', '', NULL, NULL, NULL, NULL, NULL, NULL, NULL, NULL, 0, NULL),
(1594, NULL, '', '', '', '2000-01-01', '0000-00-00', '', '', '', NULL, NULL, NULL, NULL, NULL, NULL, NULL, NULL, 0, NULL),
(1595, NULL, '', '', '', '2000-01-01', '0000-00-00', '', '', '', NULL, NULL, NULL, NULL, NULL, NULL, NULL, NULL, 0, NULL),
(1596, NULL, '', '', '', '2000-01-01', '0000-00-00', '', '', '', NULL, NULL, NULL, NULL, NULL, NULL, NULL, NULL, 0, NULL),
(1597, NULL, '', '', '', '2000-01-01', '0000-00-00', '', '', '', NULL, NULL, NULL, NULL, NULL, NULL, NULL, NULL, 0, NULL),
(1598, NULL, '', '', '', '2000-01-01', '0000-00-00', '', '', '', NULL, NULL, NULL, NULL, NULL, NULL, NULL, NULL, 0, NULL),
(1599, NULL, '', '', '', '2000-01-01', '0000-00-00', '', '', '', NULL, NULL, NULL, NULL, NULL, NULL, NULL, NULL, 0, NULL),
(1600, NULL, '', '', '', '2000-01-01', '0000-00-00', '', '', '', NULL, NULL, NULL, NULL, NULL, NULL, NULL, NULL, 0, NULL),
(1601, NULL, '', '', '', '2000-01-01', '0000-00-00', '', '', '', NULL, NULL, NULL, NULL, NULL, NULL, NULL, NULL, 0, NULL),
(1602, NULL, '', '', '', '2000-01-01', '0000-00-00', '', '', '', NULL, NULL, NULL, NULL, NULL, NULL, NULL, NULL, 0, NULL),
(1603, NULL, '', '', '', '2000-01-01', '0000-00-00', '', '', '', NULL, NULL, NULL, NULL, NULL, NULL, NULL, NULL, 0, NULL),
(1604, NULL, '', '', '', '2000-01-01', '0000-00-00', '', '', '', NULL, NULL, NULL, NULL, NULL, NULL, NULL, NULL, 0, NULL),
(1605, NULL, '', '', '', '2000-01-01', '0000-00-00', '', '', '', NULL, NULL, NULL, NULL, NULL, NULL, NULL, NULL, 0, NULL),
(1606, NULL, '', '', '', '2000-01-01', '0000-00-00', '', '', '', NULL, NULL, NULL, NULL, NULL, NULL, NULL, NULL, 0, NULL),
(1607, NULL, '', '', '', '2000-01-01', '0000-00-00', '', '', '', NULL, NULL, NULL, NULL, NULL, NULL, NULL, NULL, 0, NULL),
(1608, NULL, '', '', '', '2000-01-01', '0000-00-00', '', '', '', NULL, NULL, NULL, NULL, NULL, NULL, NULL, NULL, 0, NULL),
(1609, NULL, '', '', '', '2000-01-01', '0000-00-00', '', '', '', NULL, NULL, NULL, NULL, NULL, NULL, NULL, NULL, 0, NULL),
(1610, NULL, '', '', '', '2000-01-01', '0000-00-00', '', '', '', NULL, NULL, NULL, NULL, NULL, NULL, NULL, NULL, 0, NULL),
(1611, NULL, '', '', '', '2000-01-01', '0000-00-00', '', '', '', NULL, NULL, NULL, NULL, NULL, NULL, NULL, NULL, 0, NULL),
(1612, NULL, '', '', '', '2000-01-01', '0000-00-00', '', '', '', NULL, NULL, NULL, NULL, NULL, NULL, NULL, NULL, 0, NULL),
(1613, NULL, '', '', '', '2000-01-01', '0000-00-00', '', '', '', NULL, NULL, NULL, NULL, NULL, NULL, NULL, NULL, 0, NULL),
(1614, NULL, '', '', '', '2000-01-01', '0000-00-00', '', '', '', NULL, NULL, NULL, NULL, NULL, NULL, NULL, NULL, 0, NULL),
(1615, NULL, '', '', '', '2000-01-01', '0000-00-00', '', '', '', NULL, NULL, NULL, NULL, NULL, NULL, NULL, NULL, 0, NULL),
(1616, NULL, '', '', '', '2000-01-01', '0000-00-00', '', '', '', NULL, NULL, NULL, NULL, NULL, NULL, NULL, NULL, 0, NULL),
(1617, NULL, '', '', '', '2000-01-01', '0000-00-00', '', '', '', NULL, NULL, NULL, NULL, NULL, NULL, NULL, NULL, 0, NULL),
(1618, NULL, '', '', '', '2000-01-01', '0000-00-00', '', '', '', NULL, NULL, NULL, NULL, NULL, NULL, NULL, NULL, 0, NULL),
(1619, NULL, '', '', '', '2000-01-01', '0000-00-00', '', '', '', NULL, NULL, NULL, NULL, NULL, NULL, NULL, NULL, 0, NULL),
(1620, NULL, '', '', '', '2000-01-01', '0000-00-00', '', '', '', NULL, NULL, NULL, NULL, NULL, NULL, NULL, NULL, 0, NULL),
(1621, NULL, '', '', '', '2000-01-01', '0000-00-00', '', '', '', NULL, NULL, NULL, NULL, NULL, NULL, NULL, NULL, 0, NULL),
(1622, NULL, '', '', '', '2000-01-01', '0000-00-00', '', '', '', NULL, NULL, NULL, NULL, NULL, NULL, NULL, NULL, 0, NULL),
(1623, NULL, '', '', '', '2000-01-01', '0000-00-00', '', '', '', NULL, NULL, NULL, NULL, NULL, NULL, NULL, NULL, 0, NULL),
(1624, NULL, '', '', '', '2000-01-01', '0000-00-00', '', '', '', NULL, NULL, NULL, NULL, NULL, NULL, NULL, NULL, 0, NULL),
(1625, NULL, '', '', '', '2000-01-01', '0000-00-00', '', '', '', NULL, NULL, NULL, NULL, NULL, NULL, NULL, NULL, 0, NULL),
(1626, NULL, '', '', '', '2000-01-01', '0000-00-00', '', '', '', NULL, NULL, NULL, NULL, NULL, NULL, NULL, NULL, 0, NULL),
(1627, NULL, '', '', '', '2000-01-01', '0000-00-00', '', '', '', NULL, NULL, NULL, NULL, NULL, NULL, NULL, NULL, 0, NULL),
(1628, NULL, '', '', '', '2000-01-01', '0000-00-00', '', '', '', NULL, NULL, NULL, NULL, NULL, NULL, NULL, NULL, 0, NULL),
(1629, NULL, '', '', '', '2000-01-01', '0000-00-00', '', '', '', NULL, NULL, NULL, NULL, NULL, NULL, NULL, NULL, 0, NULL),
(1630, NULL, '', '', '', '2000-01-01', '0000-00-00', '', '', '', NULL, NULL, NULL, NULL, NULL, NULL, NULL, NULL, 0, NULL),
(1631, NULL, '', '', '', '2000-01-01', '0000-00-00', '', '', '', NULL, NULL, NULL, NULL, NULL, NULL, NULL, NULL, 0, NULL),
(1632, NULL, '', '', '', '2000-01-01', '0000-00-00', '', '', '', NULL, NULL, NULL, NULL, NULL, NULL, NULL, NULL, 0, NULL),
(1633, NULL, '', '', '', '2000-01-01', '0000-00-00', '', '', '', NULL, NULL, NULL, NULL, NULL, NULL, NULL, NULL, 0, NULL),
(1634, NULL, '', '', '', '2000-01-01', '0000-00-00', '', '', '', NULL, NULL, NULL, NULL, NULL, NULL, NULL, NULL, 0, NULL),
(1635, NULL, '', '', '', '2000-01-01', '0000-00-00', '', '', '', NULL, NULL, NULL, NULL, NULL, NULL, NULL, NULL, 0, NULL),
(1636, NULL, '', '', '', '2000-01-01', '0000-00-00', '', '', '', NULL, NULL, NULL, NULL, NULL, NULL, NULL, NULL, 0, NULL),
(1637, NULL, '', '', '', '2000-01-01', '0000-00-00', '', '', '', NULL, NULL, NULL, NULL, NULL, NULL, NULL, NULL, 0, NULL),
(1638, NULL, '', '', '', '2000-01-01', '0000-00-00', '', '', '', NULL, NULL, NULL, NULL, NULL, NULL, NULL, NULL, 0, NULL),
(1639, NULL, '', '', '', '2000-01-01', '0000-00-00', '', '', '', NULL, NULL, NULL, NULL, NULL, NULL, NULL, NULL, 0, NULL),
(1640, NULL, '', '', '', '2000-01-01', '0000-00-00', '', '', '', NULL, NULL, NULL, NULL, NULL, NULL, NULL, NULL, 0, NULL),
(1641, NULL, '', '', '', '2000-01-01', '0000-00-00', '', '', '', NULL, NULL, NULL, NULL, NULL, NULL, NULL, NULL, 0, NULL),
(1642, NULL, '', '', '', '2000-01-01', '0000-00-00', '', '', '', NULL, NULL, NULL, NULL, NULL, NULL, NULL, NULL, 0, NULL),
(1643, NULL, '', '', '', '2000-01-01', '0000-00-00', '', '', '', NULL, NULL, NULL, NULL, NULL, NULL, NULL, NULL, 0, NULL),
(1644, NULL, '', '', '', '2000-01-01', '0000-00-00', '', '', '', NULL, NULL, NULL, NULL, NULL, NULL, NULL, NULL, 0, NULL),
(1645, NULL, '', '', '', '2000-01-01', '0000-00-00', '', '', '', NULL, NULL, NULL, NULL, NULL, NULL, NULL, NULL, 0, NULL),
(1646, NULL, '', '', '', '2000-01-01', '0000-00-00', '', '', '', NULL, NULL, NULL, NULL, NULL, NULL, NULL, NULL, 0, NULL),
(1647, NULL, '', '', '', '2000-01-01', '0000-00-00', '', '', '', NULL, NULL, NULL, NULL, NULL, NULL, NULL, NULL, 0, NULL),
(1648, NULL, '', '', '', '2000-01-01', '0000-00-00', '', '', '', NULL, NULL, NULL, NULL, NULL, NULL, NULL, NULL, 0, NULL);
INSERT INTO `jobs` (`jobid`, `complete`, `job_type`, `job_description`, `job_status`, `due_date`, `creation_date`, `sage_reference`, `po_number`, `job_number`, `number_of_assets`, `notes`, `quote_number`, `result`, `result_description`, `next_action`, `next_action_description`, `complete_date`, `add_asset`, `invoice_number`) VALUES
(1649, NULL, '', '', '', '2000-01-01', '0000-00-00', '', '', '', NULL, NULL, NULL, NULL, NULL, NULL, NULL, NULL, 0, NULL),
(1650, NULL, '', '', '', '2000-01-01', '0000-00-00', '', '', '', NULL, NULL, NULL, NULL, NULL, NULL, NULL, NULL, 0, NULL),
(1651, NULL, '', '', '', '2000-01-01', '0000-00-00', '', '', '', NULL, NULL, NULL, NULL, NULL, NULL, NULL, NULL, 0, NULL),
(1652, NULL, '', '', '', '2000-01-01', '0000-00-00', '', '', '', NULL, NULL, NULL, NULL, NULL, NULL, NULL, NULL, 0, NULL),
(1653, NULL, '', '', '', '2000-01-01', '0000-00-00', '', '', '', NULL, NULL, NULL, NULL, NULL, NULL, NULL, NULL, 0, NULL),
(1654, NULL, '', '', '', '2000-01-01', '0000-00-00', '', '', '', NULL, NULL, NULL, NULL, NULL, NULL, NULL, NULL, 0, NULL),
(1655, NULL, '', '', '', '2000-01-01', '0000-00-00', '', '', '', NULL, NULL, NULL, NULL, NULL, NULL, NULL, NULL, 0, NULL),
(1656, NULL, '', '', '', '2000-01-01', '0000-00-00', '', '', '', NULL, NULL, NULL, NULL, NULL, NULL, NULL, NULL, 0, NULL),
(1657, NULL, '', '', '', '2000-01-01', '0000-00-00', '', '', '', NULL, NULL, NULL, NULL, NULL, NULL, NULL, NULL, 0, NULL),
(1658, NULL, '', '', '', '2000-01-01', '0000-00-00', '', '', '', NULL, NULL, NULL, NULL, NULL, NULL, NULL, NULL, 0, NULL),
(1659, NULL, '', '', '', '2000-01-01', '0000-00-00', '', '', '', NULL, NULL, NULL, NULL, NULL, NULL, NULL, NULL, 0, NULL),
(1660, NULL, '', '', '', '2000-01-01', '0000-00-00', '', '', '', NULL, NULL, NULL, NULL, NULL, NULL, NULL, NULL, 0, NULL),
(1661, NULL, '', '', '', '2000-01-01', '0000-00-00', '', '', '', NULL, NULL, NULL, NULL, NULL, NULL, NULL, NULL, 0, NULL),
(1662, NULL, '', '', '', '2000-01-01', '0000-00-00', '', '', '', NULL, NULL, NULL, NULL, NULL, NULL, NULL, NULL, 0, NULL),
(1663, NULL, '', '', '', '2000-01-01', '0000-00-00', '', '', '', NULL, NULL, NULL, NULL, NULL, NULL, NULL, NULL, 0, NULL),
(1664, NULL, '', '', '', '2000-01-01', '0000-00-00', '', '', '', NULL, NULL, NULL, NULL, NULL, NULL, NULL, NULL, 0, NULL),
(1665, NULL, '', '', '', '2000-01-01', '0000-00-00', '', '', '', NULL, NULL, NULL, NULL, NULL, NULL, NULL, NULL, 0, NULL),
(1666, NULL, '', '', '', '2000-01-01', '0000-00-00', '', '', '', NULL, NULL, NULL, NULL, NULL, NULL, NULL, NULL, 0, NULL),
(1667, NULL, '', '', '', '2000-01-01', '0000-00-00', '', '', '', NULL, NULL, NULL, NULL, NULL, NULL, NULL, NULL, 0, NULL),
(1668, NULL, '', '', '', '2000-01-01', '0000-00-00', '', '', '', NULL, NULL, NULL, NULL, NULL, NULL, NULL, NULL, 0, NULL),
(1669, NULL, '', '', '', '2000-01-01', '0000-00-00', '', '', '', NULL, NULL, NULL, NULL, NULL, NULL, NULL, NULL, 0, NULL),
(1670, NULL, '', '', '', '2000-01-01', '0000-00-00', '', '', '', NULL, NULL, NULL, NULL, NULL, NULL, NULL, NULL, 0, NULL),
(1671, NULL, '', '', '', '2000-01-01', '0000-00-00', '', '', '', NULL, NULL, NULL, NULL, NULL, NULL, NULL, NULL, 0, NULL),
(1672, NULL, '', '', '', '2000-01-01', '0000-00-00', '', '', '', NULL, NULL, NULL, NULL, NULL, NULL, NULL, NULL, 0, NULL),
(1673, NULL, '', '', '', '2000-01-01', '0000-00-00', '', '', '', NULL, NULL, NULL, NULL, NULL, NULL, NULL, NULL, 0, NULL),
(1674, NULL, '', '', '', '2000-01-01', '0000-00-00', '', '', '', NULL, NULL, NULL, NULL, NULL, NULL, NULL, NULL, 0, NULL),
(1675, NULL, '', '', '', '2000-01-01', '0000-00-00', '', '', '', NULL, NULL, NULL, NULL, NULL, NULL, NULL, NULL, 0, NULL),
(1676, NULL, '', '', '', '2000-01-01', '0000-00-00', '', '', '', NULL, NULL, NULL, NULL, NULL, NULL, NULL, NULL, 0, NULL),
(1677, NULL, '', '', '', '2000-01-01', '0000-00-00', '', '', '', NULL, NULL, NULL, NULL, NULL, NULL, NULL, NULL, 0, NULL),
(1678, NULL, '', '', '', '2000-01-01', '0000-00-00', '', '', '', NULL, NULL, NULL, NULL, NULL, NULL, NULL, NULL, 0, NULL),
(1679, NULL, '', '', '', '2000-01-01', '0000-00-00', '', '', '', NULL, NULL, NULL, NULL, NULL, NULL, NULL, NULL, 0, NULL),
(1680, NULL, '', '', '', '2000-01-01', '0000-00-00', '', '', '', NULL, NULL, NULL, NULL, NULL, NULL, NULL, NULL, 0, NULL),
(1681, NULL, '', '', '', '2000-01-01', '0000-00-00', '', '', '', NULL, NULL, NULL, NULL, NULL, NULL, NULL, NULL, 0, NULL),
(1682, NULL, '', '', '', '2000-01-01', '0000-00-00', '', '', '', NULL, NULL, NULL, NULL, NULL, NULL, NULL, NULL, 0, NULL),
(1683, NULL, '', '', '', '2000-01-01', '0000-00-00', '', '', '', NULL, NULL, NULL, NULL, NULL, NULL, NULL, NULL, 0, NULL),
(1684, NULL, '', '', '', '2000-01-01', '0000-00-00', '', '', '', NULL, NULL, NULL, NULL, NULL, NULL, NULL, NULL, 0, NULL),
(1685, NULL, '', '', '', '2000-01-01', '0000-00-00', '', '', '', NULL, NULL, NULL, NULL, NULL, NULL, NULL, NULL, 0, NULL),
(1686, NULL, '', '', '', '2000-01-01', '0000-00-00', '', '', '', NULL, NULL, NULL, NULL, NULL, NULL, NULL, NULL, 0, NULL),
(1687, NULL, '', '', '', '2000-01-01', '0000-00-00', '', '', '', NULL, NULL, NULL, NULL, NULL, NULL, NULL, NULL, 0, NULL),
(1688, NULL, '', '', '', '2000-01-01', '0000-00-00', '', '', '', NULL, NULL, NULL, NULL, NULL, NULL, NULL, NULL, 0, NULL),
(1689, NULL, '', '', '', '2000-01-01', '0000-00-00', '', '', '', NULL, NULL, NULL, NULL, NULL, NULL, NULL, NULL, 0, NULL),
(1690, NULL, '', '', '', '2000-01-01', '0000-00-00', '', '', '', NULL, NULL, NULL, NULL, NULL, NULL, NULL, NULL, 0, NULL),
(1691, NULL, '', '', '', '2000-01-01', '0000-00-00', '', '', '', NULL, NULL, NULL, NULL, NULL, NULL, NULL, NULL, 0, NULL),
(1692, NULL, '', '', '', '2000-01-01', '0000-00-00', '', '', '', NULL, NULL, NULL, NULL, NULL, NULL, NULL, NULL, 0, NULL),
(1693, NULL, '', '', '', '2000-01-01', '0000-00-00', '', '', '', NULL, NULL, NULL, NULL, NULL, NULL, NULL, NULL, 0, NULL),
(1694, NULL, '', '', '', '2000-01-01', '0000-00-00', '', '', '', NULL, NULL, NULL, NULL, NULL, NULL, NULL, NULL, 0, NULL),
(1695, NULL, '', '', '', '2000-01-01', '0000-00-00', '', '', '', NULL, NULL, NULL, NULL, NULL, NULL, NULL, NULL, 0, NULL),
(1696, NULL, '', '', '', '2000-01-01', '0000-00-00', '', '', '', NULL, NULL, NULL, NULL, NULL, NULL, NULL, NULL, 0, NULL),
(1697, NULL, '', '', '', '2000-01-01', '0000-00-00', '', '', '', NULL, NULL, NULL, NULL, NULL, NULL, NULL, NULL, 0, NULL),
(1698, NULL, '', '', '', '2000-01-01', '0000-00-00', '', '', '', NULL, NULL, NULL, NULL, NULL, NULL, NULL, NULL, 0, NULL),
(1699, NULL, '', '', '', '2000-01-01', '0000-00-00', '', '', '', NULL, NULL, NULL, NULL, NULL, NULL, NULL, NULL, 0, NULL),
(1700, NULL, '', '', '', '2000-01-01', '0000-00-00', '', '', '', NULL, NULL, NULL, NULL, NULL, NULL, NULL, NULL, 0, NULL),
(1701, NULL, '', '', '', '2000-01-01', '0000-00-00', '', '', '', NULL, NULL, NULL, NULL, NULL, NULL, NULL, NULL, 0, NULL),
(1702, NULL, '', '', '', '2000-01-01', '0000-00-00', '', '', '', NULL, NULL, NULL, NULL, NULL, NULL, NULL, NULL, 0, NULL),
(1703, NULL, '', '', '', '2000-01-01', '0000-00-00', '', '', '', NULL, NULL, NULL, NULL, NULL, NULL, NULL, NULL, 0, NULL),
(1704, NULL, '', '', '', '2000-01-01', '0000-00-00', '', '', '', NULL, NULL, NULL, NULL, NULL, NULL, NULL, NULL, 0, NULL),
(1705, NULL, '', '', '', '2000-01-01', '0000-00-00', '', '', '', NULL, NULL, NULL, NULL, NULL, NULL, NULL, NULL, 0, NULL),
(1706, NULL, '', '', '', '2000-01-01', '0000-00-00', '', '', '', NULL, NULL, NULL, NULL, NULL, NULL, NULL, NULL, 0, NULL),
(1707, NULL, '', '', '', '2000-01-01', '0000-00-00', '', '', '', NULL, NULL, NULL, NULL, NULL, NULL, NULL, NULL, 0, NULL),
(1708, NULL, '', '', '', '2000-01-01', '0000-00-00', '', '', '', NULL, NULL, NULL, NULL, NULL, NULL, NULL, NULL, 0, NULL),
(1709, NULL, '', '', '', '2000-01-01', '0000-00-00', '', '', '', NULL, NULL, NULL, NULL, NULL, NULL, NULL, NULL, 0, NULL),
(1710, NULL, '', '', '', '2000-01-01', '0000-00-00', '', '', '', NULL, NULL, NULL, NULL, NULL, NULL, NULL, NULL, 0, NULL),
(1711, NULL, '', '', '', '2000-01-01', '0000-00-00', '', '', '', NULL, NULL, NULL, NULL, NULL, NULL, NULL, NULL, 0, NULL),
(1712, NULL, '', '', '', '2000-01-01', '0000-00-00', '', '', '', NULL, NULL, NULL, NULL, NULL, NULL, NULL, NULL, 0, NULL),
(1713, NULL, '', '', '', '2000-01-01', '0000-00-00', '', '', '', NULL, NULL, NULL, NULL, NULL, NULL, NULL, NULL, 0, NULL),
(1714, NULL, '', '', '', '2000-01-01', '0000-00-00', '', '', '', NULL, NULL, NULL, NULL, NULL, NULL, NULL, NULL, 0, NULL),
(1715, NULL, '', '', '', '2000-01-01', '0000-00-00', '', '', '', NULL, NULL, NULL, NULL, NULL, NULL, NULL, NULL, 0, NULL),
(1716, NULL, '', '', '', '2000-01-01', '0000-00-00', '', '', '', NULL, NULL, NULL, NULL, NULL, NULL, NULL, NULL, 0, NULL),
(1717, NULL, '', '', '', '2000-01-01', '0000-00-00', '', '', '', NULL, NULL, NULL, NULL, NULL, NULL, NULL, NULL, 0, NULL),
(1718, NULL, '', '', '', '2000-01-01', '0000-00-00', '', '', '', NULL, NULL, NULL, NULL, NULL, NULL, NULL, NULL, 0, NULL),
(1719, NULL, '', '', '', '2000-01-01', '0000-00-00', '', '', '', NULL, NULL, NULL, NULL, NULL, NULL, NULL, NULL, 0, NULL),
(1720, NULL, '', '', '', '2000-01-01', '0000-00-00', '', '', '', NULL, NULL, NULL, NULL, NULL, NULL, NULL, NULL, 0, NULL),
(1721, NULL, '', '', '', '2000-01-01', '0000-00-00', '', '', '', NULL, NULL, NULL, NULL, NULL, NULL, NULL, NULL, 0, NULL),
(1722, NULL, '', '', '', '2000-01-01', '0000-00-00', '', '', '', NULL, NULL, NULL, NULL, NULL, NULL, NULL, NULL, 0, NULL),
(1723, NULL, '', '', '', '2000-01-01', '0000-00-00', '', '', '', NULL, NULL, NULL, NULL, NULL, NULL, NULL, NULL, 0, NULL),
(1724, NULL, '', '', '', '2000-01-01', '0000-00-00', '', '', '', NULL, NULL, NULL, NULL, NULL, NULL, NULL, NULL, 0, NULL),
(1725, NULL, '', '', '', '2000-01-01', '0000-00-00', '', '', '', NULL, NULL, NULL, NULL, NULL, NULL, NULL, NULL, 0, NULL),
(1726, NULL, '', '', '', '2000-01-01', '0000-00-00', '', '', '', NULL, NULL, NULL, NULL, NULL, NULL, NULL, NULL, 0, NULL),
(1727, NULL, '', '', '', '2000-01-01', '0000-00-00', '', '', '', NULL, NULL, NULL, NULL, NULL, NULL, NULL, NULL, 0, NULL),
(1728, NULL, '', '', '', '2000-01-01', '0000-00-00', '', '', '', NULL, NULL, NULL, NULL, NULL, NULL, NULL, NULL, 0, NULL),
(1729, NULL, '', '', '', '2000-01-01', '0000-00-00', '', '', '', NULL, NULL, NULL, NULL, NULL, NULL, NULL, NULL, 0, NULL),
(1730, NULL, '', '', '', '2000-01-01', '0000-00-00', '', '', '', NULL, NULL, NULL, NULL, NULL, NULL, NULL, NULL, 0, NULL),
(1731, NULL, '', '', '', '2000-01-01', '0000-00-00', '', '', '', NULL, NULL, NULL, NULL, NULL, NULL, NULL, NULL, 0, NULL),
(1732, NULL, '', '', '', '2000-01-01', '0000-00-00', '', '', '', NULL, NULL, NULL, NULL, NULL, NULL, NULL, NULL, 0, NULL),
(1733, NULL, '', '', '', '2000-01-01', '0000-00-00', '', '', '', NULL, NULL, NULL, NULL, NULL, NULL, NULL, NULL, 0, NULL),
(1734, NULL, '', '', '', '2000-01-01', '0000-00-00', '', '', '', NULL, NULL, NULL, NULL, NULL, NULL, NULL, NULL, 0, NULL),
(1735, NULL, '', '', '', '2000-01-01', '0000-00-00', '', '', '', NULL, NULL, NULL, NULL, NULL, NULL, NULL, NULL, 0, NULL),
(1736, NULL, '', '', '', '2000-01-01', '0000-00-00', '', '', '', NULL, NULL, NULL, NULL, NULL, NULL, NULL, NULL, 0, NULL),
(1737, NULL, '', '', '', '2000-01-01', '0000-00-00', '', '', '', NULL, NULL, NULL, NULL, NULL, NULL, NULL, NULL, 0, NULL),
(1738, NULL, '', '', '', '2000-01-01', '0000-00-00', '', '', '', NULL, NULL, NULL, NULL, NULL, NULL, NULL, NULL, 0, NULL),
(1739, NULL, '', '', '', '2000-01-01', '0000-00-00', '', '', '', NULL, NULL, NULL, NULL, NULL, NULL, NULL, NULL, 0, NULL),
(1740, NULL, '', '', '', '2000-01-01', '0000-00-00', '', '', '', NULL, NULL, NULL, NULL, NULL, NULL, NULL, NULL, 0, NULL),
(1741, NULL, '', '', '', '2000-01-01', '0000-00-00', '', '', '', NULL, NULL, NULL, NULL, NULL, NULL, NULL, NULL, 0, NULL),
(1742, NULL, '', '', '', '2000-01-01', '0000-00-00', '', '', '', NULL, NULL, NULL, NULL, NULL, NULL, NULL, NULL, 0, NULL),
(1743, NULL, '', '', '', '2000-01-01', '0000-00-00', '', '', '', NULL, NULL, NULL, NULL, NULL, NULL, NULL, NULL, 0, NULL),
(1744, NULL, '', '', '', '2000-01-01', '0000-00-00', '', '', '', NULL, NULL, NULL, NULL, NULL, NULL, NULL, NULL, 0, NULL),
(1745, NULL, '', '', '', '2000-01-01', '0000-00-00', '', '', '', NULL, NULL, NULL, NULL, NULL, NULL, NULL, NULL, 0, NULL),
(1746, NULL, '', '', '', '2000-01-01', '0000-00-00', '', '', '', NULL, NULL, NULL, NULL, NULL, NULL, NULL, NULL, 0, NULL),
(1747, NULL, '', '', '', '2000-01-01', '0000-00-00', '', '', '', NULL, NULL, NULL, NULL, NULL, NULL, NULL, NULL, 0, NULL),
(1748, NULL, '', '', '', '2000-01-01', '0000-00-00', '', '', '', NULL, NULL, NULL, NULL, NULL, NULL, NULL, NULL, 0, NULL),
(1749, NULL, '', '', '', '2000-01-01', '0000-00-00', '', '', '', NULL, NULL, NULL, NULL, NULL, NULL, NULL, NULL, 0, NULL),
(1750, NULL, '', '', '', '2000-01-01', '0000-00-00', '', '', '', NULL, NULL, NULL, NULL, NULL, NULL, NULL, NULL, 0, NULL),
(1751, NULL, '', '', '', '2000-01-01', '0000-00-00', '', '', '', NULL, NULL, NULL, NULL, NULL, NULL, NULL, NULL, 0, NULL),
(1752, NULL, '', '', '', '2000-01-01', '0000-00-00', '', '', '', NULL, NULL, NULL, NULL, NULL, NULL, NULL, NULL, 0, NULL),
(1753, NULL, '', '', '', '2000-01-01', '0000-00-00', '', '', '', NULL, NULL, NULL, NULL, NULL, NULL, NULL, NULL, 0, NULL),
(1754, NULL, '', '', '', '2000-01-01', '0000-00-00', '', '', '', NULL, NULL, NULL, NULL, NULL, NULL, NULL, NULL, 0, NULL),
(1755, NULL, '', '', '', '2000-01-01', '0000-00-00', '', '', '', NULL, NULL, NULL, NULL, NULL, NULL, NULL, NULL, 0, NULL),
(1756, NULL, '', '', '', '2000-01-01', '0000-00-00', '', '', '', NULL, NULL, NULL, NULL, NULL, NULL, NULL, NULL, 0, NULL),
(1757, NULL, '', '', '', '2000-01-01', '0000-00-00', '', '', '', NULL, NULL, NULL, NULL, NULL, NULL, NULL, NULL, 0, NULL),
(1758, NULL, '', '', '', '2000-01-01', '0000-00-00', '', '', '', NULL, NULL, NULL, NULL, NULL, NULL, NULL, NULL, 0, NULL),
(1759, NULL, '', '', '', '2000-01-01', '0000-00-00', '', '', '', NULL, NULL, NULL, NULL, NULL, NULL, NULL, NULL, 0, NULL),
(1760, NULL, '', '', '', '2000-01-01', '0000-00-00', '', '', '', NULL, NULL, NULL, NULL, NULL, NULL, NULL, NULL, 0, NULL),
(1761, NULL, '', '', '', '2000-01-01', '0000-00-00', '', '', '', NULL, NULL, NULL, NULL, NULL, NULL, NULL, NULL, 0, NULL),
(1762, NULL, '', '', '', '2000-01-01', '0000-00-00', '', '', '', NULL, NULL, NULL, NULL, NULL, NULL, NULL, NULL, 0, NULL),
(1763, NULL, '', '', '', '2000-01-01', '0000-00-00', '', '', '', NULL, NULL, NULL, NULL, NULL, NULL, NULL, NULL, 0, NULL),
(1764, NULL, '', '', '', '2000-01-01', '0000-00-00', '', '', '', NULL, NULL, NULL, NULL, NULL, NULL, NULL, NULL, 0, NULL),
(1765, NULL, '', '', '', '2000-01-01', '0000-00-00', '', '', '', NULL, NULL, NULL, NULL, NULL, NULL, NULL, NULL, 0, NULL),
(1766, NULL, '', '', '', '2000-01-01', '0000-00-00', '', '', '', NULL, NULL, NULL, NULL, NULL, NULL, NULL, NULL, 0, NULL),
(1767, NULL, '', '', '', '2000-01-01', '0000-00-00', '', '', '', NULL, NULL, NULL, NULL, NULL, NULL, NULL, NULL, 0, NULL),
(1768, NULL, '', '', '', '2000-01-01', '0000-00-00', '', '', '', NULL, NULL, NULL, NULL, NULL, NULL, NULL, NULL, 0, NULL),
(1769, NULL, '', '', '', '2000-01-01', '0000-00-00', '', '', '', NULL, NULL, NULL, NULL, NULL, NULL, NULL, NULL, 0, NULL),
(1770, NULL, '', '', '', '2000-01-01', '0000-00-00', '', '', '', NULL, NULL, NULL, NULL, NULL, NULL, NULL, NULL, 0, NULL),
(1771, NULL, '', '', '', '2000-01-01', '0000-00-00', '', '', '', NULL, NULL, NULL, NULL, NULL, NULL, NULL, NULL, 0, NULL),
(1772, NULL, '', '', '', '2000-01-01', '0000-00-00', '', '', '', NULL, NULL, NULL, NULL, NULL, NULL, NULL, NULL, 0, NULL),
(1773, NULL, '', '', '', '2000-01-01', '0000-00-00', '', '', '', NULL, NULL, NULL, NULL, NULL, NULL, NULL, NULL, 0, NULL),
(1774, NULL, '', '', '', '2000-01-01', '0000-00-00', '', '', '', NULL, NULL, NULL, NULL, NULL, NULL, NULL, NULL, 0, NULL),
(1775, NULL, '', '', '', '2000-01-01', '0000-00-00', '', '', '', NULL, NULL, NULL, NULL, NULL, NULL, NULL, NULL, 0, NULL),
(1776, NULL, '', '', '', '2000-01-01', '0000-00-00', '', '', '', NULL, NULL, NULL, NULL, NULL, NULL, NULL, NULL, 0, NULL),
(1777, NULL, '', '', '', '2000-01-01', '0000-00-00', '', '', '', NULL, NULL, NULL, NULL, NULL, NULL, NULL, NULL, 0, NULL),
(1778, NULL, '', '', '', '2000-01-01', '0000-00-00', '', '', '', NULL, NULL, NULL, NULL, NULL, NULL, NULL, NULL, 0, NULL),
(1779, NULL, '', '', '', '2000-01-01', '0000-00-00', '', '', '', NULL, NULL, NULL, NULL, NULL, NULL, NULL, NULL, 0, NULL),
(1780, NULL, '', '', '', '2000-01-01', '0000-00-00', '', '', '', NULL, NULL, NULL, NULL, NULL, NULL, NULL, NULL, 0, NULL),
(1781, NULL, '', '', '', '2000-01-01', '0000-00-00', '', '', '', NULL, NULL, NULL, NULL, NULL, NULL, NULL, NULL, 0, NULL),
(1782, NULL, '', '', '', '2000-01-01', '0000-00-00', '', '', '', NULL, NULL, NULL, NULL, NULL, NULL, NULL, NULL, 0, NULL),
(1783, NULL, '', '', '', '2000-01-01', '0000-00-00', '', '', '', NULL, NULL, NULL, NULL, NULL, NULL, NULL, NULL, 0, NULL),
(1784, NULL, '', '', '', '2000-01-01', '0000-00-00', '', '', '', NULL, NULL, NULL, NULL, NULL, NULL, NULL, NULL, 0, NULL),
(1785, NULL, '', '', '', '2000-01-01', '0000-00-00', '', '', '', NULL, NULL, NULL, NULL, NULL, NULL, NULL, NULL, 0, NULL),
(1786, NULL, '', '', '', '2000-01-01', '0000-00-00', '', '', '', NULL, NULL, NULL, NULL, NULL, NULL, NULL, NULL, 0, NULL),
(1787, NULL, '', '', '', '2000-01-01', '0000-00-00', '', '', '', NULL, NULL, NULL, NULL, NULL, NULL, NULL, NULL, 0, NULL),
(1788, NULL, '', '', '', '2000-01-01', '0000-00-00', '', '', '', NULL, NULL, NULL, NULL, NULL, NULL, NULL, NULL, 0, NULL),
(1789, NULL, '', '', '', '2000-01-01', '0000-00-00', '', '', '', NULL, NULL, NULL, NULL, NULL, NULL, NULL, NULL, 0, NULL),
(1790, NULL, '', '', '', '2000-01-01', '0000-00-00', '', '', '', NULL, NULL, NULL, NULL, NULL, NULL, NULL, NULL, 0, NULL),
(1791, NULL, '', '', '', '2000-01-01', '0000-00-00', '', '', '', NULL, NULL, NULL, NULL, NULL, NULL, NULL, NULL, 0, NULL),
(1792, NULL, '', '', '', '2000-01-01', '0000-00-00', '', '', '', NULL, NULL, NULL, NULL, NULL, NULL, NULL, NULL, 0, NULL),
(1793, NULL, '', '', '', '2000-01-01', '0000-00-00', '', '', '', NULL, NULL, NULL, NULL, NULL, NULL, NULL, NULL, 0, NULL),
(1794, NULL, '', '', '', '2000-01-01', '0000-00-00', '', '', '', NULL, NULL, NULL, NULL, NULL, NULL, NULL, NULL, 0, NULL),
(1795, NULL, '', '', '', '2000-01-01', '0000-00-00', '', '', '', NULL, NULL, NULL, NULL, NULL, NULL, NULL, NULL, 0, NULL),
(1796, NULL, '', '', '', '2000-01-01', '0000-00-00', '', '', '', NULL, NULL, NULL, NULL, NULL, NULL, NULL, NULL, 0, NULL),
(1797, NULL, '', '', '', '2000-01-01', '0000-00-00', '', '', '', NULL, NULL, NULL, NULL, NULL, NULL, NULL, NULL, 0, NULL),
(1798, NULL, '', '', '', '2000-01-01', '0000-00-00', '', '', '', NULL, NULL, NULL, NULL, NULL, NULL, NULL, NULL, 0, NULL),
(1799, NULL, '', '', '', '2000-01-01', '0000-00-00', '', '', '', NULL, NULL, NULL, NULL, NULL, NULL, NULL, NULL, 0, NULL),
(1800, NULL, '', '', '', '2000-01-01', '0000-00-00', '', '', '', NULL, NULL, NULL, NULL, NULL, NULL, NULL, NULL, 0, NULL),
(1801, NULL, '', '', '', '2000-01-01', '0000-00-00', '', '', '', NULL, NULL, NULL, NULL, NULL, NULL, NULL, NULL, 0, NULL),
(1802, NULL, '', '', '', '2000-01-01', '0000-00-00', '', '', '', NULL, NULL, NULL, NULL, NULL, NULL, NULL, NULL, 0, NULL),
(1803, NULL, '', '', '', '2000-01-01', '0000-00-00', '', '', '', NULL, NULL, NULL, NULL, NULL, NULL, NULL, NULL, 0, NULL),
(1804, NULL, '', '', '', '2000-01-01', '0000-00-00', '', '', '', NULL, NULL, NULL, NULL, NULL, NULL, NULL, NULL, 0, NULL),
(1805, NULL, '', '', '', '2000-01-01', '0000-00-00', '', '', '', NULL, NULL, NULL, NULL, NULL, NULL, NULL, NULL, 0, NULL),
(1806, NULL, '', '', '', '2000-01-01', '0000-00-00', '', '', '', NULL, NULL, NULL, NULL, NULL, NULL, NULL, NULL, 0, NULL),
(1807, NULL, '', '', '', '2000-01-01', '0000-00-00', '', '', '', NULL, NULL, NULL, NULL, NULL, NULL, NULL, NULL, 0, NULL),
(1808, NULL, '', '', '', '2000-01-01', '0000-00-00', '', '', '', NULL, NULL, NULL, NULL, NULL, NULL, NULL, NULL, 0, NULL),
(1809, NULL, '', '', '', '2000-01-01', '0000-00-00', '', '', '', NULL, NULL, NULL, NULL, NULL, NULL, NULL, NULL, 0, NULL),
(1810, NULL, '', '', '', '2000-01-01', '0000-00-00', '', '', '', NULL, NULL, NULL, NULL, NULL, NULL, NULL, NULL, 0, NULL),
(1811, NULL, '', '', '', '2000-01-01', '0000-00-00', '', '', '', NULL, NULL, NULL, NULL, NULL, NULL, NULL, NULL, 0, NULL),
(1812, NULL, '', '', '', '2000-01-01', '0000-00-00', '', '', '', NULL, NULL, NULL, NULL, NULL, NULL, NULL, NULL, 0, NULL),
(1813, NULL, '', '', '', '2000-01-01', '0000-00-00', '', '', '', NULL, NULL, NULL, NULL, NULL, NULL, NULL, NULL, 0, NULL),
(1814, NULL, '', '', '', '2000-01-01', '0000-00-00', '', '', '', NULL, NULL, NULL, NULL, NULL, NULL, NULL, NULL, 0, NULL),
(1815, NULL, '', '', '', '2000-01-01', '0000-00-00', '', '', '', NULL, NULL, NULL, NULL, NULL, NULL, NULL, NULL, 0, NULL),
(1816, NULL, '', '', '', '2000-01-01', '0000-00-00', '', '', '', NULL, NULL, NULL, NULL, NULL, NULL, NULL, NULL, 0, NULL),
(1817, NULL, '', '', '', '2000-01-01', '0000-00-00', '', '', '', NULL, NULL, NULL, NULL, NULL, NULL, NULL, NULL, 0, NULL),
(1818, NULL, '', '', '', '2000-01-01', '0000-00-00', '', '', '', NULL, NULL, NULL, NULL, NULL, NULL, NULL, NULL, 0, NULL),
(1819, NULL, '', '', '', '2000-01-01', '0000-00-00', '', '', '', NULL, NULL, NULL, NULL, NULL, NULL, NULL, NULL, 0, NULL),
(1820, NULL, '', '', '', '2000-01-01', '0000-00-00', '', '', '', NULL, NULL, NULL, NULL, NULL, NULL, NULL, NULL, 0, NULL),
(1821, NULL, '', '', '', '2000-01-01', '0000-00-00', '', '', '', NULL, NULL, NULL, NULL, NULL, NULL, NULL, NULL, 0, NULL),
(1822, NULL, '', '', '', '2000-01-01', '0000-00-00', '', '', '', NULL, NULL, NULL, NULL, NULL, NULL, NULL, NULL, 0, NULL),
(1823, NULL, '', '', '', '2000-01-01', '0000-00-00', '', '', '', NULL, NULL, NULL, NULL, NULL, NULL, NULL, NULL, 0, NULL),
(1824, NULL, '', '', '', '2000-01-01', '0000-00-00', '', '', '', NULL, NULL, NULL, NULL, NULL, NULL, NULL, NULL, 0, NULL),
(1825, NULL, '', '', '', '2000-01-01', '0000-00-00', '', '', '', NULL, NULL, NULL, NULL, NULL, NULL, NULL, NULL, 0, NULL),
(1826, NULL, '', '', '', '2000-01-01', '0000-00-00', '', '', '', NULL, NULL, NULL, NULL, NULL, NULL, NULL, NULL, 0, NULL),
(1827, NULL, '', '', '', '2000-01-01', '0000-00-00', '', '', '', NULL, NULL, NULL, NULL, NULL, NULL, NULL, NULL, 0, NULL),
(1828, NULL, '', '', '', '2000-01-01', '0000-00-00', '', '', '', NULL, NULL, NULL, NULL, NULL, NULL, NULL, NULL, 0, NULL),
(1829, NULL, '', '', '', '2000-01-01', '0000-00-00', '', '', '', NULL, NULL, NULL, NULL, NULL, NULL, NULL, NULL, 0, NULL),
(1830, NULL, '', '', '', '2000-01-01', '0000-00-00', '', '', '', NULL, NULL, NULL, NULL, NULL, NULL, NULL, NULL, 0, NULL),
(1831, NULL, '', '', '', '2000-01-01', '0000-00-00', '', '', '', NULL, NULL, NULL, NULL, NULL, NULL, NULL, NULL, 0, NULL),
(1832, NULL, '', '', '', '2000-01-01', '0000-00-00', '', '', '', NULL, NULL, NULL, NULL, NULL, NULL, NULL, NULL, 0, NULL),
(1833, NULL, '', '', '', '2000-01-01', '0000-00-00', '', '', '', NULL, NULL, NULL, NULL, NULL, NULL, NULL, NULL, 0, NULL),
(1834, NULL, '', '', '', '2000-01-01', '0000-00-00', '', '', '', NULL, NULL, NULL, NULL, NULL, NULL, NULL, NULL, 0, NULL),
(1835, NULL, '', '', '', '2000-01-01', '0000-00-00', '', '', '', NULL, NULL, NULL, NULL, NULL, NULL, NULL, NULL, 0, NULL),
(1836, NULL, '', '', '', '2000-01-01', '0000-00-00', '', '', '', NULL, NULL, NULL, NULL, NULL, NULL, NULL, NULL, 0, NULL),
(1837, NULL, '', '', '', '2000-01-01', '0000-00-00', '', '', '', NULL, NULL, NULL, NULL, NULL, NULL, NULL, NULL, 0, NULL),
(1838, NULL, '', '', '', '2000-01-01', '0000-00-00', '', '', '', NULL, NULL, NULL, NULL, NULL, NULL, NULL, NULL, 0, NULL),
(1839, NULL, '', '', '', '2000-01-01', '0000-00-00', '', '', '', NULL, NULL, NULL, NULL, NULL, NULL, NULL, NULL, 0, NULL),
(1840, NULL, '', '', '', '2000-01-01', '0000-00-00', '', '', '', NULL, NULL, NULL, NULL, NULL, NULL, NULL, NULL, 0, NULL),
(1841, NULL, '', '', '', '2000-01-01', '0000-00-00', '', '', '', NULL, NULL, NULL, NULL, NULL, NULL, NULL, NULL, 0, NULL),
(1842, NULL, '', '', '', '2000-01-01', '0000-00-00', '', '', '', NULL, NULL, NULL, NULL, NULL, NULL, NULL, NULL, 0, NULL),
(1843, NULL, '', '', '', '2000-01-01', '0000-00-00', '', '', '', NULL, NULL, NULL, NULL, NULL, NULL, NULL, NULL, 0, NULL),
(1844, NULL, '', '', '', '2000-01-01', '0000-00-00', '', '', '', NULL, NULL, NULL, NULL, NULL, NULL, NULL, NULL, 0, NULL),
(1845, NULL, '', '', '', '2000-01-01', '0000-00-00', '', '', '', NULL, NULL, NULL, NULL, NULL, NULL, NULL, NULL, 0, NULL),
(1846, NULL, '', '', '', '2000-01-01', '0000-00-00', '', '', '', NULL, NULL, NULL, NULL, NULL, NULL, NULL, NULL, 0, NULL),
(1847, NULL, '', '', '', '2000-01-01', '0000-00-00', '', '', '', NULL, NULL, NULL, NULL, NULL, NULL, NULL, NULL, 0, NULL),
(1848, NULL, '', '', '', '2000-01-01', '0000-00-00', '', '', '', NULL, NULL, NULL, NULL, NULL, NULL, NULL, NULL, 0, NULL),
(1849, NULL, '', '', '', '2000-01-01', '0000-00-00', '', '', '', NULL, NULL, NULL, NULL, NULL, NULL, NULL, NULL, 0, NULL),
(1850, NULL, '', '', '', '2000-01-01', '0000-00-00', '', '', '', NULL, NULL, NULL, NULL, NULL, NULL, NULL, NULL, 0, NULL),
(1851, NULL, '', '', '', '2000-01-01', '0000-00-00', '', '', '', NULL, NULL, NULL, NULL, NULL, NULL, NULL, NULL, 0, NULL),
(1852, NULL, '', '', '', '2000-01-01', '0000-00-00', '', '', '', NULL, NULL, NULL, NULL, NULL, NULL, NULL, NULL, 0, NULL),
(1853, NULL, '', '', '', '2000-01-01', '0000-00-00', '', '', '', NULL, NULL, NULL, NULL, NULL, NULL, NULL, NULL, 0, NULL),
(1854, NULL, '', '', '', '2000-01-01', '0000-00-00', '', '', '', NULL, NULL, NULL, NULL, NULL, NULL, NULL, NULL, 0, NULL),
(1855, NULL, '', '', '', '2000-01-01', '0000-00-00', '', '', '', NULL, NULL, NULL, NULL, NULL, NULL, NULL, NULL, 0, NULL),
(1856, NULL, '', '', '', '2000-01-01', '0000-00-00', '', '', '', NULL, NULL, NULL, NULL, NULL, NULL, NULL, NULL, 0, NULL),
(1857, NULL, '', '', '', '2000-01-01', '0000-00-00', '', '', '', NULL, NULL, NULL, NULL, NULL, NULL, NULL, NULL, 0, NULL),
(1858, NULL, '', '', '', '2000-01-01', '0000-00-00', '', '', '', NULL, NULL, NULL, NULL, NULL, NULL, NULL, NULL, 0, NULL),
(1859, NULL, '', '', '', '2000-01-01', '0000-00-00', '', '', '', NULL, NULL, NULL, NULL, NULL, NULL, NULL, NULL, 0, NULL),
(1860, NULL, '', '', '', '2000-01-01', '0000-00-00', '', '', '', NULL, NULL, NULL, NULL, NULL, NULL, NULL, NULL, 0, NULL),
(1861, NULL, '', '', '', '2000-01-01', '0000-00-00', '', '', '', NULL, NULL, NULL, NULL, NULL, NULL, NULL, NULL, 0, NULL),
(1862, NULL, '', '', '', '2000-01-01', '0000-00-00', '', '', '', NULL, NULL, NULL, NULL, NULL, NULL, NULL, NULL, 0, NULL),
(1863, NULL, '', '', '', '2000-01-01', '0000-00-00', '', '', '', NULL, NULL, NULL, NULL, NULL, NULL, NULL, NULL, 0, NULL),
(1864, NULL, '', '', '', '2000-01-01', '0000-00-00', '', '', '', NULL, NULL, NULL, NULL, NULL, NULL, NULL, NULL, 0, NULL),
(1865, NULL, '', '', '', '2000-01-01', '0000-00-00', '', '', '', NULL, NULL, NULL, NULL, NULL, NULL, NULL, NULL, 0, NULL),
(1866, NULL, '', '', '', '2000-01-01', '0000-00-00', '', '', '', NULL, NULL, NULL, NULL, NULL, NULL, NULL, NULL, 0, NULL),
(1867, NULL, '', '', '', '2000-01-01', '0000-00-00', '', '', '', NULL, NULL, NULL, NULL, NULL, NULL, NULL, NULL, 0, NULL),
(1868, NULL, '', '', '', '2000-01-01', '0000-00-00', '', '', '', NULL, NULL, NULL, NULL, NULL, NULL, NULL, NULL, 0, NULL),
(1869, NULL, '', '', '', '2000-01-01', '0000-00-00', '', '', '', NULL, NULL, NULL, NULL, NULL, NULL, NULL, NULL, 0, NULL),
(1870, NULL, '', '', '', '2000-01-01', '0000-00-00', '', '', '', NULL, NULL, NULL, NULL, NULL, NULL, NULL, NULL, 0, NULL),
(1871, NULL, '', '', '', '2000-01-01', '0000-00-00', '', '', '', NULL, NULL, NULL, NULL, NULL, NULL, NULL, NULL, 0, NULL),
(1872, NULL, '', '', '', '2000-01-01', '0000-00-00', '', '', '', NULL, NULL, NULL, NULL, NULL, NULL, NULL, NULL, 0, NULL),
(1873, NULL, '', '', '', '2000-01-01', '0000-00-00', '', '', '', NULL, NULL, NULL, NULL, NULL, NULL, NULL, NULL, 0, NULL),
(1874, NULL, '', '', '', '2000-01-01', '0000-00-00', '', '', '', NULL, NULL, NULL, NULL, NULL, NULL, NULL, NULL, 0, NULL),
(1875, NULL, '', '', '', '2000-01-01', '0000-00-00', '', '', '', NULL, NULL, NULL, NULL, NULL, NULL, NULL, NULL, 0, NULL),
(1876, NULL, '', '', '', '2000-01-01', '0000-00-00', '', '', '', NULL, NULL, NULL, NULL, NULL, NULL, NULL, NULL, 0, NULL),
(1877, NULL, '', '', '', '2000-01-01', '0000-00-00', '', '', '', NULL, NULL, NULL, NULL, NULL, NULL, NULL, NULL, 0, NULL),
(1878, NULL, '', '', '', '2000-01-01', '0000-00-00', '', '', '', NULL, NULL, NULL, NULL, NULL, NULL, NULL, NULL, 0, NULL),
(1879, NULL, '', '', '', '2000-01-01', '0000-00-00', '', '', '', NULL, NULL, NULL, NULL, NULL, NULL, NULL, NULL, 0, NULL),
(1880, NULL, '', '', '', '2000-01-01', '0000-00-00', '', '', '', NULL, NULL, NULL, NULL, NULL, NULL, NULL, NULL, 0, NULL),
(1881, NULL, '', '', '', '2000-01-01', '0000-00-00', '', '', '', NULL, NULL, NULL, NULL, NULL, NULL, NULL, NULL, 0, NULL),
(1882, NULL, '', '', '', '2000-01-01', '0000-00-00', '', '', '', NULL, NULL, NULL, NULL, NULL, NULL, NULL, NULL, 0, NULL),
(1883, NULL, '', '', '', '2000-01-01', '0000-00-00', '', '', '', NULL, NULL, NULL, NULL, NULL, NULL, NULL, NULL, 0, NULL),
(1884, NULL, '', '', '', '2000-01-01', '0000-00-00', '', '', '', NULL, NULL, NULL, NULL, NULL, NULL, NULL, NULL, 0, NULL),
(1885, NULL, '', '', '', '2000-01-01', '0000-00-00', '', '', '', NULL, NULL, NULL, NULL, NULL, NULL, NULL, NULL, 0, NULL),
(1886, NULL, '', '', '', '2000-01-01', '0000-00-00', '', '', '', NULL, NULL, NULL, NULL, NULL, NULL, NULL, NULL, 0, NULL),
(1887, NULL, '', '', '', '2000-01-01', '0000-00-00', '', '', '', NULL, NULL, NULL, NULL, NULL, NULL, NULL, NULL, 0, NULL),
(1888, NULL, '', '', '', '2000-01-01', '0000-00-00', '', '', '', NULL, NULL, NULL, NULL, NULL, NULL, NULL, NULL, 0, NULL),
(1889, NULL, '', '', '', '2000-01-01', '0000-00-00', '', '', '', NULL, NULL, NULL, NULL, NULL, NULL, NULL, NULL, 0, NULL),
(1890, NULL, '', '', '', '2000-01-01', '0000-00-00', '', '', '', NULL, NULL, NULL, NULL, NULL, NULL, NULL, NULL, 0, NULL),
(1891, NULL, '', '', '', '2000-01-01', '0000-00-00', '', '', '', NULL, NULL, NULL, NULL, NULL, NULL, NULL, NULL, 0, NULL),
(1892, NULL, '', '', '', '2000-01-01', '0000-00-00', '', '', '', NULL, NULL, NULL, NULL, NULL, NULL, NULL, NULL, 0, NULL),
(1893, NULL, '', '', '', '2000-01-01', '0000-00-00', '', '', '', NULL, NULL, NULL, NULL, NULL, NULL, NULL, NULL, 0, NULL),
(1894, NULL, '', '', '', '2000-01-01', '0000-00-00', '', '', '', NULL, NULL, NULL, NULL, NULL, NULL, NULL, NULL, 0, NULL),
(1895, NULL, '', '', '', '2000-01-01', '0000-00-00', '', '', '', NULL, NULL, NULL, NULL, NULL, NULL, NULL, NULL, 0, NULL),
(1896, NULL, '', '', '', '2000-01-01', '0000-00-00', '', '', '', NULL, NULL, NULL, NULL, NULL, NULL, NULL, NULL, 0, NULL),
(1897, NULL, '', '', '', '2000-01-01', '0000-00-00', '', '', '', NULL, NULL, NULL, NULL, NULL, NULL, NULL, NULL, 0, NULL),
(1898, NULL, '', '', '', '2000-01-01', '0000-00-00', '', '', '', NULL, NULL, NULL, NULL, NULL, NULL, NULL, NULL, 0, NULL),
(1899, NULL, '', '', '', '2000-01-01', '0000-00-00', '', '', '', NULL, NULL, NULL, NULL, NULL, NULL, NULL, NULL, 0, NULL),
(1900, NULL, '', '', '', '2000-01-01', '0000-00-00', '', '', '', NULL, NULL, NULL, NULL, NULL, NULL, NULL, NULL, 0, NULL),
(1901, NULL, '', '', '', '2000-01-01', '0000-00-00', '', '', '', NULL, NULL, NULL, NULL, NULL, NULL, NULL, NULL, 0, NULL),
(1902, NULL, '', '', '', '2000-01-01', '0000-00-00', '', '', '', NULL, NULL, NULL, NULL, NULL, NULL, NULL, NULL, 0, NULL),
(1903, NULL, '', '', '', '2000-01-01', '0000-00-00', '', '', '', NULL, NULL, NULL, NULL, NULL, NULL, NULL, NULL, 0, NULL),
(1904, NULL, '', '', '', '2000-01-01', '0000-00-00', '', '', '', NULL, NULL, NULL, NULL, NULL, NULL, NULL, NULL, 0, NULL),
(1905, NULL, '', '', '', '2000-01-01', '0000-00-00', '', '', '', NULL, NULL, NULL, NULL, NULL, NULL, NULL, NULL, 0, NULL),
(1906, NULL, '', '', '', '2000-01-01', '0000-00-00', '', '', '', NULL, NULL, NULL, NULL, NULL, NULL, NULL, NULL, 0, NULL),
(1907, NULL, '', '', '', '2000-01-01', '0000-00-00', '', '', '', NULL, NULL, NULL, NULL, NULL, NULL, NULL, NULL, 0, NULL),
(1908, NULL, '', '', '', '2000-01-01', '0000-00-00', '', '', '', NULL, NULL, NULL, NULL, NULL, NULL, NULL, NULL, 0, NULL),
(1909, NULL, '', '', '', '2000-01-01', '0000-00-00', '', '', '', NULL, NULL, NULL, NULL, NULL, NULL, NULL, NULL, 0, NULL),
(1910, NULL, '', '', '', '2000-01-01', '0000-00-00', '', '', '', NULL, NULL, NULL, NULL, NULL, NULL, NULL, NULL, 0, NULL),
(1911, NULL, '', '', '', '2000-01-01', '0000-00-00', '', '', '', NULL, NULL, NULL, NULL, NULL, NULL, NULL, NULL, 0, NULL),
(1912, NULL, '', '', '', '2000-01-01', '0000-00-00', '', '', '', NULL, NULL, NULL, NULL, NULL, NULL, NULL, NULL, 0, NULL),
(1913, NULL, '', '', '', '2000-01-01', '0000-00-00', '', '', '', NULL, NULL, NULL, NULL, NULL, NULL, NULL, NULL, 0, NULL),
(1914, NULL, '', '', '', '2000-01-01', '0000-00-00', '', '', '', NULL, NULL, NULL, NULL, NULL, NULL, NULL, NULL, 0, NULL),
(1915, NULL, '', '', '', '2000-01-01', '0000-00-00', '', '', '', NULL, NULL, NULL, NULL, NULL, NULL, NULL, NULL, 0, NULL),
(1916, NULL, '', '', '', '2000-01-01', '0000-00-00', '', '', '', NULL, NULL, NULL, NULL, NULL, NULL, NULL, NULL, 0, NULL),
(1917, NULL, '', '', '', '2000-01-01', '0000-00-00', '', '', '', NULL, NULL, NULL, NULL, NULL, NULL, NULL, NULL, 0, NULL),
(1918, NULL, '', '', '', '2000-01-01', '0000-00-00', '', '', '', NULL, NULL, NULL, NULL, NULL, NULL, NULL, NULL, 0, NULL),
(1919, NULL, '', '', '', '2000-01-01', '0000-00-00', '', '', '', NULL, NULL, NULL, NULL, NULL, NULL, NULL, NULL, 0, NULL),
(1920, NULL, '', '', '', '2000-01-01', '0000-00-00', '', '', '', NULL, NULL, NULL, NULL, NULL, NULL, NULL, NULL, 0, NULL),
(1921, NULL, '', '', '', '2000-01-01', '0000-00-00', '', '', '', NULL, NULL, NULL, NULL, NULL, NULL, NULL, NULL, 0, NULL),
(1922, NULL, '', '', '', '2000-01-01', '0000-00-00', '', '', '', NULL, NULL, NULL, NULL, NULL, NULL, NULL, NULL, 0, NULL),
(1923, NULL, '', '', '', '2000-01-01', '0000-00-00', '', '', '', NULL, NULL, NULL, NULL, NULL, NULL, NULL, NULL, 0, NULL),
(1924, NULL, '', '', '', '2000-01-01', '0000-00-00', '', '', '', NULL, NULL, NULL, NULL, NULL, NULL, NULL, NULL, 0, NULL),
(1925, NULL, '', '', '', '2000-01-01', '0000-00-00', '', '', '', NULL, NULL, NULL, NULL, NULL, NULL, NULL, NULL, 0, NULL),
(1926, NULL, '', '', '', '2000-01-01', '0000-00-00', '', '', '', NULL, NULL, NULL, NULL, NULL, NULL, NULL, NULL, 0, NULL),
(1927, NULL, '', '', '', '2000-01-01', '0000-00-00', '', '', '', NULL, NULL, NULL, NULL, NULL, NULL, NULL, NULL, 0, NULL),
(1928, NULL, '', '', '', '2000-01-01', '0000-00-00', '', '', '', NULL, NULL, NULL, NULL, NULL, NULL, NULL, NULL, 0, NULL),
(1929, NULL, '', '', '', '2000-01-01', '0000-00-00', '', '', '', NULL, NULL, NULL, NULL, NULL, NULL, NULL, NULL, 0, NULL),
(1930, NULL, '', '', '', '2000-01-01', '0000-00-00', '', '', '', NULL, NULL, NULL, NULL, NULL, NULL, NULL, NULL, 0, NULL),
(1931, NULL, '', '', '', '2000-01-01', '0000-00-00', '', '', '', NULL, NULL, NULL, NULL, NULL, NULL, NULL, NULL, 0, NULL),
(1932, NULL, '', '', '', '2000-01-01', '0000-00-00', '', '', '', NULL, NULL, NULL, NULL, NULL, NULL, NULL, NULL, 0, NULL),
(1933, NULL, '', '', '', '2000-01-01', '0000-00-00', '', '', '', NULL, NULL, NULL, NULL, NULL, NULL, NULL, NULL, 0, NULL),
(1934, NULL, '', '', '', '2000-01-01', '0000-00-00', '', '', '', NULL, NULL, NULL, NULL, NULL, NULL, NULL, NULL, 0, NULL),
(1935, NULL, '', '', '', '2000-01-01', '0000-00-00', '', '', '', NULL, NULL, NULL, NULL, NULL, NULL, NULL, NULL, 0, NULL),
(1936, NULL, '', '', '', '2000-01-01', '0000-00-00', '', '', '', NULL, NULL, NULL, NULL, NULL, NULL, NULL, NULL, 0, NULL),
(1937, NULL, '', '', '', '2000-01-01', '0000-00-00', '', '', '', NULL, NULL, NULL, NULL, NULL, NULL, NULL, NULL, 0, NULL),
(1938, NULL, '', '', '', '2000-01-01', '0000-00-00', '', '', '', NULL, NULL, NULL, NULL, NULL, NULL, NULL, NULL, 0, NULL),
(1939, NULL, '', '', '', '2000-01-01', '0000-00-00', '', '', '', NULL, NULL, NULL, NULL, NULL, NULL, NULL, NULL, 0, NULL),
(1940, NULL, '', '', '', '2000-01-01', '0000-00-00', '', '', '', NULL, NULL, NULL, NULL, NULL, NULL, NULL, NULL, 0, NULL),
(1941, NULL, '', '', '', '2000-01-01', '0000-00-00', '', '', '', NULL, NULL, NULL, NULL, NULL, NULL, NULL, NULL, 0, NULL),
(1942, NULL, '', '', '', '2000-01-01', '0000-00-00', '', '', '', NULL, NULL, NULL, NULL, NULL, NULL, NULL, NULL, 0, NULL),
(1943, NULL, '', '', '', '2000-01-01', '0000-00-00', '', '', '', NULL, NULL, NULL, NULL, NULL, NULL, NULL, NULL, 0, NULL),
(1944, NULL, '', '', '', '2000-01-01', '0000-00-00', '', '', '', NULL, NULL, NULL, NULL, NULL, NULL, NULL, NULL, 0, NULL),
(1945, NULL, '', '', '', '2000-01-01', '0000-00-00', '', '', '', NULL, NULL, NULL, NULL, NULL, NULL, NULL, NULL, 0, NULL),
(1946, NULL, '', '', '', '2000-01-01', '0000-00-00', '', '', '', NULL, NULL, NULL, NULL, NULL, NULL, NULL, NULL, 0, NULL),
(1947, NULL, '', '', '', '2000-01-01', '0000-00-00', '', '', '', NULL, NULL, NULL, NULL, NULL, NULL, NULL, NULL, 0, NULL),
(1948, NULL, '', '', '', '2000-01-01', '0000-00-00', '', '', '', NULL, NULL, NULL, NULL, NULL, NULL, NULL, NULL, 0, NULL),
(1949, NULL, '', '', '', '2000-01-01', '0000-00-00', '', '', '', NULL, NULL, NULL, NULL, NULL, NULL, NULL, NULL, 0, NULL),
(1950, NULL, '', '', '', '2000-01-01', '0000-00-00', '', '', '', NULL, NULL, NULL, NULL, NULL, NULL, NULL, NULL, 0, NULL),
(1951, NULL, '', '', '', '2000-01-01', '0000-00-00', '', '', '', NULL, NULL, NULL, NULL, NULL, NULL, NULL, NULL, 0, NULL),
(1952, NULL, '', '', '', '2000-01-01', '0000-00-00', '', '', '', NULL, NULL, NULL, NULL, NULL, NULL, NULL, NULL, 0, NULL),
(1953, NULL, '', '', '', '2000-01-01', '0000-00-00', '', '', '', NULL, NULL, NULL, NULL, NULL, NULL, NULL, NULL, 0, NULL),
(1954, NULL, '', '', '', '2000-01-01', '0000-00-00', '', '', '', NULL, NULL, NULL, NULL, NULL, NULL, NULL, NULL, 0, NULL),
(1955, NULL, '', '', '', '2000-01-01', '0000-00-00', '', '', '', NULL, NULL, NULL, NULL, NULL, NULL, NULL, NULL, 0, NULL),
(1956, NULL, '', '', '', '2000-01-01', '0000-00-00', '', '', '', NULL, NULL, NULL, NULL, NULL, NULL, NULL, NULL, 0, NULL),
(1957, NULL, '', '', '', '2000-01-01', '0000-00-00', '', '', '', NULL, NULL, NULL, NULL, NULL, NULL, NULL, NULL, 0, NULL),
(1958, NULL, '', '', '', '2000-01-01', '0000-00-00', '', '', '', NULL, NULL, NULL, NULL, NULL, NULL, NULL, NULL, 0, NULL),
(1959, NULL, '', '', '', '2000-01-01', '0000-00-00', '', '', '', NULL, NULL, NULL, NULL, NULL, NULL, NULL, NULL, 0, NULL),
(1960, NULL, '', '', '', '2000-01-01', '0000-00-00', '', '', '', NULL, NULL, NULL, NULL, NULL, NULL, NULL, NULL, 0, NULL),
(1961, NULL, '', '', '', '2000-01-01', '0000-00-00', '', '', '', NULL, NULL, NULL, NULL, NULL, NULL, NULL, NULL, 0, NULL),
(1962, NULL, '', '', '', '2000-01-01', '0000-00-00', '', '', '', NULL, NULL, NULL, NULL, NULL, NULL, NULL, NULL, 0, NULL),
(1963, NULL, '', '', '', '2000-01-01', '0000-00-00', '', '', '', NULL, NULL, NULL, NULL, NULL, NULL, NULL, NULL, 0, NULL),
(1964, NULL, '', '', '', '2000-01-01', '0000-00-00', '', '', '', NULL, NULL, NULL, NULL, NULL, NULL, NULL, NULL, 0, NULL),
(1965, NULL, '', '', '', '2000-01-01', '0000-00-00', '', '', '', NULL, NULL, NULL, NULL, NULL, NULL, NULL, NULL, 0, NULL),
(1966, NULL, '', '', '', '2000-01-01', '0000-00-00', '', '', '', NULL, NULL, NULL, NULL, NULL, NULL, NULL, NULL, 0, NULL),
(1967, NULL, '', '', '', '2000-01-01', '0000-00-00', '', '', '', NULL, NULL, NULL, NULL, NULL, NULL, NULL, NULL, 0, NULL),
(1968, NULL, '', '', '', '2000-01-01', '0000-00-00', '', '', '', NULL, NULL, NULL, NULL, NULL, NULL, NULL, NULL, 0, NULL),
(1969, NULL, '', '', '', '2000-01-01', '0000-00-00', '', '', '', NULL, NULL, NULL, NULL, NULL, NULL, NULL, NULL, 0, NULL),
(1970, NULL, '', '', '', '2000-01-01', '0000-00-00', '', '', '', NULL, NULL, NULL, NULL, NULL, NULL, NULL, NULL, 0, NULL),
(1971, NULL, '', '', '', '2000-01-01', '0000-00-00', '', '', '', NULL, NULL, NULL, NULL, NULL, NULL, NULL, NULL, 0, NULL),
(1972, NULL, '', '', '', '2000-01-01', '0000-00-00', '', '', '', NULL, NULL, NULL, NULL, NULL, NULL, NULL, NULL, 0, NULL),
(1973, NULL, '', '', '', '2000-01-01', '0000-00-00', '', '', '', NULL, NULL, NULL, NULL, NULL, NULL, NULL, NULL, 0, NULL),
(1974, NULL, '', '', '', '2000-01-01', '0000-00-00', '', '', '', NULL, NULL, NULL, NULL, NULL, NULL, NULL, NULL, 0, NULL),
(1975, NULL, '', '', '', '2000-01-01', '0000-00-00', '', '', '', NULL, NULL, NULL, NULL, NULL, NULL, NULL, NULL, 0, NULL),
(1976, NULL, '', '', '', '2000-01-01', '0000-00-00', '', '', '', NULL, NULL, NULL, NULL, NULL, NULL, NULL, NULL, 0, NULL),
(1977, NULL, '', '', '', '2000-01-01', '0000-00-00', '', '', '', NULL, NULL, NULL, NULL, NULL, NULL, NULL, NULL, 0, NULL),
(1978, NULL, '', '', '', '2000-01-01', '0000-00-00', '', '', '', NULL, NULL, NULL, NULL, NULL, NULL, NULL, NULL, 0, NULL),
(1979, NULL, '', '', '', '2000-01-01', '0000-00-00', '', '', '', NULL, NULL, NULL, NULL, NULL, NULL, NULL, NULL, 0, NULL),
(1980, NULL, '', '', '', '2000-01-01', '0000-00-00', '', '', '', NULL, NULL, NULL, NULL, NULL, NULL, NULL, NULL, 0, NULL),
(1981, NULL, '', '', '', '2000-01-01', '0000-00-00', '', '', '', NULL, NULL, NULL, NULL, NULL, NULL, NULL, NULL, 0, NULL),
(1982, NULL, '', '', '', '2000-01-01', '0000-00-00', '', '', '', NULL, NULL, NULL, NULL, NULL, NULL, NULL, NULL, 0, NULL),
(1983, NULL, '', '', '', '2000-01-01', '0000-00-00', '', '', '', NULL, NULL, NULL, NULL, NULL, NULL, NULL, NULL, 0, NULL),
(1984, NULL, '', '', '', '2000-01-01', '0000-00-00', '', '', '', NULL, NULL, NULL, NULL, NULL, NULL, NULL, NULL, 0, NULL),
(1985, NULL, '', '', '', '2000-01-01', '0000-00-00', '', '', '', NULL, NULL, NULL, NULL, NULL, NULL, NULL, NULL, 0, NULL),
(1986, NULL, '', '', '', '2000-01-01', '0000-00-00', '', '', '', NULL, NULL, NULL, NULL, NULL, NULL, NULL, NULL, 0, NULL),
(1987, NULL, '', '', '', '2000-01-01', '0000-00-00', '', '', '', NULL, NULL, NULL, NULL, NULL, NULL, NULL, NULL, 0, NULL),
(1988, NULL, '', '', '', '2000-01-01', '0000-00-00', '', '', '', NULL, NULL, NULL, NULL, NULL, NULL, NULL, NULL, 0, NULL),
(1989, NULL, '', '', '', '2000-01-01', '0000-00-00', '', '', '', NULL, NULL, NULL, NULL, NULL, NULL, NULL, NULL, 0, NULL),
(1990, NULL, '', '', '', '2000-01-01', '0000-00-00', '', '', '', NULL, NULL, NULL, NULL, NULL, NULL, NULL, NULL, 0, NULL),
(1991, NULL, '', '', '', '2000-01-01', '0000-00-00', '', '', '', NULL, NULL, NULL, NULL, NULL, NULL, NULL, NULL, 0, NULL),
(1992, NULL, '', '', '', '2000-01-01', '0000-00-00', '', '', '', NULL, NULL, NULL, NULL, NULL, NULL, NULL, NULL, 0, NULL),
(1993, NULL, '', '', '', '2000-01-01', '0000-00-00', '', '', '', NULL, NULL, NULL, NULL, NULL, NULL, NULL, NULL, 0, NULL),
(1994, NULL, '', '', '', '2000-01-01', '0000-00-00', '', '', '', NULL, NULL, NULL, NULL, NULL, NULL, NULL, NULL, 0, NULL),
(1995, NULL, '', '', '', '2000-01-01', '0000-00-00', '', '', '', NULL, NULL, NULL, NULL, NULL, NULL, NULL, NULL, 0, NULL),
(1996, NULL, '', '', '', '2000-01-01', '0000-00-00', '', '', '', NULL, NULL, NULL, NULL, NULL, NULL, NULL, NULL, 0, NULL),
(1997, NULL, '', '', '', '2000-01-01', '0000-00-00', '', '', '', NULL, NULL, NULL, NULL, NULL, NULL, NULL, NULL, 0, NULL),
(1998, NULL, '', '', '', '2000-01-01', '0000-00-00', '', '', '', NULL, NULL, NULL, NULL, NULL, NULL, NULL, NULL, 0, NULL),
(1999, NULL, '', '', '', '2000-01-01', '0000-00-00', '', '', '', NULL, NULL, NULL, NULL, NULL, NULL, NULL, NULL, 0, NULL),
(2000, NULL, '', '', '', '2000-01-01', '0000-00-00', '', '', '', NULL, NULL, NULL, NULL, NULL, NULL, NULL, NULL, 0, NULL),
(2001, NULL, '', '', '', '2000-01-01', '0000-00-00', '', '', '', NULL, NULL, NULL, NULL, NULL, NULL, NULL, NULL, 0, NULL),
(2002, NULL, '', '', '', '2000-01-01', '0000-00-00', '', '', '', NULL, NULL, NULL, NULL, NULL, NULL, NULL, NULL, 0, NULL),
(2003, NULL, '', '', '', '2000-01-01', '0000-00-00', '', '', '', NULL, NULL, NULL, NULL, NULL, NULL, NULL, NULL, 0, NULL),
(2004, NULL, '', '', '', '2000-01-01', '0000-00-00', '', '', '', NULL, NULL, NULL, NULL, NULL, NULL, NULL, NULL, 0, NULL),
(2005, NULL, '', '', '', '2000-01-01', '0000-00-00', '', '', '', NULL, NULL, NULL, NULL, NULL, NULL, NULL, NULL, 0, NULL),
(2006, NULL, '', '', '', '2000-01-01', '0000-00-00', '', '', '', NULL, NULL, NULL, NULL, NULL, NULL, NULL, NULL, 0, NULL),
(2007, NULL, '', '', '', '2000-01-01', '0000-00-00', '', '', '', NULL, NULL, NULL, NULL, NULL, NULL, NULL, NULL, 0, NULL),
(2008, NULL, '', '', '', '2000-01-01', '0000-00-00', '', '', '', NULL, NULL, NULL, NULL, NULL, NULL, NULL, NULL, 0, NULL),
(2009, NULL, '', '', '', '2000-01-01', '0000-00-00', '', '', '', NULL, NULL, NULL, NULL, NULL, NULL, NULL, NULL, 0, NULL),
(2010, NULL, '', '', '', '2000-01-01', '0000-00-00', '', '', '', NULL, NULL, NULL, NULL, NULL, NULL, NULL, NULL, 0, NULL),
(2011, NULL, '', '', '', '2000-01-01', '0000-00-00', '', '', '', NULL, NULL, NULL, NULL, NULL, NULL, NULL, NULL, 0, NULL),
(2012, NULL, '', '', '', '2000-01-01', '0000-00-00', '', '', '', NULL, NULL, NULL, NULL, NULL, NULL, NULL, NULL, 0, NULL),
(2013, NULL, '', '', '', '2000-01-01', '0000-00-00', '', '', '', NULL, NULL, NULL, NULL, NULL, NULL, NULL, NULL, 0, NULL),
(2014, NULL, '', '', '', '2000-01-01', '0000-00-00', '', '', '', NULL, NULL, NULL, NULL, NULL, NULL, NULL, NULL, 0, NULL),
(2015, NULL, '', '', '', '2000-01-01', '0000-00-00', '', '', '', NULL, NULL, NULL, NULL, NULL, NULL, NULL, NULL, 0, NULL),
(2016, NULL, '', '', '', '2000-01-01', '0000-00-00', '', '', '', NULL, NULL, NULL, NULL, NULL, NULL, NULL, NULL, 0, NULL),
(2017, NULL, '', '', '', '2000-01-01', '0000-00-00', '', '', '', NULL, NULL, NULL, NULL, NULL, NULL, NULL, NULL, 0, NULL),
(2018, NULL, '', '', '', '2000-01-01', '0000-00-00', '', '', '', NULL, NULL, NULL, NULL, NULL, NULL, NULL, NULL, 0, NULL),
(2019, NULL, '', '', '', '2000-01-01', '0000-00-00', '', '', '', NULL, NULL, NULL, NULL, NULL, NULL, NULL, NULL, 0, NULL),
(2020, NULL, '', '', '', '2000-01-01', '0000-00-00', '', '', '', NULL, NULL, NULL, NULL, NULL, NULL, NULL, NULL, 0, NULL),
(2021, NULL, '', '', '', '2000-01-01', '0000-00-00', '', '', '', NULL, NULL, NULL, NULL, NULL, NULL, NULL, NULL, 0, NULL),
(2022, NULL, '', '', '', '2000-01-01', '0000-00-00', '', '', '', NULL, NULL, NULL, NULL, NULL, NULL, NULL, NULL, 0, NULL),
(2023, NULL, '', '', '', '2000-01-01', '0000-00-00', '', '', '', NULL, NULL, NULL, NULL, NULL, NULL, NULL, NULL, 0, NULL),
(2024, NULL, '', '', '', '2000-01-01', '0000-00-00', '', '', '', NULL, NULL, NULL, NULL, NULL, NULL, NULL, NULL, 0, NULL),
(2025, NULL, '', '', '', '2000-01-01', '0000-00-00', '', '', '', NULL, NULL, NULL, NULL, NULL, NULL, NULL, NULL, 0, NULL),
(2026, NULL, '', '', '', '2000-01-01', '0000-00-00', '', '', '', NULL, NULL, NULL, NULL, NULL, NULL, NULL, NULL, 0, NULL),
(2027, NULL, '', '', '', '2000-01-01', '0000-00-00', '', '', '', NULL, NULL, NULL, NULL, NULL, NULL, NULL, NULL, 0, NULL),
(2028, NULL, '', '', '', '2000-01-01', '0000-00-00', '', '', '', NULL, NULL, NULL, NULL, NULL, NULL, NULL, NULL, 0, NULL),
(2029, NULL, '', '', '', '2000-01-01', '0000-00-00', '', '', '', NULL, NULL, NULL, NULL, NULL, NULL, NULL, NULL, 0, NULL),
(2030, NULL, '', '', '', '2000-01-01', '0000-00-00', '', '', '', NULL, NULL, NULL, NULL, NULL, NULL, NULL, NULL, 0, NULL),
(2031, NULL, '', '', '', '2000-01-01', '0000-00-00', '', '', '', NULL, NULL, NULL, NULL, NULL, NULL, NULL, NULL, 0, NULL),
(2032, NULL, '', '', '', '2000-01-01', '0000-00-00', '', '', '', NULL, NULL, NULL, NULL, NULL, NULL, NULL, NULL, 0, NULL),
(2033, NULL, '', '', '', '2000-01-01', '0000-00-00', '', '', '', NULL, NULL, NULL, NULL, NULL, NULL, NULL, NULL, 0, NULL),
(2034, NULL, '', '', '', '2000-01-01', '0000-00-00', '', '', '', NULL, NULL, NULL, NULL, NULL, NULL, NULL, NULL, 0, NULL),
(2035, NULL, '', '', '', '2000-01-01', '0000-00-00', '', '', '', NULL, NULL, NULL, NULL, NULL, NULL, NULL, NULL, 0, NULL),
(2036, NULL, '', '', '', '2000-01-01', '0000-00-00', '', '', '', NULL, NULL, NULL, NULL, NULL, NULL, NULL, NULL, 0, NULL),
(2037, NULL, '', '', '', '2000-01-01', '0000-00-00', '', '', '', NULL, NULL, NULL, NULL, NULL, NULL, NULL, NULL, 0, NULL),
(2038, NULL, '', '', '', '2000-01-01', '0000-00-00', '', '', '', NULL, NULL, NULL, NULL, NULL, NULL, NULL, NULL, 0, NULL),
(2039, NULL, '', '', '', '2000-01-01', '0000-00-00', '', '', '', NULL, NULL, NULL, NULL, NULL, NULL, NULL, NULL, 0, NULL),
(2040, NULL, '', '', '', '2000-01-01', '0000-00-00', '', '', '', NULL, NULL, NULL, NULL, NULL, NULL, NULL, NULL, 0, NULL),
(2041, NULL, '', '', '', '2000-01-01', '0000-00-00', '', '', '', NULL, NULL, NULL, NULL, NULL, NULL, NULL, NULL, 0, NULL),
(2042, NULL, '', '', '', '2000-01-01', '0000-00-00', '', '', '', NULL, NULL, NULL, NULL, NULL, NULL, NULL, NULL, 0, NULL),
(2043, NULL, '', '', '', '2000-01-01', '0000-00-00', '', '', '', NULL, NULL, NULL, NULL, NULL, NULL, NULL, NULL, 0, NULL),
(2044, NULL, '', '', '', '2000-01-01', '0000-00-00', '', '', '', NULL, NULL, NULL, NULL, NULL, NULL, NULL, NULL, 0, NULL),
(2045, NULL, '', '', '', '2000-01-01', '0000-00-00', '', '', '', NULL, NULL, NULL, NULL, NULL, NULL, NULL, NULL, 0, NULL),
(2046, NULL, '', '', '', '2000-01-01', '0000-00-00', '', '', '', NULL, NULL, NULL, NULL, NULL, NULL, NULL, NULL, 0, NULL),
(2047, NULL, '', '', '', '2000-01-01', '0000-00-00', '', '', '', NULL, NULL, NULL, NULL, NULL, NULL, NULL, NULL, 0, NULL),
(2048, NULL, '', '', '', '2000-01-01', '0000-00-00', '', '', '', NULL, NULL, NULL, NULL, NULL, NULL, NULL, NULL, 0, NULL),
(2049, NULL, '', '', '', '2000-01-01', '0000-00-00', '', '', '', NULL, NULL, NULL, NULL, NULL, NULL, NULL, NULL, 0, NULL),
(2050, NULL, '', '', '', '2000-01-01', '0000-00-00', '', '', '', NULL, NULL, NULL, NULL, NULL, NULL, NULL, NULL, 0, NULL),
(2051, NULL, '', '', '', '2000-01-01', '0000-00-00', '', '', '', NULL, NULL, NULL, NULL, NULL, NULL, NULL, NULL, 0, NULL),
(2052, NULL, '', '', '', '2000-01-01', '0000-00-00', '', '', '', NULL, NULL, NULL, NULL, NULL, NULL, NULL, NULL, 0, NULL),
(2053, NULL, '', '', '', '2000-01-01', '0000-00-00', '', '', '', NULL, NULL, NULL, NULL, NULL, NULL, NULL, NULL, 0, NULL),
(2054, NULL, '', '', '', '2000-01-01', '0000-00-00', '', '', '', NULL, NULL, NULL, NULL, NULL, NULL, NULL, NULL, 0, NULL),
(2055, NULL, '', '', '', '2000-01-01', '0000-00-00', '', '', '', NULL, NULL, NULL, NULL, NULL, NULL, NULL, NULL, 0, NULL),
(2056, NULL, '', '', '', '2000-01-01', '0000-00-00', '', '', '', NULL, NULL, NULL, NULL, NULL, NULL, NULL, NULL, 0, NULL),
(2057, NULL, '', '', '', '2000-01-01', '0000-00-00', '', '', '', NULL, NULL, NULL, NULL, NULL, NULL, NULL, NULL, 0, NULL),
(2058, NULL, '', '', '', '2000-01-01', '0000-00-00', '', '', '', NULL, NULL, NULL, NULL, NULL, NULL, NULL, NULL, 0, NULL);
INSERT INTO `jobs` (`jobid`, `complete`, `job_type`, `job_description`, `job_status`, `due_date`, `creation_date`, `sage_reference`, `po_number`, `job_number`, `number_of_assets`, `notes`, `quote_number`, `result`, `result_description`, `next_action`, `next_action_description`, `complete_date`, `add_asset`, `invoice_number`) VALUES
(2059, NULL, '', '', '', '2000-01-01', '0000-00-00', '', '', '', NULL, NULL, NULL, NULL, NULL, NULL, NULL, NULL, 0, NULL),
(2060, NULL, '', '', '', '2000-01-01', '0000-00-00', '', '', '', NULL, NULL, NULL, NULL, NULL, NULL, NULL, NULL, 0, NULL),
(2061, NULL, '', '', '', '2000-01-01', '0000-00-00', '', '', '', NULL, NULL, NULL, NULL, NULL, NULL, NULL, NULL, 0, NULL),
(2062, NULL, '', '', '', '2000-01-01', '0000-00-00', '', '', '', NULL, NULL, NULL, NULL, NULL, NULL, NULL, NULL, 0, NULL),
(2063, NULL, '', '', '', '2000-01-01', '0000-00-00', '', '', '', NULL, NULL, NULL, NULL, NULL, NULL, NULL, NULL, 0, NULL),
(2064, NULL, '', '', '', '2000-01-01', '0000-00-00', '', '', '', NULL, NULL, NULL, NULL, NULL, NULL, NULL, NULL, 0, NULL),
(2065, NULL, '', '', '', '2000-01-01', '0000-00-00', '', '', '', NULL, NULL, NULL, NULL, NULL, NULL, NULL, NULL, 0, NULL),
(2066, NULL, '', '', '', '2000-01-01', '0000-00-00', '', '', '', NULL, NULL, NULL, NULL, NULL, NULL, NULL, NULL, 0, NULL),
(2067, NULL, '', '', '', '2000-01-01', '0000-00-00', '', '', '', NULL, NULL, NULL, NULL, NULL, NULL, NULL, NULL, 0, NULL),
(2068, NULL, '', '', '', '2000-01-01', '0000-00-00', '', '', '', NULL, NULL, NULL, NULL, NULL, NULL, NULL, NULL, 0, NULL),
(2069, NULL, '', '', '', '2000-01-01', '0000-00-00', '', '', '', NULL, NULL, NULL, NULL, NULL, NULL, NULL, NULL, 0, NULL),
(2070, NULL, '', '', '', '2000-01-01', '0000-00-00', '', '', '', NULL, NULL, NULL, NULL, NULL, NULL, NULL, NULL, 0, NULL),
(2071, NULL, '', '', '', '2000-01-01', '0000-00-00', '', '', '', NULL, NULL, NULL, NULL, NULL, NULL, NULL, NULL, 0, NULL),
(2072, NULL, '', '', '', '2000-01-01', '0000-00-00', '', '', '', NULL, NULL, NULL, NULL, NULL, NULL, NULL, NULL, 0, NULL),
(2073, NULL, '', '', '', '2000-01-01', '0000-00-00', '', '', '', NULL, NULL, NULL, NULL, NULL, NULL, NULL, NULL, 0, NULL),
(2074, NULL, '', '', '', '2000-01-01', '0000-00-00', '', '', '', NULL, NULL, NULL, NULL, NULL, NULL, NULL, NULL, 0, NULL),
(2075, NULL, '', '', '', '2000-01-01', '0000-00-00', '', '', '', NULL, NULL, NULL, NULL, NULL, NULL, NULL, NULL, 0, NULL),
(2076, NULL, '', '', '', '2000-01-01', '0000-00-00', '', '', '', NULL, NULL, NULL, NULL, NULL, NULL, NULL, NULL, 0, NULL),
(2077, NULL, '', '', '', '2000-01-01', '0000-00-00', '', '', '', NULL, NULL, NULL, NULL, NULL, NULL, NULL, NULL, 0, NULL),
(2078, NULL, '', '', '', '2000-01-01', '0000-00-00', '', '', '', NULL, NULL, NULL, NULL, NULL, NULL, NULL, NULL, 0, NULL),
(2079, NULL, '', '', '', '2000-01-01', '0000-00-00', '', '', '', NULL, NULL, NULL, NULL, NULL, NULL, NULL, NULL, 0, NULL),
(2080, NULL, '', '', '', '2000-01-01', '0000-00-00', '', '', '', NULL, NULL, NULL, NULL, NULL, NULL, NULL, NULL, 0, NULL),
(2081, NULL, '', '', '', '2000-01-01', '0000-00-00', '', '', '', NULL, NULL, NULL, NULL, NULL, NULL, NULL, NULL, 0, NULL),
(2082, NULL, '', '', '', '2000-01-01', '0000-00-00', '', '', '', NULL, NULL, NULL, NULL, NULL, NULL, NULL, NULL, 0, NULL),
(2083, NULL, '', '', '', '2000-01-01', '0000-00-00', '', '', '', NULL, NULL, NULL, NULL, NULL, NULL, NULL, NULL, 0, NULL),
(2084, NULL, '', '', '', '2000-01-01', '0000-00-00', '', '', '', NULL, NULL, NULL, NULL, NULL, NULL, NULL, NULL, 0, NULL),
(2085, NULL, '', '', '', '2000-01-01', '0000-00-00', '', '', '', NULL, NULL, NULL, NULL, NULL, NULL, NULL, NULL, 0, NULL),
(2086, NULL, '', '', '', '2000-01-01', '0000-00-00', '', '', '', NULL, NULL, NULL, NULL, NULL, NULL, NULL, NULL, 0, NULL),
(2087, NULL, '', '', '', '2000-01-01', '0000-00-00', '', '', '', NULL, NULL, NULL, NULL, NULL, NULL, NULL, NULL, 0, NULL),
(2088, NULL, '', '', '', '2000-01-01', '0000-00-00', '', '', '', NULL, NULL, NULL, NULL, NULL, NULL, NULL, NULL, 0, NULL),
(2089, NULL, '', '', '', '2000-01-01', '0000-00-00', '', '', '', NULL, NULL, NULL, NULL, NULL, NULL, NULL, NULL, 0, NULL),
(2090, NULL, '', '', '', '2000-01-01', '0000-00-00', '', '', '', NULL, NULL, NULL, NULL, NULL, NULL, NULL, NULL, 0, NULL),
(2091, NULL, '', '', '', '2000-01-01', '0000-00-00', '', '', '', NULL, NULL, NULL, NULL, NULL, NULL, NULL, NULL, 0, NULL),
(2092, NULL, '', '', '', '2000-01-01', '0000-00-00', '', '', '', NULL, NULL, NULL, NULL, NULL, NULL, NULL, NULL, 0, NULL),
(2093, NULL, '', '', '', '2000-01-01', '0000-00-00', '', '', '', NULL, NULL, NULL, NULL, NULL, NULL, NULL, NULL, 0, NULL),
(2094, NULL, '', '', '', '2000-01-01', '0000-00-00', '', '', '', NULL, NULL, NULL, NULL, NULL, NULL, NULL, NULL, 0, NULL),
(2095, NULL, '', '', '', '2000-01-01', '0000-00-00', '', '', '', NULL, NULL, NULL, NULL, NULL, NULL, NULL, NULL, 0, NULL),
(2096, NULL, '', '', '', '2000-01-01', '0000-00-00', '', '', '', NULL, NULL, NULL, NULL, NULL, NULL, NULL, NULL, 0, NULL),
(2097, NULL, '', '', '', '2000-01-01', '0000-00-00', '', '', '', NULL, NULL, NULL, NULL, NULL, NULL, NULL, NULL, 0, NULL),
(2098, NULL, '', '', '', '2000-01-01', '0000-00-00', '', '', '', NULL, NULL, NULL, NULL, NULL, NULL, NULL, NULL, 0, NULL),
(2099, NULL, '', '', '', '2000-01-01', '0000-00-00', '', '', '', NULL, NULL, NULL, NULL, NULL, NULL, NULL, NULL, 0, NULL),
(2100, NULL, '', '', '', '2000-01-01', '0000-00-00', '', '', '', NULL, NULL, NULL, NULL, NULL, NULL, NULL, NULL, 0, NULL),
(2101, NULL, '', '', '', '2000-01-01', '0000-00-00', '', '', '', NULL, NULL, NULL, NULL, NULL, NULL, NULL, NULL, 0, NULL),
(2102, NULL, '', '', '', '2000-01-01', '0000-00-00', '', '', '', NULL, NULL, NULL, NULL, NULL, NULL, NULL, NULL, 0, NULL),
(2103, NULL, '', '', '', '2000-01-01', '0000-00-00', '', '', '', NULL, NULL, NULL, NULL, NULL, NULL, NULL, NULL, 0, NULL),
(2104, NULL, '', '', '', '2000-01-01', '0000-00-00', '', '', '', NULL, NULL, NULL, NULL, NULL, NULL, NULL, NULL, 0, NULL),
(2105, NULL, '', '', '', '2000-01-01', '0000-00-00', '', '', '', NULL, NULL, NULL, NULL, NULL, NULL, NULL, NULL, 0, NULL),
(2106, NULL, '', '', '', '2000-01-01', '0000-00-00', '', '', '', NULL, NULL, NULL, NULL, NULL, NULL, NULL, NULL, 0, NULL),
(2107, NULL, '', '', '', '2000-01-01', '0000-00-00', '', '', '', NULL, NULL, NULL, NULL, NULL, NULL, NULL, NULL, 0, NULL),
(2108, NULL, '', '', '', '2000-01-01', '0000-00-00', '', '', '', NULL, NULL, NULL, NULL, NULL, NULL, NULL, NULL, 0, NULL),
(2109, NULL, '', '', '', '2000-01-01', '0000-00-00', '', '', '', NULL, NULL, NULL, NULL, NULL, NULL, NULL, NULL, 0, NULL),
(2110, NULL, '', '', '', '2000-01-01', '0000-00-00', '', '', '', NULL, NULL, NULL, NULL, NULL, NULL, NULL, NULL, 0, NULL),
(2111, NULL, '', '', '', '2000-01-01', '0000-00-00', '', '', '', NULL, NULL, NULL, NULL, NULL, NULL, NULL, NULL, 0, NULL),
(2112, NULL, '', '', '', '2000-01-01', '0000-00-00', '', '', '', NULL, NULL, NULL, NULL, NULL, NULL, NULL, NULL, 0, NULL),
(2113, NULL, '', '', '', '2000-01-01', '0000-00-00', '', '', '', NULL, NULL, NULL, NULL, NULL, NULL, NULL, NULL, 0, NULL),
(2114, NULL, '', '', '', '2000-01-01', '0000-00-00', '', '', '', NULL, NULL, NULL, NULL, NULL, NULL, NULL, NULL, 0, NULL),
(2115, NULL, '', '', '', '2000-01-01', '0000-00-00', '', '', '', NULL, NULL, NULL, NULL, NULL, NULL, NULL, NULL, 0, NULL),
(2116, NULL, '', '', '', '2000-01-01', '0000-00-00', '', '', '', NULL, NULL, NULL, NULL, NULL, NULL, NULL, NULL, 0, NULL),
(2117, NULL, '', '', '', '2000-01-01', '0000-00-00', '', '', '', NULL, NULL, NULL, NULL, NULL, NULL, NULL, NULL, 0, NULL),
(2118, NULL, '', '', '', '2000-01-01', '0000-00-00', '', '', '', NULL, NULL, NULL, NULL, NULL, NULL, NULL, NULL, 0, NULL),
(2119, NULL, '', '', '', '2000-01-01', '0000-00-00', '', '', '', NULL, NULL, NULL, NULL, NULL, NULL, NULL, NULL, 0, NULL),
(2120, NULL, '', '', '', '2000-01-01', '0000-00-00', '', '', '', NULL, NULL, NULL, NULL, NULL, NULL, NULL, NULL, 0, NULL),
(2121, NULL, '', '', '', '2000-01-01', '0000-00-00', '', '', '', NULL, NULL, NULL, NULL, NULL, NULL, NULL, NULL, 0, NULL),
(2122, NULL, '', '', '', '2000-01-01', '0000-00-00', '', '', '', NULL, NULL, NULL, NULL, NULL, NULL, NULL, NULL, 0, NULL),
(2123, NULL, '', '', '', '2000-01-01', '0000-00-00', '', '', '', NULL, NULL, NULL, NULL, NULL, NULL, NULL, NULL, 0, NULL),
(2124, NULL, '', '', '', '2000-01-01', '0000-00-00', '', '', '', NULL, NULL, NULL, NULL, NULL, NULL, NULL, NULL, 0, NULL),
(2125, NULL, '', '', '', '2000-01-01', '0000-00-00', '', '', '', NULL, NULL, NULL, NULL, NULL, NULL, NULL, NULL, 0, NULL),
(2126, NULL, '', '', '', '2000-01-01', '0000-00-00', '', '', '', NULL, NULL, NULL, NULL, NULL, NULL, NULL, NULL, 0, NULL),
(2127, NULL, '', '', '', '2000-01-01', '0000-00-00', '', '', '', NULL, NULL, NULL, NULL, NULL, NULL, NULL, NULL, 0, NULL),
(2128, NULL, '', '', '', '2000-01-01', '0000-00-00', '', '', '', NULL, NULL, NULL, NULL, NULL, NULL, NULL, NULL, 0, NULL),
(2129, NULL, '', '', '', '2000-01-01', '0000-00-00', '', '', '', NULL, NULL, NULL, NULL, NULL, NULL, NULL, NULL, 0, NULL),
(2130, NULL, '', '', '', '2000-01-01', '0000-00-00', '', '', '', NULL, NULL, NULL, NULL, NULL, NULL, NULL, NULL, 0, NULL),
(2131, NULL, '', '', '', '2000-01-01', '0000-00-00', '', '', '', NULL, NULL, NULL, NULL, NULL, NULL, NULL, NULL, 0, NULL),
(2132, NULL, '', '', '', '2000-01-01', '0000-00-00', '', '', '', NULL, NULL, NULL, NULL, NULL, NULL, NULL, NULL, 0, NULL),
(2133, NULL, '', '', '', '2000-01-01', '0000-00-00', '', '', '', NULL, NULL, NULL, NULL, NULL, NULL, NULL, NULL, 0, NULL),
(2134, NULL, '', '', '', '2000-01-01', '0000-00-00', '', '', '', NULL, NULL, NULL, NULL, NULL, NULL, NULL, NULL, 0, NULL),
(2135, NULL, '', '', '', '2000-01-01', '0000-00-00', '', '', '', NULL, NULL, NULL, NULL, NULL, NULL, NULL, NULL, 0, NULL),
(2136, NULL, '', '', '', '2000-01-01', '0000-00-00', '', '', '', NULL, NULL, NULL, NULL, NULL, NULL, NULL, NULL, 0, NULL),
(2137, NULL, '', '', '', '2000-01-01', '0000-00-00', '', '', '', NULL, NULL, NULL, NULL, NULL, NULL, NULL, NULL, 0, NULL),
(2138, NULL, '', '', '', '2000-01-01', '0000-00-00', '', '', '', NULL, NULL, NULL, NULL, NULL, NULL, NULL, NULL, 0, NULL),
(2139, NULL, '', '', '', '2000-01-01', '0000-00-00', '', '', '', NULL, NULL, NULL, NULL, NULL, NULL, NULL, NULL, 0, NULL),
(2140, NULL, '', '', '', '2000-01-01', '0000-00-00', '', '', '', NULL, NULL, NULL, NULL, NULL, NULL, NULL, NULL, 0, NULL),
(2141, NULL, '', '', '', '2000-01-01', '0000-00-00', '', '', '', NULL, NULL, NULL, NULL, NULL, NULL, NULL, NULL, 0, NULL),
(2142, NULL, '', '', '', '2000-01-01', '0000-00-00', '', '', '', NULL, NULL, NULL, NULL, NULL, NULL, NULL, NULL, 0, NULL),
(2143, NULL, '', '', '', '2000-01-01', '0000-00-00', '', '', '', NULL, NULL, NULL, NULL, NULL, NULL, NULL, NULL, 0, NULL),
(2144, NULL, '', '', '', '2000-01-01', '0000-00-00', '', '', '', NULL, NULL, NULL, NULL, NULL, NULL, NULL, NULL, 0, NULL),
(2145, NULL, '', '', '', '2000-01-01', '0000-00-00', '', '', '', NULL, NULL, NULL, NULL, NULL, NULL, NULL, NULL, 0, NULL),
(2146, NULL, '', '', '', '2000-01-01', '0000-00-00', '', '', '', NULL, NULL, NULL, NULL, NULL, NULL, NULL, NULL, 0, NULL),
(2147, NULL, '', '', '', '2000-01-01', '0000-00-00', '', '', '', NULL, NULL, NULL, NULL, NULL, NULL, NULL, NULL, 0, NULL),
(2148, NULL, '', '', '', '2000-01-01', '0000-00-00', '', '', '', NULL, NULL, NULL, NULL, NULL, NULL, NULL, NULL, 0, NULL),
(2149, NULL, '', '', '', '2000-01-01', '0000-00-00', '', '', '', NULL, NULL, NULL, NULL, NULL, NULL, NULL, NULL, 0, NULL),
(2150, NULL, '', '', '', '2000-01-01', '0000-00-00', '', '', '', NULL, NULL, NULL, NULL, NULL, NULL, NULL, NULL, 0, NULL),
(2151, NULL, '', '', '', '2000-01-01', '0000-00-00', '', '', '', NULL, NULL, NULL, NULL, NULL, NULL, NULL, NULL, 0, NULL),
(2152, NULL, '', '', '', '2000-01-01', '0000-00-00', '', '', '', NULL, NULL, NULL, NULL, NULL, NULL, NULL, NULL, 0, NULL),
(2153, NULL, '', '', '', '2000-01-01', '0000-00-00', '', '', '', NULL, NULL, NULL, NULL, NULL, NULL, NULL, NULL, 0, NULL),
(2154, NULL, '', '', '', '2000-01-01', '0000-00-00', '', '', '', NULL, NULL, NULL, NULL, NULL, NULL, NULL, NULL, 0, NULL),
(2155, NULL, '', '', '', '2000-01-01', '0000-00-00', '', '', '', NULL, NULL, NULL, NULL, NULL, NULL, NULL, NULL, 0, NULL),
(2156, NULL, '', '', '', '2000-01-01', '0000-00-00', '', '', '', NULL, NULL, NULL, NULL, NULL, NULL, NULL, NULL, 0, NULL),
(2157, NULL, '', '', '', '2000-01-01', '0000-00-00', '', '', '', NULL, NULL, NULL, NULL, NULL, NULL, NULL, NULL, 0, NULL),
(2158, NULL, '', '', '', '2000-01-01', '0000-00-00', '', '', '', NULL, NULL, NULL, NULL, NULL, NULL, NULL, NULL, 0, NULL),
(2159, NULL, '', '', '', '2000-01-01', '0000-00-00', '', '', '', NULL, NULL, NULL, NULL, NULL, NULL, NULL, NULL, 0, NULL),
(2160, NULL, '', '', '', '2000-01-01', '0000-00-00', '', '', '', NULL, NULL, NULL, NULL, NULL, NULL, NULL, NULL, 0, NULL),
(2161, NULL, '', '', '', '2000-01-01', '0000-00-00', '', '', '', NULL, NULL, NULL, NULL, NULL, NULL, NULL, NULL, 0, NULL),
(2162, NULL, '', '', '', '2000-01-01', '0000-00-00', '', '', '', NULL, NULL, NULL, NULL, NULL, NULL, NULL, NULL, 0, NULL),
(2163, NULL, '', '', '', '2000-01-01', '0000-00-00', '', '', '', NULL, NULL, NULL, NULL, NULL, NULL, NULL, NULL, 0, NULL),
(2164, NULL, '', '', '', '2000-01-01', '0000-00-00', '', '', '', NULL, NULL, NULL, NULL, NULL, NULL, NULL, NULL, 0, NULL),
(2165, NULL, '', '', '', '2000-01-01', '0000-00-00', '', '', '', NULL, NULL, NULL, NULL, NULL, NULL, NULL, NULL, 0, NULL),
(2166, NULL, '', '', '', '2000-01-01', '0000-00-00', '', '', '', NULL, NULL, NULL, NULL, NULL, NULL, NULL, NULL, 0, NULL),
(2167, NULL, '', '', '', '2000-01-01', '0000-00-00', '', '', '', NULL, NULL, NULL, NULL, NULL, NULL, NULL, NULL, 0, NULL),
(2168, NULL, '', '', '', '2000-01-01', '0000-00-00', '', '', '', NULL, NULL, NULL, NULL, NULL, NULL, NULL, NULL, 0, NULL),
(2169, NULL, '', '', '', '2000-01-01', '0000-00-00', '', '', '', NULL, NULL, NULL, NULL, NULL, NULL, NULL, NULL, 0, NULL),
(2170, NULL, '', '', '', '2000-01-01', '0000-00-00', '', '', '', NULL, NULL, NULL, NULL, NULL, NULL, NULL, NULL, 0, NULL),
(2171, NULL, '', '', '', '2000-01-01', '0000-00-00', '', '', '', NULL, NULL, NULL, NULL, NULL, NULL, NULL, NULL, 0, NULL),
(2172, NULL, '', '', '', '2000-01-01', '0000-00-00', '', '', '', NULL, NULL, NULL, NULL, NULL, NULL, NULL, NULL, 0, NULL),
(2173, NULL, '', '', '', '2000-01-01', '0000-00-00', '', '', '', NULL, NULL, NULL, NULL, NULL, NULL, NULL, NULL, 0, NULL),
(2174, NULL, '', '', '', '2000-01-01', '0000-00-00', '', '', '', NULL, NULL, NULL, NULL, NULL, NULL, NULL, NULL, 0, NULL),
(2175, NULL, '', '', '', '2000-01-01', '0000-00-00', '', '', '', NULL, NULL, NULL, NULL, NULL, NULL, NULL, NULL, 0, NULL),
(2176, NULL, '', '', '', '2000-01-01', '0000-00-00', '', '', '', NULL, NULL, NULL, NULL, NULL, NULL, NULL, NULL, 0, NULL),
(2177, NULL, '', '', '', '2000-01-01', '0000-00-00', '', '', '', NULL, NULL, NULL, NULL, NULL, NULL, NULL, NULL, 0, NULL),
(2178, NULL, '', '', '', '2000-01-01', '0000-00-00', '', '', '', NULL, NULL, NULL, NULL, NULL, NULL, NULL, NULL, 0, NULL),
(2179, NULL, '', '', '', '2000-01-01', '0000-00-00', '', '', '', NULL, NULL, NULL, NULL, NULL, NULL, NULL, NULL, 0, NULL),
(2180, NULL, '', '', '', '2000-01-01', '0000-00-00', '', '', '', NULL, NULL, NULL, NULL, NULL, NULL, NULL, NULL, 0, NULL),
(2181, NULL, '', '', '', '2000-01-01', '0000-00-00', '', '', '', NULL, NULL, NULL, NULL, NULL, NULL, NULL, NULL, 0, NULL),
(2182, NULL, '', '', '', '2000-01-01', '0000-00-00', '', '', '', NULL, NULL, NULL, NULL, NULL, NULL, NULL, NULL, 0, NULL),
(2183, NULL, '', '', '', '2000-01-01', '0000-00-00', '', '', '', NULL, NULL, NULL, NULL, NULL, NULL, NULL, NULL, 0, NULL),
(2184, NULL, '', '', '', '2000-01-01', '0000-00-00', '', '', '', NULL, NULL, NULL, NULL, NULL, NULL, NULL, NULL, 0, NULL),
(2185, NULL, '', '', '', '2000-01-01', '0000-00-00', '', '', '', NULL, NULL, NULL, NULL, NULL, NULL, NULL, NULL, 0, NULL),
(2186, NULL, '', '', '', '2000-01-01', '0000-00-00', '', '', '', NULL, NULL, NULL, NULL, NULL, NULL, NULL, NULL, 0, NULL),
(2187, NULL, '', '', '', '2000-01-01', '0000-00-00', '', '', '', NULL, NULL, NULL, NULL, NULL, NULL, NULL, NULL, 0, NULL),
(2188, NULL, '', '', '', '2000-01-01', '0000-00-00', '', '', '', NULL, NULL, NULL, NULL, NULL, NULL, NULL, NULL, 0, NULL),
(2189, NULL, '', '', '', '2000-01-01', '0000-00-00', '', '', '', NULL, NULL, NULL, NULL, NULL, NULL, NULL, NULL, 0, NULL),
(2190, NULL, '', '', '', '2000-01-01', '0000-00-00', '', '', '', NULL, NULL, NULL, NULL, NULL, NULL, NULL, NULL, 0, NULL),
(2191, NULL, '', '', '', '2000-01-01', '0000-00-00', '', '', '', NULL, NULL, NULL, NULL, NULL, NULL, NULL, NULL, 0, NULL),
(2192, NULL, '', '', '', '2000-01-01', '0000-00-00', '', '', '', NULL, NULL, NULL, NULL, NULL, NULL, NULL, NULL, 0, NULL),
(2193, NULL, '', '', '', '2000-01-01', '0000-00-00', '', '', '', NULL, NULL, NULL, NULL, NULL, NULL, NULL, NULL, 0, NULL),
(2194, NULL, '', '', '', '2000-01-01', '0000-00-00', '', '', '', NULL, NULL, NULL, NULL, NULL, NULL, NULL, NULL, 0, NULL),
(2195, NULL, '', '', '', '2000-01-01', '0000-00-00', '', '', '', NULL, NULL, NULL, NULL, NULL, NULL, NULL, NULL, 0, NULL),
(2196, NULL, '', '', '', '2000-01-01', '0000-00-00', '', '', '', NULL, NULL, NULL, NULL, NULL, NULL, NULL, NULL, 0, NULL),
(2197, NULL, '', '', '', '2000-01-01', '0000-00-00', '', '', '', NULL, NULL, NULL, NULL, NULL, NULL, NULL, NULL, 0, NULL),
(2198, NULL, '', '', '', '2000-01-01', '0000-00-00', '', '', '', NULL, NULL, NULL, NULL, NULL, NULL, NULL, NULL, 0, NULL),
(2199, NULL, '', '', '', '2000-01-01', '0000-00-00', '', '', '', NULL, NULL, NULL, NULL, NULL, NULL, NULL, NULL, 0, NULL),
(2200, NULL, '', '', '', '2000-01-01', '0000-00-00', '', '', '', NULL, NULL, NULL, NULL, NULL, NULL, NULL, NULL, 0, NULL),
(2201, NULL, '', '', '', '2000-01-01', '0000-00-00', '', '', '', NULL, NULL, NULL, NULL, NULL, NULL, NULL, NULL, 0, NULL),
(2202, NULL, '', '', '', '2000-01-01', '0000-00-00', '', '', '', NULL, NULL, NULL, NULL, NULL, NULL, NULL, NULL, 0, NULL),
(2203, NULL, '', '', '', '2000-01-01', '0000-00-00', '', '', '', NULL, NULL, NULL, NULL, NULL, NULL, NULL, NULL, 0, NULL),
(2204, NULL, '', '', '', '2000-01-01', '0000-00-00', '', '', '', NULL, NULL, NULL, NULL, NULL, NULL, NULL, NULL, 0, NULL),
(2205, NULL, '', '', '', '2000-01-01', '0000-00-00', '', '', '', NULL, NULL, NULL, NULL, NULL, NULL, NULL, NULL, 0, NULL),
(2206, NULL, '', '', '', '2000-01-01', '0000-00-00', '', '', '', NULL, NULL, NULL, NULL, NULL, NULL, NULL, NULL, 0, NULL),
(2207, NULL, '', '', '', '2000-01-01', '0000-00-00', '', '', '', NULL, NULL, NULL, NULL, NULL, NULL, NULL, NULL, 0, NULL),
(2208, NULL, '', '', '', '2000-01-01', '0000-00-00', '', '', '', NULL, NULL, NULL, NULL, NULL, NULL, NULL, NULL, 0, NULL),
(2209, NULL, '', '', '', '2000-01-01', '0000-00-00', '', '', '', NULL, NULL, NULL, NULL, NULL, NULL, NULL, NULL, 0, NULL),
(2210, NULL, '', '', '', '2000-01-01', '0000-00-00', '', '', '', NULL, NULL, NULL, NULL, NULL, NULL, NULL, NULL, 0, NULL),
(2211, NULL, '', '', '', '2000-01-01', '0000-00-00', '', '', '', NULL, NULL, NULL, NULL, NULL, NULL, NULL, NULL, 0, NULL),
(2212, NULL, '', '', '', '2000-01-01', '0000-00-00', '', '', '', NULL, NULL, NULL, NULL, NULL, NULL, NULL, NULL, 0, NULL),
(2213, NULL, '', '', '', '2000-01-01', '0000-00-00', '', '', '', NULL, NULL, NULL, NULL, NULL, NULL, NULL, NULL, 0, NULL),
(2214, NULL, '', '', '', '2000-01-01', '0000-00-00', '', '', '', NULL, NULL, NULL, NULL, NULL, NULL, NULL, NULL, 0, NULL),
(2215, NULL, '', '', '', '2000-01-01', '0000-00-00', '', '', '', NULL, NULL, NULL, NULL, NULL, NULL, NULL, NULL, 0, NULL),
(2216, NULL, '', '', '', '2000-01-01', '0000-00-00', '', '', '', NULL, NULL, NULL, NULL, NULL, NULL, NULL, NULL, 0, NULL),
(2217, NULL, '', '', '', '2000-01-01', '0000-00-00', '', '', '', NULL, NULL, NULL, NULL, NULL, NULL, NULL, NULL, 0, NULL),
(2218, NULL, '', '', '', '2000-01-01', '0000-00-00', '', '', '', NULL, NULL, NULL, NULL, NULL, NULL, NULL, NULL, 0, NULL),
(2219, NULL, '', '', '', '2000-01-01', '0000-00-00', '', '', '', NULL, NULL, NULL, NULL, NULL, NULL, NULL, NULL, 0, NULL),
(2220, NULL, '', '', '', '2000-01-01', '0000-00-00', '', '', '', NULL, NULL, NULL, NULL, NULL, NULL, NULL, NULL, 0, NULL),
(2221, NULL, '', '', '', '2000-01-01', '0000-00-00', '', '', '', NULL, NULL, NULL, NULL, NULL, NULL, NULL, NULL, 0, NULL),
(2222, NULL, '', '', '', '2000-01-01', '0000-00-00', '', '', '', NULL, NULL, NULL, NULL, NULL, NULL, NULL, NULL, 0, NULL),
(2223, NULL, '', '', '', '2000-01-01', '0000-00-00', '', '', '', NULL, NULL, NULL, NULL, NULL, NULL, NULL, NULL, 0, NULL),
(2224, NULL, '', '', '', '2000-01-01', '0000-00-00', '', '', '', NULL, NULL, NULL, NULL, NULL, NULL, NULL, NULL, 0, NULL),
(2225, NULL, '', '', '', '2000-01-01', '0000-00-00', '', '', '', NULL, NULL, NULL, NULL, NULL, NULL, NULL, NULL, 0, NULL),
(2226, NULL, '', '', '', '2000-01-01', '0000-00-00', '', '', '', NULL, NULL, NULL, NULL, NULL, NULL, NULL, NULL, 0, NULL),
(2227, NULL, '', '', '', '2000-01-01', '0000-00-00', '', '', '', NULL, NULL, NULL, NULL, NULL, NULL, NULL, NULL, 0, NULL),
(2228, NULL, '', '', '', '2000-01-01', '0000-00-00', '', '', '', NULL, NULL, NULL, NULL, NULL, NULL, NULL, NULL, 0, NULL),
(2229, NULL, '', '', '', '2000-01-01', '0000-00-00', '', '', '', NULL, NULL, NULL, NULL, NULL, NULL, NULL, NULL, 0, NULL),
(2230, NULL, '', '', '', '2000-01-01', '0000-00-00', '', '', '', NULL, NULL, NULL, NULL, NULL, NULL, NULL, NULL, 0, NULL),
(2231, NULL, '', '', '', '2000-01-01', '0000-00-00', '', '', '', NULL, NULL, NULL, NULL, NULL, NULL, NULL, NULL, 0, NULL),
(2232, NULL, '', '', '', '2000-01-01', '0000-00-00', '', '', '', NULL, NULL, NULL, NULL, NULL, NULL, NULL, NULL, 0, NULL),
(2233, NULL, '', '', '', '2000-01-01', '0000-00-00', '', '', '', NULL, NULL, NULL, NULL, NULL, NULL, NULL, NULL, 0, NULL),
(2234, NULL, '', '', '', '2000-01-01', '0000-00-00', '', '', '', NULL, NULL, NULL, NULL, NULL, NULL, NULL, NULL, 0, NULL),
(2235, NULL, '', '', '', '2000-01-01', '0000-00-00', '', '', '', NULL, NULL, NULL, NULL, NULL, NULL, NULL, NULL, 0, NULL),
(2236, NULL, '', '', '', '2000-01-01', '0000-00-00', '', '', '', NULL, NULL, NULL, NULL, NULL, NULL, NULL, NULL, 0, NULL),
(2237, NULL, '', '', '', '2000-01-01', '0000-00-00', '', '', '', NULL, NULL, NULL, NULL, NULL, NULL, NULL, NULL, 0, NULL),
(2238, NULL, '', '', '', '2000-01-01', '0000-00-00', '', '', '', NULL, NULL, NULL, NULL, NULL, NULL, NULL, NULL, 0, NULL),
(2239, NULL, '', '', '', '2000-01-01', '0000-00-00', '', '', '', NULL, NULL, NULL, NULL, NULL, NULL, NULL, NULL, 0, NULL),
(2240, NULL, '', '', '', '2000-01-01', '0000-00-00', '', '', '', NULL, NULL, NULL, NULL, NULL, NULL, NULL, NULL, 0, NULL),
(2241, NULL, '', '', '', '2000-01-01', '0000-00-00', '', '', '', NULL, NULL, NULL, NULL, NULL, NULL, NULL, NULL, 0, NULL),
(2242, NULL, '', '', '', '2000-01-01', '0000-00-00', '', '', '', NULL, NULL, NULL, NULL, NULL, NULL, NULL, NULL, 0, NULL),
(2243, NULL, '', '', '', '2000-01-01', '0000-00-00', '', '', '', NULL, NULL, NULL, NULL, NULL, NULL, NULL, NULL, 0, NULL),
(2244, NULL, '', '', '', '2000-01-01', '0000-00-00', '', '', '', NULL, NULL, NULL, NULL, NULL, NULL, NULL, NULL, 0, NULL),
(2245, NULL, '', '', '', '2000-01-01', '0000-00-00', '', '', '', NULL, NULL, NULL, NULL, NULL, NULL, NULL, NULL, 0, NULL),
(2246, NULL, '', '', '', '2000-01-01', '0000-00-00', '', '', '', NULL, NULL, NULL, NULL, NULL, NULL, NULL, NULL, 0, NULL),
(2247, NULL, '', '', '', '2000-01-01', '0000-00-00', '', '', '', NULL, NULL, NULL, NULL, NULL, NULL, NULL, NULL, 0, NULL),
(2248, NULL, '', '', '', '2000-01-01', '0000-00-00', '', '', '', NULL, NULL, NULL, NULL, NULL, NULL, NULL, NULL, 0, NULL),
(2249, NULL, '', '', '', '2000-01-01', '0000-00-00', '', '', '', NULL, NULL, NULL, NULL, NULL, NULL, NULL, NULL, 0, NULL),
(2250, NULL, '', '', '', '2000-01-01', '0000-00-00', '', '', '', NULL, NULL, NULL, NULL, NULL, NULL, NULL, NULL, 0, NULL),
(2251, NULL, '', '', '', '2000-01-01', '0000-00-00', '', '', '', NULL, NULL, NULL, NULL, NULL, NULL, NULL, NULL, 0, NULL),
(2252, NULL, '', '', '', '2000-01-01', '0000-00-00', '', '', '', NULL, NULL, NULL, NULL, NULL, NULL, NULL, NULL, 0, NULL),
(2253, NULL, '', '', '', '2000-01-01', '0000-00-00', '', '', '', NULL, NULL, NULL, NULL, NULL, NULL, NULL, NULL, 0, NULL),
(2254, NULL, '', '', '', '2000-01-01', '0000-00-00', '', '', '', NULL, NULL, NULL, NULL, NULL, NULL, NULL, NULL, 0, NULL),
(2255, NULL, '', '', '', '2000-01-01', '0000-00-00', '', '', '', NULL, NULL, NULL, NULL, NULL, NULL, NULL, NULL, 0, NULL),
(2256, NULL, '', '', '', '2000-01-01', '0000-00-00', '', '', '', NULL, NULL, NULL, NULL, NULL, NULL, NULL, NULL, 0, NULL),
(2257, NULL, '', '', '', '2000-01-01', '0000-00-00', '', '', '', NULL, NULL, NULL, NULL, NULL, NULL, NULL, NULL, 0, NULL),
(2258, NULL, '', '', '', '2000-01-01', '0000-00-00', '', '', '', NULL, NULL, NULL, NULL, NULL, NULL, NULL, NULL, 0, NULL),
(2259, NULL, '', '', '', '2000-01-01', '0000-00-00', '', '', '', NULL, NULL, NULL, NULL, NULL, NULL, NULL, NULL, 0, NULL),
(2260, NULL, '', '', '', '2000-01-01', '0000-00-00', '', '', '', NULL, NULL, NULL, NULL, NULL, NULL, NULL, NULL, 0, NULL),
(2261, NULL, '', '', '', '2000-01-01', '0000-00-00', '', '', '', NULL, NULL, NULL, NULL, NULL, NULL, NULL, NULL, 0, NULL),
(2262, NULL, '', '', '', '2000-01-01', '0000-00-00', '', '', '', NULL, NULL, NULL, NULL, NULL, NULL, NULL, NULL, 0, NULL),
(2263, NULL, '', '', '', '2000-01-01', '0000-00-00', '', '', '', NULL, NULL, NULL, NULL, NULL, NULL, NULL, NULL, 0, NULL),
(2264, NULL, '', '', '', '2000-01-01', '0000-00-00', '', '', '', NULL, NULL, NULL, NULL, NULL, NULL, NULL, NULL, 0, NULL),
(2265, NULL, '', '', '', '2000-01-01', '0000-00-00', '', '', '', NULL, NULL, NULL, NULL, NULL, NULL, NULL, NULL, 0, NULL),
(2266, NULL, '', '', '', '2000-01-01', '0000-00-00', '', '', '', NULL, NULL, NULL, NULL, NULL, NULL, NULL, NULL, 0, NULL),
(2267, NULL, '', '', '', '2000-01-01', '0000-00-00', '', '', '', NULL, NULL, NULL, NULL, NULL, NULL, NULL, NULL, 0, NULL),
(2268, NULL, '', '', '', '2000-01-01', '0000-00-00', '', '', '', NULL, NULL, NULL, NULL, NULL, NULL, NULL, NULL, 0, NULL),
(2269, NULL, '', '', '', '2000-01-01', '0000-00-00', '', '', '', NULL, NULL, NULL, NULL, NULL, NULL, NULL, NULL, 0, NULL),
(2270, NULL, '', '', '', '2000-01-01', '0000-00-00', '', '', '', NULL, NULL, NULL, NULL, NULL, NULL, NULL, NULL, 0, NULL),
(2271, NULL, '', '', '', '2000-01-01', '0000-00-00', '', '', '', NULL, NULL, NULL, NULL, NULL, NULL, NULL, NULL, 0, NULL),
(2272, NULL, '', '', '', '2000-01-01', '0000-00-00', '', '', '', NULL, NULL, NULL, NULL, NULL, NULL, NULL, NULL, 0, NULL),
(2273, NULL, '', '', '', '2000-01-01', '0000-00-00', '', '', '', NULL, NULL, NULL, NULL, NULL, NULL, NULL, NULL, 0, NULL),
(2274, NULL, '', '', '', '2000-01-01', '0000-00-00', '', '', '', NULL, NULL, NULL, NULL, NULL, NULL, NULL, NULL, 0, NULL),
(2275, NULL, '', '', '', '2000-01-01', '0000-00-00', '', '', '', NULL, NULL, NULL, NULL, NULL, NULL, NULL, NULL, 0, NULL),
(2276, NULL, '', '', '', '2000-01-01', '0000-00-00', '', '', '', NULL, NULL, NULL, NULL, NULL, NULL, NULL, NULL, 0, NULL),
(2277, NULL, '', '', '', '2000-01-01', '0000-00-00', '', '', '', NULL, NULL, NULL, NULL, NULL, NULL, NULL, NULL, 0, NULL),
(2278, NULL, '', '', '', '2000-01-01', '0000-00-00', '', '', '', NULL, NULL, NULL, NULL, NULL, NULL, NULL, NULL, 0, NULL),
(2279, NULL, '', '', '', '2000-01-01', '0000-00-00', '', '', '', NULL, NULL, NULL, NULL, NULL, NULL, NULL, NULL, 0, NULL),
(2280, NULL, '', '', '', '2000-01-01', '0000-00-00', '', '', '', NULL, NULL, NULL, NULL, NULL, NULL, NULL, NULL, 0, NULL),
(2281, NULL, '', '', '', '2000-01-01', '0000-00-00', '', '', '', NULL, NULL, NULL, NULL, NULL, NULL, NULL, NULL, 0, NULL),
(2282, NULL, '', '', '', '2000-01-01', '0000-00-00', '', '', '', NULL, NULL, NULL, NULL, NULL, NULL, NULL, NULL, 0, NULL),
(2283, NULL, '', '', '', '2000-01-01', '0000-00-00', '', '', '', NULL, NULL, NULL, NULL, NULL, NULL, NULL, NULL, 0, NULL),
(2284, NULL, '', '', '', '2000-01-01', '0000-00-00', '', '', '', NULL, NULL, NULL, NULL, NULL, NULL, NULL, NULL, 0, NULL),
(2285, NULL, '', '', '', '2000-01-01', '0000-00-00', '', '', '', NULL, NULL, NULL, NULL, NULL, NULL, NULL, NULL, 0, NULL),
(2286, NULL, '', '', '', '2000-01-01', '0000-00-00', '', '', '', NULL, NULL, NULL, NULL, NULL, NULL, NULL, NULL, 0, NULL),
(2287, NULL, '', '', '', '2000-01-01', '0000-00-00', '', '', '', NULL, NULL, NULL, NULL, NULL, NULL, NULL, NULL, 0, NULL),
(2288, NULL, '', '', '', '2000-01-01', '0000-00-00', '', '', '', NULL, NULL, NULL, NULL, NULL, NULL, NULL, NULL, 0, NULL),
(2289, NULL, '', '', '', '2000-01-01', '0000-00-00', '', '', '', NULL, NULL, NULL, NULL, NULL, NULL, NULL, NULL, 0, NULL),
(2290, NULL, '', '', '', '2000-01-01', '0000-00-00', '', '', '', NULL, NULL, NULL, NULL, NULL, NULL, NULL, NULL, 0, NULL),
(2291, NULL, '', '', '', '2000-01-01', '0000-00-00', '', '', '', NULL, NULL, NULL, NULL, NULL, NULL, NULL, NULL, 0, NULL),
(2292, NULL, '', '', '', '2000-01-01', '0000-00-00', '', '', '', NULL, NULL, NULL, NULL, NULL, NULL, NULL, NULL, 0, NULL),
(2293, NULL, '', '', '', '2000-01-01', '0000-00-00', '', '', '', NULL, NULL, NULL, NULL, NULL, NULL, NULL, NULL, 0, NULL),
(2294, NULL, '', '', '', '2000-01-01', '0000-00-00', '', '', '', NULL, NULL, NULL, NULL, NULL, NULL, NULL, NULL, 0, NULL),
(2295, NULL, '', '', '', '2000-01-01', '0000-00-00', '', '', '', NULL, NULL, NULL, NULL, NULL, NULL, NULL, NULL, 0, NULL),
(2296, NULL, '', '', '', '2000-01-01', '0000-00-00', '', '', '', NULL, NULL, NULL, NULL, NULL, NULL, NULL, NULL, 0, NULL),
(2297, NULL, '', '', '', '2000-01-01', '0000-00-00', '', '', '', NULL, NULL, NULL, NULL, NULL, NULL, NULL, NULL, 0, NULL),
(2298, NULL, '', '', '', '2000-01-01', '0000-00-00', '', '', '', NULL, NULL, NULL, NULL, NULL, NULL, NULL, NULL, 0, NULL),
(2299, NULL, '', '', '', '2000-01-01', '0000-00-00', '', '', '', NULL, NULL, NULL, NULL, NULL, NULL, NULL, NULL, 0, NULL),
(2300, NULL, '', '', '', '2000-01-01', '0000-00-00', '', '', '', NULL, NULL, NULL, NULL, NULL, NULL, NULL, NULL, 0, NULL),
(2301, NULL, '', '', '', '2000-01-01', '0000-00-00', '', '', '', NULL, NULL, NULL, NULL, NULL, NULL, NULL, NULL, 0, NULL),
(2302, NULL, '', '', '', '2000-01-01', '0000-00-00', '', '', '', NULL, NULL, NULL, NULL, NULL, NULL, NULL, NULL, 0, NULL),
(2303, NULL, '', '', '', '2000-01-01', '0000-00-00', '', '', '', NULL, NULL, NULL, NULL, NULL, NULL, NULL, NULL, 0, NULL),
(2304, NULL, '', '', '', '2000-01-01', '0000-00-00', '', '', '', NULL, NULL, NULL, NULL, NULL, NULL, NULL, NULL, 0, NULL),
(2305, NULL, '', '', '', '2000-01-01', '0000-00-00', '', '', '', NULL, NULL, NULL, NULL, NULL, NULL, NULL, NULL, 0, NULL),
(2306, NULL, '', '', '', '2000-01-01', '0000-00-00', '', '', '', NULL, NULL, NULL, NULL, NULL, NULL, NULL, NULL, 0, NULL),
(2307, NULL, '', '', '', '2000-01-01', '0000-00-00', '', '', '', NULL, NULL, NULL, NULL, NULL, NULL, NULL, NULL, 0, NULL),
(2308, NULL, '', '', '', '2000-01-01', '0000-00-00', '', '', '', NULL, NULL, NULL, NULL, NULL, NULL, NULL, NULL, 0, NULL),
(2309, NULL, '', '', '', '2000-01-01', '0000-00-00', '', '', '', NULL, NULL, NULL, NULL, NULL, NULL, NULL, NULL, 0, NULL),
(2310, NULL, '', '', '', '2000-01-01', '0000-00-00', '', '', '', NULL, NULL, NULL, NULL, NULL, NULL, NULL, NULL, 0, NULL),
(2311, NULL, '', '', '', '2000-01-01', '0000-00-00', '', '', '', NULL, NULL, NULL, NULL, NULL, NULL, NULL, NULL, 0, NULL),
(2312, NULL, '', '', '', '2000-01-01', '0000-00-00', '', '', '', NULL, NULL, NULL, NULL, NULL, NULL, NULL, NULL, 0, NULL),
(2313, NULL, '', '', '', '2000-01-01', '0000-00-00', '', '', '', NULL, NULL, NULL, NULL, NULL, NULL, NULL, NULL, 0, NULL),
(2329, 1, 'installation', 'qwerty', 'goods on order', '2016-06-03', '2016-06-02', '87654', '123456', '123456789', 7, 'guyiuonm', NULL, NULL, NULL, NULL, NULL, NULL, 0, NULL),
(2330, 1, 'inspection', '', 'order stock', '2016-06-06', '2016-06-02', 'qwerty', '789789', '12258741', 9, NULL, NULL, 'no interest', '', 'generate quote', NULL, '2016-08-24', 0, NULL),
(2331, 1, 'service', 'adef', 'shipping to site', '2016-06-01', '2016-06-02', 'sdfg', '125', '789', 16, '', NULL, 'no interest', '', 'generate quote', NULL, '2016-08-24', 0, NULL),
(2332, 1, 'repair', '[pk', 'shipping to site', '2016-05-31', '2016-06-02', 'fgh', '785', '785', 1, '', '234', 'no interest', 'the  job is finished', 'generate quote', NULL, '2016-08-23', 0, NULL),
(2333, 1, 'delivery', 'wer', 'ready to start', '2016-06-13', '2016-06-02', 'efr', 'ewfrt', 'we', 2, NULL, NULL, NULL, NULL, NULL, NULL, NULL, 0, NULL),
(2334, 1, 'collection', 'wde', 'shipping to site', '2016-06-15', '2016-06-02', 'rg', 'efr', 'ere', 5, NULL, NULL, 'no interest', '', 'training', NULL, '2016-08-24', 0, NULL),
(2335, 1, 'training', 'efg', 'pending', '2016-06-23', '2016-06-02', '25874', '741', '74', 1, NULL, NULL, 'no interest', '', 'take out of service', NULL, '2016-08-24', 0, NULL),
(2336, 1, 'other', 'wertg', 'ready to start', '2016-06-24', '2016-06-02', '96', '852', '741', 8, NULL, NULL, 'no interest', '', 'training', NULL, '2016-08-25', 0, NULL),
(2337, 1, 'installation', 'contact don', 'pending', '2016-06-23', '2016-06-09', '876thj', '09876', '123456', 1, NULL, NULL, NULL, NULL, NULL, NULL, NULL, 0, NULL),
(2338, 0, 'installation', 'mmmmmmmmmmmmmmmm', 'ready to start', '2016-07-14', '2016-06-09', 'kjyu987', '9285738', '12345', 6, '', '', NULL, NULL, NULL, NULL, NULL, 0, ''),
(2339, 1, 'other', 'tyuiu', 'ready to start', '2016-06-23', '2016-06-13', 'kjhgf6789', '67890', '234', 41, 'vghj', NULL, 'no interest', '', 'training', NULL, '2016-08-24', 0, NULL),
(2340, 1, 'other', 'tyuiu', 'goods on order', '2016-06-23', '2016-06-13', 'kjhgf6789', '67890', '234', 41, 'vghj', NULL, 'no interest', '', 'order parts', NULL, '2016-08-24', 0, NULL),
(2341, 1, 'installation', 'cdferte', 'goods on order', '2016-06-14', '2016-06-13', 'sdefr34', 'xfr534w', '2345tf', 33, 'csdfrtr', NULL, NULL, NULL, NULL, NULL, NULL, 0, NULL),
(2342, 1, 'installation', 'cdferte', 'goods on order', '2016-06-14', '2016-06-13', 'sdefr34', 'xfr534w', '2345tf', 8, 'csdfrtr', NULL, NULL, NULL, NULL, NULL, NULL, 0, NULL),
(2343, 1, 'installation', 'cdferte', 'goods on order', '2016-06-14', '2016-06-13', 'sdefr34', 'xfr534w', '2345tf', 33, 'csdfrtr', NULL, NULL, NULL, NULL, NULL, NULL, 0, NULL),
(2344, 0, 'installation', 'cdferte', 'goods on order', '2016-06-14', '2016-06-13', 'sdefr34', 'xfr534w', '2345tf', 33, 'csdfrtr', NULL, NULL, NULL, NULL, NULL, NULL, 0, NULL),
(2345, 1, 'installation', 'cdferte', 'goods on order', '2016-06-14', '2016-06-13', 'sdefr34', 'xfr534w', '2345tf', 33, 'csdfrtr', NULL, NULL, NULL, NULL, NULL, NULL, 0, NULL),
(2346, 0, 'installation', 'hello this it the description that is', 'order stock', '2016-06-28', '2016-06-13', 'nhy78', '987yh', '89', 900, 'fdsohuiwi', '', NULL, NULL, NULL, NULL, NULL, 0, NULL),
(2347, 1, 'repair', 'liuiyutyfghi jiuyutugoyih;oiji', 'shipping to site', '2016-06-29', '2016-06-13', '123456789', '678', '3456', 400, 'j uyf8tiug oyihuoihyt ftug yhujiu hyt  tgyh u uygtuoygihuuygt  gyhuyg tgy hu hugytgyi huhy tgyih u', '', 'no interest', '', 'training', NULL, '2016-08-24', 0, NULL),
(2348, 0, 'installation', 'liuiyu', 'pending', '2016-06-15', '2016-06-13', 'jy9', 'uyt6g79', '098', 8, 'guyiu', NULL, NULL, NULL, NULL, NULL, NULL, 0, NULL),
(2349, 0, 'installation', 'liuiyu', 'pending', '2016-06-15', '2016-06-13', 'jy9', 'uyt6g79', '098', 8, 'guyiu', NULL, NULL, NULL, NULL, NULL, NULL, 0, NULL),
(2350, 0, 'installation', 'liuiyu', 'pending', '2016-06-15', '2016-06-13', 'jy9', 'uyt6g79', '098', 8, 'guyiu', NULL, NULL, NULL, NULL, NULL, NULL, 0, NULL),
(2351, 0, 'installation', 'liuiyu hobubouy y boubyoudf', 'pending', '2016-06-15', '2016-06-13', 'jy9', 'uyt6g79', '098', 10, 'guyiu liuiyu hobubouy y bo', '', NULL, NULL, NULL, NULL, NULL, 0, NULL),
(2352, 1, 'installation', 'poiuy', 'pending', '2016-03-15', '2016-06-13', 'h7phuby989', 'sdfghjkloiu7656789876545678765', 'de6859768jihuboiuhpi', 10000, 'jk', NULL, NULL, NULL, NULL, NULL, NULL, 0, NULL),
(2353, 1, 'installation', 'fit new v-mat', 'ready to start', '2016-07-16', '2016-06-16', '', '654', '1234', 1, 'water pressure less that 1 bar', NULL, NULL, NULL, NULL, NULL, NULL, 0, NULL),
(2354, 1, 'installation', '3 hoists 4 beds', 'ready to start', '2016-06-23', '2016-06-22', '', '', 'c245', 7, 'make sure load all is available to take the 40ft container', NULL, NULL, NULL, NULL, NULL, NULL, 0, NULL),
(2355, 0, 'installation', 'this is a test222', 'pending', '2016-06-24', '2016-06-23', '123ed', '0987', '1234', 2, 'd', '', NULL, NULL, NULL, NULL, NULL, 0, ''),
(2356, 0, 'installation', '', 'pending', '2016-06-30', '2016-06-23', '2345t', '765', '12', 2, 'rth', '', NULL, NULL, NULL, NULL, NULL, 0, ''),
(2357, 0, 'installation', '', 'pending', '2016-07-01', '2016-06-23', '1234', '8765', '12', 400, '', NULL, NULL, NULL, NULL, NULL, NULL, 0, NULL),
(2358, 1, 'installation', '', 'pending', '2016-06-30', '2016-06-23', '45tf', '654', '12345', 1, '', NULL, NULL, NULL, NULL, NULL, NULL, 0, NULL),
(2359, 0, 'installation', '', 'pending', '2016-06-30', '2016-06-23', '64352', '35', '65', 123456, '', NULL, NULL, NULL, NULL, NULL, NULL, 0, NULL),
(2360, 0, 'installation', 'install 4 hoists', 'ready to start', '2016-06-30', '2016-06-23', '9', '', '1234', 4, 'bring mag drill and jenny', NULL, NULL, NULL, NULL, NULL, NULL, 0, NULL),
(2361, 0, 'installation', 'hoist', 'ready to start', '2016-06-30', '2016-06-23', '687', '98', '098', 1, 'delivery due on 1st aug', NULL, NULL, NULL, NULL, NULL, NULL, 0, NULL),
(2362, 0, 'installation', 'install a', 'pending', '2016-08-17', '2016-06-23', '879', '09', '09', 1, '', NULL, NULL, NULL, NULL, NULL, NULL, 0, NULL),
(2363, 0, 'installation', '', 'pending', '2016-06-28', '2016-06-27', '', '', '', 2, '', NULL, NULL, NULL, NULL, NULL, NULL, 0, NULL),
(2364, 0, 'installation', 'this is a test job to see if the the', 'pending', '2016-06-30', '2016-06-27', '', '', '', 3, '', '123456789', NULL, NULL, NULL, NULL, NULL, 0, NULL),
(2365, 0, 'installation', '', 'pending', '2016-06-22', '2016-06-28', 'dfr43', '7654', '12356', 2, '', '2345r', NULL, NULL, NULL, NULL, NULL, 0, NULL),
(2371, 0, 'installation', 'install 1 ceiling hoist', 'ready to start', '2016-08-18', '2016-08-17', '', 'po7372', '5555555555555', 1, '', '', NULL, NULL, NULL, NULL, NULL, 0, NULL),
(2377, 0, 'installation', 'install 12 hoists', 'pending', '2016-10-06', '2016-08-18', '', '', '12345', 12, '', '', NULL, NULL, NULL, NULL, NULL, 0, NULL),
(2378, 0, 'installation', 'install 12 hoists', 'pending', '2016-10-06', '2016-08-18', '', '', '12345', 12, '', '', NULL, NULL, NULL, NULL, NULL, 0, NULL),
(2379, 1, 'installation', 'install 1 hoist - this is a test to!!!!', 'ready to start', '2016-08-25', '2016-08-19', '', '', '8765', 1, '', '', NULL, NULL, NULL, NULL, NULL, 0, NULL),
(2380, 0, 'installation', 'install 1 hoist - this is a test to!!!!', 'ready to start', '2016-08-25', '2016-08-19', '', '', '8765', 1, '', '', NULL, NULL, NULL, NULL, NULL, 0, NULL),
(2385, 0, 'installation', 'TESTTTTTTTTTTTTTTTT', 'ready to start', '2016-09-04', '2016-08-19', '', '', '777777777777', 1, '', '', NULL, NULL, NULL, NULL, NULL, 0, NULL),
(2386, 0, 'installation', 'install 1 hoist', 'ready to start', '2016-08-31', '2016-08-22', '', '', '111111111111', 1, '', '', NULL, NULL, NULL, NULL, NULL, 0, NULL),
(2387, 1, 'installation', 'Install 80 sentida 6 beds', 'ready to start', '2018-05-10', '2016-08-22', '', '', '44783', 80, '', '', NULL, NULL, NULL, NULL, NULL, 0, NULL),
(2388, 1, 'repair', 'call out cedar ward', 'ready to start', '2016-08-22', '2016-08-22', '', '01.3366', '7774', 2, 'contact ann maloney', '', 'no interest', '', 'training', NULL, '2016-08-24', 0, NULL),
(2389, 1, 'repair', 'broken hoist', 'ready to start', '2016-08-23', '2016-08-22', '', '', '4637', 1, 'serial number 1', '', 'no interest', '', 'get purchase order number', NULL, '2016-08-24', 0, NULL),
(2390, 1, 'delivery', 'deliver a service hoist', 'pending', '2016-08-24', '2016-08-23', '', '', '3', 1, '', '', 'no interest', '', 'no further action', NULL, '2016-08-30', 0, '1234'),
(2392, 0, 'training', 'Train them how to use the hoist', NULL, '2016-08-25', '2016-08-24', NULL, NULL, NULL, NULL, NULL, NULL, NULL, NULL, NULL, NULL, NULL, 0, NULL),
(2393, 0, 'training', '', 'ready to start', '2016-08-25', '2016-08-24', '', '', '', 1, '', '', NULL, NULL, NULL, NULL, NULL, 0, ''),
(2395, 1, 'take out of service', '', 'ready to start', '2016-08-25', '2016-08-24', '', '', '', 1, '', '', 'no interest', 'tyi', 'no further action', NULL, '2017-04-01', 0, ''),
(2396, 0, 'training', 'Shower trolley, 6 hoists xy, gh3,', 'ready to start', '2016-08-27', '2016-08-24', '', '', 'Marc says so', 13, '', '', NULL, NULL, NULL, NULL, NULL, 0, NULL),
(2397, 1, 'training', 'train how to use gh3', 'ready to start', '2016-08-26', '2016-08-25', '', '', '', 1, '', '', 'no interest', '', 'generate quote', NULL, '2016-08-25', 0, '754584'),
(2398, 1, 'installation', '', 'shipping to site', '2016-10-03', '2016-08-26', '', '', '', 29, '', '', NULL, NULL, NULL, NULL, NULL, 0, NULL),
(2399, 1, 'service', 'gh2', 'ready to start', '2016-08-30', '2016-08-30', '', '', 'kl55', 1, '', '', 'no interest', '', 'no further action', NULL, '2016-08-30', 0, NULL),
(2400, 0, 'repair', 'hoist not charging', 'ready to start', '2016-08-30', '2016-08-30', '', '554jkl', 'lp74', 1, 'Arjo Maxi sky', '160089', NULL, NULL, NULL, NULL, NULL, 0, NULL),
(2401, 0, NULL, NULL, NULL, NULL, NULL, NULL, NULL, NULL, NULL, NULL, NULL, NULL, NULL, NULL, NULL, NULL, 1, NULL),
(2402, 0, NULL, NULL, NULL, NULL, NULL, NULL, NULL, NULL, NULL, NULL, NULL, NULL, NULL, NULL, NULL, NULL, 1, NULL),
(2403, 0, NULL, NULL, NULL, NULL, NULL, NULL, NULL, NULL, NULL, NULL, NULL, NULL, NULL, NULL, NULL, NULL, 1, NULL),
(2404, 0, NULL, NULL, NULL, NULL, NULL, NULL, NULL, NULL, NULL, NULL, NULL, NULL, NULL, NULL, NULL, NULL, 1, NULL),
(2405, 0, NULL, NULL, NULL, NULL, NULL, NULL, NULL, NULL, NULL, NULL, NULL, NULL, NULL, NULL, NULL, NULL, 1, NULL),
(2406, 0, NULL, NULL, NULL, NULL, NULL, NULL, NULL, NULL, NULL, NULL, NULL, NULL, NULL, NULL, NULL, NULL, 1, NULL),
(2407, 0, NULL, NULL, NULL, NULL, NULL, NULL, NULL, NULL, NULL, NULL, NULL, NULL, NULL, NULL, NULL, NULL, 1, NULL),
(2408, 0, NULL, NULL, NULL, NULL, NULL, NULL, NULL, NULL, NULL, NULL, NULL, NULL, NULL, NULL, NULL, NULL, 1, NULL),
(2409, 0, NULL, NULL, NULL, NULL, NULL, NULL, NULL, NULL, NULL, NULL, NULL, NULL, NULL, NULL, NULL, NULL, 1, NULL),
(2410, 0, NULL, NULL, NULL, NULL, NULL, NULL, NULL, NULL, NULL, NULL, NULL, NULL, NULL, NULL, NULL, NULL, 1, NULL),
(2411, 0, NULL, NULL, NULL, NULL, NULL, NULL, NULL, NULL, NULL, NULL, NULL, NULL, NULL, NULL, NULL, NULL, 1, NULL),
(2412, 0, NULL, NULL, NULL, NULL, NULL, NULL, NULL, NULL, NULL, NULL, NULL, NULL, NULL, NULL, NULL, NULL, 1, NULL),
(2413, 0, NULL, NULL, NULL, NULL, NULL, NULL, NULL, NULL, NULL, NULL, NULL, NULL, NULL, NULL, NULL, NULL, 1, NULL),
(2414, 0, NULL, NULL, NULL, NULL, NULL, NULL, NULL, NULL, NULL, NULL, NULL, NULL, NULL, NULL, NULL, NULL, 1, NULL),
(2415, 0, NULL, NULL, NULL, NULL, NULL, NULL, NULL, NULL, NULL, NULL, NULL, NULL, NULL, NULL, NULL, NULL, 1, NULL),
(2416, 0, NULL, NULL, NULL, NULL, NULL, NULL, NULL, NULL, NULL, NULL, NULL, NULL, NULL, NULL, NULL, NULL, 1, NULL),
(2417, 0, NULL, NULL, NULL, NULL, NULL, NULL, NULL, NULL, NULL, NULL, NULL, NULL, NULL, NULL, NULL, NULL, 1, NULL),
(2418, 0, NULL, NULL, NULL, NULL, NULL, NULL, NULL, NULL, NULL, NULL, NULL, NULL, NULL, NULL, NULL, NULL, 1, NULL),
(2419, 0, NULL, NULL, NULL, NULL, NULL, NULL, NULL, NULL, NULL, NULL, NULL, NULL, NULL, NULL, NULL, NULL, 1, NULL),
(2420, 0, NULL, NULL, NULL, NULL, NULL, NULL, NULL, NULL, NULL, NULL, NULL, NULL, NULL, NULL, NULL, NULL, 1, NULL),
(2421, 0, 'installation', 'install a hoist', 'ready to start', '2016-09-14', '2016-09-05', '', '33535', '656738', 1, '', '', NULL, NULL, NULL, NULL, NULL, 0, NULL),
(2422, 0, 'installation', 'bed', 'ready to start', '2016-09-06', '2016-09-05', '', '2352', '5862348', 1, '', '6676', NULL, NULL, NULL, NULL, NULL, 0, NULL),
(2423, 0, 'installation', 'bed', 'ready to start', '2016-09-06', '2016-09-05', '', '2352', '5862348', 1, '', '6676', NULL, NULL, NULL, NULL, NULL, 0, ''),
(2424, 0, 'installation', '2qwerestrdyt', 'ready to start', '2016-09-18', '2016-09-17', '', '', '999', 1, 'ewre', '', NULL, NULL, NULL, NULL, NULL, 0, NULL),
(2425, 0, 'installation', '2qwerestrdyt', 'ready to start', '2016-09-18', '2016-09-17', '', '', '999', 1, 'ewre', '', NULL, NULL, NULL, NULL, NULL, 0, NULL),
(2426, 0, NULL, NULL, NULL, NULL, NULL, NULL, NULL, NULL, NULL, NULL, NULL, NULL, NULL, NULL, NULL, NULL, 1, NULL),
(2427, 0, NULL, NULL, NULL, NULL, NULL, NULL, NULL, NULL, NULL, NULL, NULL, NULL, NULL, NULL, NULL, NULL, 1, NULL),
(2428, 0, NULL, NULL, NULL, NULL, NULL, NULL, NULL, NULL, NULL, NULL, NULL, NULL, NULL, NULL, NULL, NULL, 1, NULL),
(2429, 0, NULL, NULL, NULL, NULL, NULL, NULL, NULL, NULL, NULL, NULL, NULL, NULL, NULL, NULL, NULL, NULL, 1, NULL),
(2430, 0, NULL, NULL, NULL, NULL, NULL, NULL, NULL, NULL, NULL, NULL, NULL, NULL, NULL, NULL, NULL, NULL, 1, NULL),
(2431, 0, 'installation', '', 'pending', '2017-03-16', '2017-03-11', '', '', '', 1, '', '', NULL, NULL, NULL, NULL, NULL, 0, NULL),
(2432, 0, 'installation', 'deliver 10 bed', 'ready to start', '2017-03-18', '2017-03-16', '87654', '4567', '12345678rty', 19, '', '9', NULL, NULL, NULL, NULL, NULL, 0, ''),
(2433, 0, NULL, NULL, NULL, NULL, NULL, NULL, NULL, NULL, NULL, NULL, NULL, NULL, NULL, NULL, NULL, NULL, 1, NULL),
(2434, 0, 'installation', 'fake', 'pending', '2017-04-09', '2017-04-09', 'fake', 'fake', 'fake', 1, 'fake', 'fake', NULL, NULL, NULL, NULL, NULL, 0, NULL),
(2435, 0, 'inspection', 'fake', 'goods on order', '2017-05-16', '2017-05-15', 'fake', 'fake', 'fake', 1, 'fake', 'fake', NULL, NULL, NULL, NULL, NULL, 0, NULL),
(2436, 0, 'installation', 'fake', 'ready to start', '2017-05-17', '2017-05-15', 'fake', 'fake', 'fake', 2, 'fake', 'fake', NULL, NULL, NULL, NULL, NULL, 0, NULL),
(2437, 0, 'installation', 'fake', 'pending', '2017-05-16', '2017-05-15', 'fake', 'fake', 'fake', 1, 'fake', 'fake', NULL, NULL, NULL, NULL, NULL, 0, NULL),
(2438, 0, 'installation', 'fake', 'ready to start', '2017-05-17', '2017-05-15', '', '', '', 1, 'fake', '', NULL, NULL, NULL, NULL, NULL, 0, NULL),
(2439, 0, 'installation', 'fake', 'ready to start', '2017-05-17', '2017-05-15', '', '', '', 1, 'fake', '', NULL, NULL, NULL, NULL, NULL, 0, NULL),
(2440, 0, 'installation', 'fake', 'ready to start', '2017-05-17', '2017-05-15', '', '', '', 1, 'fake', '', NULL, NULL, NULL, NULL, NULL, 0, NULL),
(2441, 0, 'installation', '', 'pending', '2017-05-26', '2017-05-15', '', '', '', 222, '', '', NULL, NULL, NULL, NULL, NULL, 0, NULL),
(2442, 0, 'installation', 'test', 'pending', '2017-05-10', '2017-05-15', 'test', 'test', 'test', 1, 'test', 'test', NULL, NULL, NULL, NULL, NULL, 0, NULL),
(2443, 1, 'installation', 'test', 'order stock', '2017-05-25', '2017-05-15', 'test', 'test', 'test', 4, 'test', 'test', NULL, NULL, NULL, NULL, NULL, 0, NULL),
(2444, 0, 'installation', 'test', 'pending', '2017-05-16', '2017-05-15', 'test', 'test', 'test', 6, 'test', 'test', NULL, NULL, NULL, NULL, NULL, 0, NULL),
(2445, 0, 'installation', '', 'pending', '2017-05-24', '2017-05-15', '', '', '', 5, '', '', NULL, NULL, NULL, NULL, NULL, 0, NULL),
(2446, 0, 'installation', '', 'pending', '2017-05-19', '2017-05-15', '', '', '', 7, '', '', NULL, NULL, NULL, NULL, NULL, 0, NULL),
(2447, 0, 'repair', 'test', 'ready to start', '2017-05-18', '2017-05-15', 'test', 'test', 'test', 1, 'test', 'test', NULL, NULL, NULL, NULL, NULL, 0, NULL),
(2448, 1, 'service', '', 'ready to start', '2017-05-25', '2017-05-15', '', '', '17-0000', 442, '', '', 'no interest', 'service is complete. No issues to report', 'no further action', NULL, '2017-12-18', 0, ''),
(2449, 0, 'repair', 'Fake', 'ready to start', '2017-05-31', '2017-05-16', 'Fake', 'Fake', '', 5, 'Fake', 'Fake', 'continuation', '', 'order parts', NULL, '2017-05-16', 0, ''),
(2450, 0, 'installation', 'Fake', 'goods on order', '2017-05-25', '2017-05-16', '', '', '17-0002', 1, '', '', NULL, NULL, NULL, NULL, NULL, 0, NULL),
(2451, 0, 'installation', 'Fake', 'ready to start', '2017-05-31', '2017-05-16', '', '', '17-0003', 12, 'Fake', '', NULL, NULL, NULL, NULL, NULL, 0, NULL),
(2452, 0, 'delivery', 'Fake', 'shipping to site', '2017-06-22', '2017-05-16', '', '', '17-0004', 2, '', '', NULL, NULL, NULL, NULL, NULL, 0, NULL),
(2453, 0, 'installation', 'Fake', 'shipping to site', '2017-05-30', '2017-05-16', '', '', '17-0005', 5, '', '', NULL, NULL, NULL, NULL, NULL, 0, NULL),
(2454, 0, 'installation', '', 'goods on order', '2017-05-12', '2017-05-16', '', '', '17-0006', 3, '', '', NULL, NULL, NULL, NULL, NULL, 0, NULL),
(2455, 1, 'repair', '', 'shipping to site', '2017-05-25', '2017-05-16', '', '', '17-0007', 5, '', '', 'continuation', '', 'generate quote', NULL, '2017-05-16', 0, NULL),
(2456, 0, 'installation', '', 'goods on order', '2017-05-26', '2017-05-16', '', '', '17-0008', 4, '', '', NULL, NULL, NULL, NULL, NULL, 0, NULL),
(2457, 1, 'installation', '', 'pending', '2017-05-25', '2017-05-16', '', '', '17-0009', 3, '', '', NULL, NULL, NULL, NULL, NULL, 0, NULL),
(2458, 1, 'installation', '', 'pending', '2017-05-31', '2017-05-16', '', '', '17-0010', 2, '', '', NULL, NULL, NULL, NULL, NULL, 0, NULL),
(2459, 1, 'installation', '', 'ready to start', '2017-05-20', '2017-05-19', '', '', '17-0011', 2, '', '', NULL, NULL, NULL, NULL, NULL, 0, ''),
(2460, 0, 'installation', '', 'ready to start', '2017-05-21', '2017-05-19', '', '', '17-0012', 1, '', '', NULL, NULL, NULL, NULL, NULL, 0, NULL),
(2461, 0, 'installation', '', 'ready to start', '2017-05-21', '2017-05-19', '', '', '17-0013', 12, '', '', NULL, NULL, NULL, NULL, NULL, 0, ''),
(2462, 0, 'installation', '', 'ready to start', '2017-05-21', '2017-05-19', '', '', '17-0014', 12, '', '', NULL, NULL, NULL, NULL, NULL, 0, ''),
(2463, 1, 'installation', '', 'ready to start', '2017-05-21', '2017-05-19', '', '', '17-0015', 1, '', '', NULL, NULL, NULL, NULL, NULL, 0, NULL),
(2464, 0, 'service', 'service the hoist', 'pending', '2017-09-08', '2017-09-07', '', '123456', '', 1, '', '', NULL, NULL, NULL, NULL, NULL, 0, ''),
(2465, 0, 'installation', '', 'ready to start', '2018-01-04', '2018-01-03', '', '', '18-0001', 2, '', '', NULL, NULL, NULL, NULL, NULL, 0, NULL),
(2466, 0, 'installation', '', 'ready to start', '2018-01-18', '2018-01-03', '', '', '18-0002', 2, '', '', NULL, NULL, NULL, NULL, NULL, 0, NULL),
(2467, 0, 'service', '', 'pending', '2018-01-10', '2018-01-03', '', '', '18-0003', 1, '', '', NULL, NULL, NULL, NULL, NULL, 0, NULL);
INSERT INTO `jobs` (`jobid`, `complete`, `job_type`, `job_description`, `job_status`, `due_date`, `creation_date`, `sage_reference`, `po_number`, `job_number`, `number_of_assets`, `notes`, `quote_number`, `result`, `result_description`, `next_action`, `next_action_description`, `complete_date`, `add_asset`, `invoice_number`) VALUES
(2468, 0, 'service', '', 'pending', '2018-01-10', '2018-01-03', '', '', '18-0004', 1, '', '', NULL, NULL, NULL, NULL, NULL, 0, NULL),
(2469, 0, 'service', '', 'pending', '2018-01-10', '2018-01-03', '', '', '18-0005', 1, '', '', NULL, NULL, NULL, NULL, NULL, 0, NULL),
(2470, 0, 'inspection', '', 'goods on order', '2018-01-19', '2018-01-03', '', '', '18-0006', 4, '', '', NULL, NULL, NULL, NULL, NULL, 0, NULL),
(2471, 0, 'repair', '', 'shipping to site', '2018-01-17', '2018-01-03', '', '', '18-0007', 6, '', '', NULL, NULL, NULL, NULL, NULL, 0, NULL),
(2472, 0, 'delivery', '', 'pending', '2018-01-27', '2018-01-03', '', '', '18-0008', 6, '', '', NULL, NULL, NULL, NULL, NULL, 0, NULL),
(2473, 0, 'collection', '', 'pending', '2018-01-24', '2018-01-03', '', '', '18-0009', 8, '', '', NULL, NULL, NULL, NULL, NULL, 0, NULL),
(2474, 0, 'training', '', 'shipping to site', '2018-01-26', '2018-01-03', '', '', '18-0010', 6, '', '', NULL, NULL, NULL, NULL, NULL, 0, NULL),
(2475, 0, 'other', '', 'pending', '2018-01-21', '2018-01-03', '', '', '18-0011', 8, '', '', NULL, NULL, NULL, NULL, NULL, 0, NULL),
(2476, 0, 'inspection', '', 'pending', '2018-01-25', '2018-01-05', '', '', '18-0012', 3, '', '', NULL, NULL, NULL, NULL, NULL, 0, NULL),
(2477, 0, 'inspection', '', 'pending', '2018-01-25', '2018-01-05', '', '', '18-0013', 3, '', '', NULL, NULL, NULL, NULL, NULL, 0, NULL),
(2478, 0, 'inspection', '', 'pending', '2018-01-25', '2018-01-05', '', '', '18-0014', 3, '', '', NULL, NULL, NULL, NULL, NULL, 0, NULL),
(2479, 0, 'inspection', '', 'pending', '2018-01-25', '2018-01-05', '', '', '18-0015', 3, '', '', NULL, NULL, NULL, NULL, NULL, 0, NULL),
(2480, 0, 'installation', '', 'pending', '2018-01-16', '2018-01-08', '', '', '18-0016', 1, '', '', NULL, NULL, NULL, NULL, NULL, 0, NULL),
(2481, 0, 'installation', 'This is a test', 'pending', '2018-01-25', '2018-01-08', 'sa334', '12345', '18-0017', 2, 'This is a test', '54321', NULL, NULL, NULL, NULL, NULL, 0, NULL),
(2482, 0, 'installation', 'This is a test', 'pending', '2018-01-25', '2018-01-08', 'sa334', '12345', '18-0018', 2, 'This is a test', '54321', NULL, NULL, NULL, NULL, NULL, 0, NULL),
(2483, 0, 'installation', 'This is a test', 'pending', '2018-01-25', '2018-01-08', 'sa334', '12345', '18-0019', 2, 'This is a test', '54321', NULL, NULL, NULL, NULL, NULL, 0, NULL),
(2484, 0, 'installation', 'This is a test', 'pending', '2018-01-25', '2018-01-08', 'sa334', '12345', '18-0020', 2, 'This is a test', '54321', NULL, NULL, NULL, NULL, NULL, 0, NULL),
(2485, 0, 'installation', 'This is a test', 'pending', '2018-01-25', '2018-01-08', 'sa334', '12345', '18-0021', 2, 'This is a test', '54321', NULL, NULL, NULL, NULL, NULL, 0, NULL),
(2486, 0, 'installation', 'This is a test', 'pending', '2018-01-25', '2018-01-08', 'sa334', '12345', '18-0022', 2, 'This is a test', '54321', NULL, NULL, NULL, NULL, NULL, 0, NULL),
(2487, 0, 'installation', 'This is a test', 'pending', '2018-01-25', '2018-01-08', 'sa334', '12345', '18-0023', 2, 'This is a test', '54321', NULL, NULL, NULL, NULL, NULL, 0, NULL),
(2488, 0, 'installation', 'This is a test', 'pending', '2018-01-25', '2018-01-08', 'sa334', '12345', '18-0024', 2, 'This is a test', '54321', NULL, NULL, NULL, NULL, NULL, 0, NULL),
(2489, 0, 'installation', 'This is a test', 'pending', '2018-01-25', '2018-01-08', 'sa334', '12345', '18-0025', 2, 'This is a test', '54321', NULL, NULL, NULL, NULL, NULL, 0, NULL),
(2490, 0, 'installation', 'This is a test', 'pending', '2018-01-25', '2018-01-08', 'sa334', '12345', '18-0026', 2, 'This is a test', '54321', NULL, NULL, NULL, NULL, NULL, 0, NULL),
(2491, 0, 'installation', 'gfefw', 'order stock', '2018-01-09', '2018-01-08', 'fevw', '43', '18-0027', 1, 'fwefr', '234', NULL, NULL, NULL, NULL, NULL, 0, NULL),
(2492, 0, 'installation', 'vfegbg', 'pending', '2018-01-17', '2018-01-08', '54332', '543', '18-0028', 4, 'bgretr', '345', NULL, NULL, NULL, NULL, NULL, 0, NULL),
(2493, 0, 'delivery', 'fgeb', 'goods on order', '2018-01-24', '2018-01-08', '54wqewb', '5432', '18-0029', 4, 'fewgtryh', '23456', NULL, NULL, NULL, NULL, NULL, 0, NULL);

-- --------------------------------------------------------

--
-- Table structure for table `jobs_to_history`
--

DROP TABLE IF EXISTS `jobs_to_history`;
CREATE TABLE IF NOT EXISTS `jobs_to_history` (
  `jobid` int(10) NOT NULL,
  `historyid` int(10) NOT NULL,
  KEY `jobid` (`jobid`),
  KEY `historyid` (`historyid`)
) ENGINE=InnoDB DEFAULT CHARSET=latin1;

--
-- Dumping data for table `jobs_to_history`
--

INSERT INTO `jobs_to_history` (`jobid`, `historyid`) VALUES
(2351, 7),
(2351, 8),
(2351, 9),
(2352, 10),
(2352, 11),
(2339, 12),
(2353, 13),
(2353, 14),
(2353, 15),
(2354, 16),
(2355, 17),
(2356, 18),
(2357, 19),
(2358, 20),
(2359, 21),
(2360, 22),
(2361, 23),
(2362, 24),
(2361, 25),
(2363, 26),
(2364, 27),
(2332, 28),
(2332, 29),
(2332, 30),
(2332, 31),
(2341, 32),
(2341, 33),
(2341, 34),
(2342, 35),
(2343, 36),
(2345, 37),
(2345, 38),
(2345, 39),
(2345, 40),
(2365, 41),
(2366, 42),
(2367, 43),
(2368, 44),
(2369, 45),
(2370, 46),
(2371, 47),
(2372, 48),
(2372, 49),
(2373, 50),
(2374, 51),
(2375, 52),
(2376, 53),
(2377, 54),
(2378, 55),
(2379, 56),
(2380, 57),
(2381, 58),
(2382, 59),
(2383, 60),
(2384, 61),
(2385, 62),
(2386, 63),
(2387, 64),
(2387, 65),
(2387, 66),
(2387, 67),
(2388, 68),
(2389, 69),
(2390, 70),
(2398, 71),
(2398, 72),
(2399, 73),
(2400, 74),
(2337, 75),
(2358, 76),
(2379, 77),
(2379, 78),
(2421, 79),
(2422, 80),
(2423, 81),
(2396, 82),
(2396, 83),
(2351, 84),
(2346, 85),
(2364, 86),
(2346, 87),
(2347, 88),
(2390, 89),
(2397, 90),
(2423, 91),
(2395, 92),
(2393, 93),
(2423, 94),
(2424, 95),
(2425, 96),
(2431, 97),
(2432, 98),
(2354, 99),
(2356, 100),
(2355, 101),
(2355, 102),
(2434, 103),
(2338, 104),
(2338, 105),
(2435, 106),
(2436, 107),
(2437, 108),
(2438, 109),
(2439, 110),
(2440, 111),
(2441, 112),
(2442, 113),
(2443, 114),
(2444, 115),
(2445, 116),
(2446, 117),
(2447, 118),
(2448, 119),
(2448, 120),
(2449, 121),
(2450, 122),
(2451, 123),
(2452, 124),
(2453, 125),
(2454, 126),
(2455, 127),
(2456, 128),
(2457, 129),
(2458, 130),
(2459, 131),
(2460, 132),
(2461, 133),
(2462, 134),
(2463, 135),
(2463, 136),
(2464, 137),
(2449, 138),
(2464, 139),
(2459, 140),
(2459, 141),
(2459, 142),
(2461, 143),
(2432, 144),
(2462, 145),
(2432, 146),
(2459, 147),
(2458, 148),
(2458, 149),
(2457, 150),
(2443, 151),
(2465, 152),
(2466, 153),
(2467, 154),
(2468, 155),
(2469, 156),
(2470, 157),
(2471, 158),
(2472, 159),
(2473, 160),
(2474, 161),
(2475, 162),
(2476, 163),
(2477, 164),
(2478, 165),
(2479, 166),
(2480, 167),
(2481, 168),
(2482, 169),
(2483, 170),
(2484, 171),
(2485, 172),
(2485, 173),
(2486, 174),
(2487, 175),
(2488, 176),
(2489, 177),
(2491, 178),
(2492, 179),
(2493, 180);

-- --------------------------------------------------------

--
-- Table structure for table `job_history`
--

DROP TABLE IF EXISTS `job_history`;
CREATE TABLE IF NOT EXISTS `job_history` (
  `historyid` int(10) NOT NULL AUTO_INCREMENT,
  `complete` tinyint(1) DEFAULT NULL,
  `job_type` varchar(20) DEFAULT NULL,
  `job_description` varchar(200) DEFAULT NULL,
  `job_status` varchar(20) DEFAULT NULL,
  `due_date` date DEFAULT NULL,
  `updated_date` date DEFAULT NULL,
  `sage_reference` varchar(20) DEFAULT NULL,
  `po_number` varchar(30) DEFAULT NULL,
  `job_number` varchar(20) DEFAULT NULL,
  `number_of_assets` int(10) DEFAULT NULL,
  `notes` varchar(200) DEFAULT NULL,
  `updated_by` varchar(30) DEFAULT NULL,
  `timestamp` varchar(30) DEFAULT NULL,
  PRIMARY KEY (`historyid`)
) ENGINE=InnoDB AUTO_INCREMENT=181 DEFAULT CHARSET=latin1;

--
-- Dumping data for table `job_history`
--

INSERT INTO `job_history` (`historyid`, `complete`, `job_type`, `job_description`, `job_status`, `due_date`, `updated_date`, `sage_reference`, `po_number`, `job_number`, `number_of_assets`, `notes`, `updated_by`, `timestamp`) VALUES
(7, 0, 'installation', 'liuiyu', 'pending', '2016-06-15', '2016-06-13', 'jy9', 'uyt6g79', '098', 8, 'guyiu', NULL, '1465827921'),
(8, 0, 'installation', 'liuiyu', 'pending', '2016-06-15', '2016-06-13', 'jy9', 'uyt6g79', '098', 10, 'guyiu', NULL, '1465828819'),
(9, 0, 'installation', 'liuiyu hobubouy y boubyoudf wre wrguu wr wergw4rgw werg werh t iuhgf iuyg 7ythbrg v765yr ejuntybr juhty r j6ytg   7 ty er 6utjyhg', 'pending', '2016-06-15', '2016-06-13', 'jy9', 'uyt6g79', '098', 10, 'guyiu liuiyu hobubouy y boubyoudf wre wrguu wr wergw4rgw werg werh t iuhgf iuyg 7ythbrg v765yr ejuntybr juhty r j6ytg   7 ty er 6utjyhg', NULL, '1465830086'),
(10, 0, 'installation', 'poiuy', 'pending', '2016-03-15', '2016-06-13', 'h7phuby989', 'sdfghjkloiu7656789876545678765', 'de6859768jihuboiuhpi', 10000, 'jk', NULL, '1465830583'),
(11, 1, 'installation', 'poiuy', 'pending', '2016-03-15', '2016-06-15', 'h7phuby989', 'sdfghjkloiu7656789876545678765', 'de6859768jihuboiuhpi', 10000, 'jk', NULL, '1465978126'),
(12, 0, 'other', 'tyuiu', 'ready to start', '2016-06-23', '2016-06-15', 'kjhgf6789', '67890', '234', 41, 'vghj', NULL, '1465985814'),
(13, 0, 'installation', 'fit new v-mat', 'order stock', '2016-07-16', '2016-06-16', '', '654', '1234', 1, 'water pressure less that 1 bar', NULL, '1466076589'),
(14, 0, 'installation', 'fit new v-mat', 'ready to start', '2016-07-16', '2016-06-16', '', '654', '1234', 1, 'water pressure less that 1 bar', NULL, '1466076771'),
(15, 1, 'installation', 'fit new v-mat', 'ready to start', '2016-07-16', '2016-06-16', '', '654', '1234', 1, 'water pressure less that 1 bar', NULL, '1466077122'),
(16, 0, 'installation', '3 hoists 4 beds', 'ready to start', '2016-06-23', '2016-06-22', '', '', 'c245', 7, 'make sure load all is available to take the 40ft container', NULL, '1466596087'),
(17, 0, 'installation', 'this is a test', 'pending', '2016-06-24', '2016-06-23', '123ed', '0987', '1234', 2, '', NULL, '1466670194'),
(18, 0, 'installation', '', 'pending', '2016-06-30', '2016-06-23', '2345t', '765', '12', 2, '', NULL, '1466671242'),
(19, 0, 'installation', '', 'pending', '2016-07-01', '2016-06-23', '1234', '8765', '12', 400, '', NULL, '1466671695'),
(20, 0, 'installation', '', 'pending', '2016-06-30', '2016-06-23', '45tf', '654', '12345', 1, '', NULL, '1466671897'),
(21, 0, 'installation', '', 'pending', '2016-06-30', '2016-06-23', '64352', '35', '65', 123456, '', NULL, '1466671986'),
(22, 0, 'installation', 'install 4 hoists', 'ready to start', '2016-06-30', '2016-06-23', '9', '', '1234', 4, 'bring mag drill and jenny', NULL, '1466678509'),
(23, 0, 'installation', 'hoist', 'pending', '2016-06-30', '2016-06-23', '687', '98', '098', 1, '', NULL, '1466678844'),
(24, 0, 'installation', 'install a', 'pending', '2016-08-17', '2016-06-23', '879', '09', '09', 1, '', NULL, '1466679183'),
(25, 0, 'installation', 'hoist', 'ready to start', '2016-06-30', '2016-06-23', '687', '98', '098', 1, 'delivery due on 1st aug', NULL, '1466680108'),
(26, 0, 'installation', '', 'pending', '2016-06-28', '2016-06-27', '', '', '', 2, '', NULL, '1467019038'),
(27, 0, 'installation', 'this is a test job to see if the the quote number is working', 'pending', '2016-06-30', '2016-06-27', '', '', '', 3, '', NULL, '1467019714'),
(28, 0, 'repair', '[pk', 'shipping to site', '2016-05-31', '2016-06-27', 'fgh', '785', '785', 1, '', NULL, '1467021500'),
(29, 0, 'repair', '[pk', 'shipping to site', '2016-05-31', '2016-06-27', 'fgh', '785', '785', 1, '', NULL, '1467021516'),
(30, 0, 'repair', '[pk', 'shipping to site', '2016-05-31', '2016-06-27', 'fgh', '785', '785', 1, '', NULL, '1467021528'),
(31, 0, 'repair', '[pk', 'shipping to site', '2016-05-31', '2016-06-27', 'fgh', '785', '785', 1, '', NULL, '1467021556'),
(32, 1, 'installation', 'cdferte', 'goods on order', '2016-06-14', '2016-06-27', 'sdefr34', 'xfr534w', '2345tf', 33, 'csdfrtr', NULL, '1467032238'),
(33, 1, 'installation', 'cdferte', 'goods on order', '2016-06-14', '2016-06-27', 'sdefr34', 'xfr534w', '2345tf', 33, 'csdfrtr', NULL, '1467032315'),
(34, 1, 'installation', 'cdferte', 'goods on order', '2016-06-14', '2016-06-27', 'sdefr34', 'xfr534w', '2345tf', 33, 'csdfrtr', NULL, '1467033040'),
(35, 1, 'installation', 'cdferte', 'goods on order', '2016-06-14', '2016-06-27', 'sdefr34', 'xfr534w', '2345tf', 8, 'csdfrtr', NULL, '1467033411'),
(36, 1, 'installation', 'cdferte', 'goods on order', '2016-06-14', '2016-06-27', 'sdefr34', 'xfr534w', '2345tf', 33, 'csdfrtr', NULL, '1467033855'),
(37, 1, 'installation', 'cdferte', 'goods on order', '2016-06-14', '2016-06-27', 'sdefr34', 'xfr534w', '2345tf', 33, 'csdfrtr', NULL, '1467033940'),
(38, 1, 'installation', 'cdferte', 'goods on order', '2016-06-14', '2016-06-27', 'sdefr34', 'xfr534w', '2345tf', 33, 'csdfrtr', NULL, '1467033996'),
(39, 1, 'installation', 'cdferte', 'goods on order', '2016-06-14', '2016-06-27', 'sdefr34', 'xfr534w', '2345tf', 33, 'csdfrtr', NULL, '1467034758'),
(40, 1, 'installation', 'cdferte', 'goods on order', '2016-06-14', '2016-06-27', 'sdefr34', 'xfr534w', '2345tf', 33, 'csdfrtr', NULL, '1467034831'),
(41, 0, 'installation', '', 'pending', '2016-06-22', '2016-06-28', 'dfr43', '7654', '12356', 2, '', NULL, '1467122961'),
(42, 0, 'installation', 'install 10 hoists', 'shipping to site', '2016-08-03', '2016-07-26', 'Q7695', 'C583Q', '123456', 10, '', NULL, '1469518912'),
(43, 0, 'installation', 'install 10 hoists', 'ready to start', '2016-08-16', '2016-08-15', '', '', '12345', 10, '', NULL, '1471273465'),
(44, 0, 'installation', 'install 1 ceiling hoist', 'ready to start', '2016-08-18', '2016-08-17', '', 'po7372', '5555555555555', 1, '', NULL, '1471424385'),
(45, 0, 'installation', 'install 1 ceiling hoist', 'ready to start', '2016-08-18', '2016-08-17', '', 'po7372', '5555555555555', 1, '', NULL, '1471424415'),
(46, 0, 'installation', 'install 1 ceiling hoist', 'ready to start', '2016-08-18', '2016-08-17', '', 'po7372', '5555555555555', 1, '', NULL, '1471424529'),
(47, 0, 'installation', 'install 1 ceiling hoist', 'ready to start', '2016-08-18', '2016-08-17', '', 'po7372', '5555555555555', 1, '', NULL, '1471425056'),
(48, 0, 'installation', 'install 1 ceiling hoist', 'ready to start', '2016-08-18', '2016-08-17', '', 'po7372', '5555555555555', 1, '', NULL, '1471428708'),
(49, 1, 'installation', 'install 1 ceiling hoist', 'ready to start', '2016-08-18', '2016-08-17', '', 'po7372', '5555555555555', 1, '', NULL, '1471431277'),
(50, 0, 'installation', 'INSTALL 10 HOISTS', 'ready to start', '2016-09-22', '2016-08-18', '', 'po746', '123456', 10, '', NULL, '1471531275'),
(51, 0, 'installation', 'INSTALL 10 HOISTS', 'ready to start', '2016-09-22', '2016-08-18', '', 'po746', '123456', 10, '', NULL, '1471531362'),
(52, 0, 'installation', 'INSTALL 10 HOISTS', 'ready to start', '2016-09-22', '2016-08-18', '', 'po746', '123456', 10, '', NULL, '1471531412'),
(53, 0, 'installation', 'INSTALL 10 HOISTS', 'ready to start', '2016-09-22', '2016-08-18', '', 'po746', '123456', 10, '', NULL, '1471531436'),
(54, 0, 'installation', 'install 12 hoists', 'pending', '2016-10-06', '2016-08-18', '', '', '12345', 12, '', NULL, '1471533210'),
(55, 0, 'installation', 'install 12 hoists', 'pending', '2016-10-06', '2016-08-18', '', '', '12345', 12, '', NULL, '1471533250'),
(56, 0, 'installation', 'install 1 hoist - this is a test to!!!!', 'ready to start', '2016-08-25', '2016-08-19', '', '', '8765', 1, '', NULL, '1471601133'),
(57, 0, 'installation', 'install 1 hoist - this is a test to!!!!', 'ready to start', '2016-08-25', '2016-08-19', '', '', '8765', 1, '', NULL, '1471601322'),
(58, 0, 'installation', 'install 1 hoist', 'pending', '2016-09-01', '2016-08-19', '', '', '1234', 1, '', NULL, '1471601831'),
(59, 0, 'installation', 'install 10 hoists', 'pending', '2016-09-02', '2016-08-19', '', '', '9999999', 13, '', NULL, '1471611700'),
(60, 0, 'installation', 'install 10 hoists', 'ready to start', '2016-08-26', '2016-08-19', '', '', '8888888', 10, '', NULL, '1471612483'),
(61, 0, 'installation', 'install 10 hoists', 'ready to start', '2016-08-26', '2016-08-19', '', '', '8888888', 10, '', NULL, '1471612546'),
(62, 0, 'installation', 'TESTTTTTTTTTTTTTTTT', 'ready to start', '2016-09-04', '2016-08-19', '', '', '777777777777', 1, '', NULL, '1471615717'),
(63, 0, 'installation', 'install 1 hoist', 'ready to start', '2016-08-31', '2016-08-22', '', '', '111111111111', 1, '', NULL, '1471851618'),
(64, 0, 'installation', 'Install 80 sentida 6 beds', 'ready to start', '2018-05-10', '2016-08-22', '', '', '44783', 80, '', NULL, '1471855522'),
(65, 1, 'installation', 'Install 80 sentida 6 beds', 'ready to start', '2018-05-10', '2016-08-22', '', '', '44783', 80, '', NULL, '1471857744'),
(66, 1, 'installation', 'Install 80 sentida 6 beds', 'ready to start', '2018-05-10', '2016-08-22', '', '', '44783', 80, '', NULL, '1471857744'),
(67, 1, 'installation', 'Install 80 sentida 6 beds', 'ready to start', '2018-05-10', '2016-08-22', '', '', '44783', 80, '', NULL, '1471857745'),
(68, 0, 'repair', 'call out cedar ward', 'ready to start', '2016-08-22', '2016-08-22', '', '01.3366', '7774', 2, 'contact ann maloney', NULL, '1471857949'),
(69, 0, 'repair', 'broken hoist', 'ready to start', '2016-08-23', '2016-08-22', '', '', '4637', 1, 'serial number 1', NULL, '1471879922'),
(70, 0, 'delivery', 'deliver a service hoist', 'pending', '2016-08-24', '2016-08-23', '', '', '3', 1, '', NULL, '1471938085'),
(71, 0, 'installation', '', 'shipping to site', '2016-10-03', '2016-08-26', '', '', '', 29, '', NULL, '1472202761'),
(72, 1, 'installation', '', 'shipping to site', '2016-10-03', '2016-08-26', '', '', '', 29, '', NULL, '1472202877'),
(73, 0, 'service', 'gh2', 'ready to start', '2016-08-30', '2016-08-30', '', '', 'kl55', 1, '', NULL, '1472549929'),
(74, 0, 'repair', 'hoist not charging', 'ready to start', '2016-08-30', '2016-08-30', '', '554jkl', 'lp74', 1, 'Arjo Maxi sky', NULL, '1472550148'),
(75, 1, 'installation', 'contact don', 'pending', '2016-06-23', '2016-08-30', '876thj', '09876', '123456', 1, '', NULL, '1472565128'),
(76, 1, 'installation', '', 'pending', '2016-06-30', '2016-08-30', '45tf', '654', '12345', 1, '', NULL, '1472565214'),
(77, 1, 'installation', 'install 1 hoist - this is a test to!!!!', 'ready to start', '2016-08-25', '2016-08-30', '', '', '8765', 1, '', NULL, '1472565275'),
(78, 1, 'installation', 'install 1 hoist - this is a test to!!!!', 'ready to start', '2016-08-25', '2016-08-30', '', '', '8765', 1, '', NULL, '1472565413'),
(79, 0, 'installation', 'install a hoist', 'ready to start', '2016-09-14', '2016-09-05', '', '33535', '656738', 1, '', NULL, '1473085701'),
(80, 0, 'installation', 'bed', 'ready to start', '2016-09-06', '2016-09-05', '', '2352', '5862348', 1, '', NULL, '1473086518'),
(81, 0, 'installation', 'bed', 'ready to start', '2016-09-06', '2016-09-05', '', '2352', '5862348', 1, '', NULL, '1473086693'),
(82, 0, 'training', 'Shower trolley, 6 hoists xy, gh3, sentida 6 x 4. V/amat. Cure chair', 'ready to start', '2016-08-27', '2016-09-07', '', '', 'Marc says so', 13, '', NULL, '1473260835'),
(83, 0, 'training', 'Shower trolley, 6 hoists xy, gh3,', 'ready to start', '2016-08-27', '2016-09-07', '', '', 'Marc says so', 13, '', NULL, '1473260973'),
(84, 0, 'installation', 'liuiyu hobubouy y boubyoudf', 'pending', '2016-06-15', '2016-09-07', 'jy9', 'uyt6g79', '098', 10, 'guyiu liuiyu hobubouy y bo', NULL, '1473261023'),
(85, 0, 'installation', 'hello this it the description that is supposed', 'order stock', '2016-06-28', '2016-09-07', 'nhy78', '987yh', '89', 900, 'fdsohuiwi', NULL, '1473261219'),
(86, 0, 'installation', 'this is a test job to see if the the', 'pending', '2016-06-30', '2016-09-07', '', '', '', 3, '', NULL, '1473261238'),
(87, 0, 'installation', 'hello this it the description that is', 'order stock', '2016-06-28', '2016-09-07', 'nhy78', '987yh', '89', 900, 'fdsohuiwi', NULL, '1473261261'),
(88, 0, 'repair', 'liuiyutyfghi jiuyutugoyih;oiji', 'shipping to site', '2016-06-29', '2016-09-07', '123456789', '678', '3456', 400, 'j uyf8tiug oyihuoihyt ftug yhujiu hyt  tgyh u uygtuoygihuuygt  gyhuyg tgy hu hugytgyi huhy tgyih u', NULL, '1473261476'),
(89, 0, 'delivery', 'deliver a service hoist', 'pending', '2016-08-24', '2016-09-17', '', '', '3', 1, '', NULL, '1474106079'),
(90, 0, 'training', 'train how to use gh3', 'ready to start', '2016-08-26', '2016-09-17', '', '', '', 1, '', NULL, '1474106109'),
(91, 0, 'installation', 'bedmmmmmmmmmmmmmmmmmmmmmmmmmmmmmmmmmmmmmmmmmmmmmmmmmmmmmmmmmmmmmmmmmmm', 'ready to start', '2016-09-06', '2016-09-17', '', '2352', '5862348', 1, '', NULL, '1474109152'),
(92, 0, 'take out of service', '', 'ready to start', '2016-08-25', '2016-09-17', '', '', '', 1, '', NULL, '1474109514'),
(93, 0, 'training', '', 'ready to start', '2016-08-25', '2016-09-17', '', '', '', 1, '', NULL, '1474109532'),
(94, 0, 'installation', 'bed', 'ready to start', '2016-09-06', '2016-09-17', '', '2352', '5862348', 1, '', NULL, '1474109549'),
(95, 0, 'installation', '2qwerestrdyt', 'ready to start', '2016-09-18', '2016-09-17', '', '', '999', 1, 'ewre', NULL, '1474120739'),
(96, 0, 'installation', '2qwerestrdyt', 'ready to start', '2016-09-18', '2016-09-17', '', '', '999', 1, 'ewre', NULL, '1474121395'),
(97, 0, 'installation', '', 'pending', '2017-03-16', '2017-03-11', '', '', '', 1, '', NULL, '1489249836'),
(98, 0, 'installation', 'deliver 10 bed', 'ready to start', '2017-03-18', '2017-03-16', '87654', '4567', '12345678rty', 10, '', NULL, '1489692488'),
(99, 1, 'installation', '3 hoists 4 beds', 'ready to start', '2016-06-23', '2017-04-01', '', '', 'c245', 7, 'make sure load all is available to take the 40ft container', NULL, '1491058145'),
(100, 0, 'installation', '', 'pending', '2016-06-30', '2017-04-01', '2345t', '765', '12', 2, 'rth', NULL, '1491059556'),
(101, 0, 'installation', 'this is a test222', 'pending', '2016-06-24', '2017-04-01', '123ed', '0987', '1234', 2, '', NULL, '1491059577'),
(102, 0, 'installation', 'this is a test222', 'pending', '2016-06-24', '2017-04-01', '123ed', '0987', '1234', 2, 'd', NULL, '1491059588'),
(103, 0, 'installation', 'fake', 'pending', '2017-04-09', '2017-04-09', 'fake', 'fake', 'fake', 1, 'fake', NULL, '1491746727'),
(104, 0, 'installation', 'mmmmmmmmmmmmmmmmmmmmmmmmmmmmmmmmmmmmmmmmmm mmmmmmmmmmmmmmmmmmmmmmmmmmm', 'ready to start', '2016-07-14', '2017-05-15', 'kjyu987', '9285738', '12345', 6, '', NULL, '1494829544'),
(105, 0, 'installation', 'mmmmmmmmmmmmmmmm', 'ready to start', '2016-07-14', '2017-05-15', 'kjyu987', '9285738', '12345', 6, '', NULL, '1494829595'),
(106, 0, 'inspection', 'fake', 'goods on order', '2017-05-16', '2017-05-15', 'fake', 'fake', 'fake', 1, 'fake', NULL, '1494845218'),
(107, 0, 'installation', 'fake', 'ready to start', '2017-05-17', '2017-05-15', 'fake', 'fake', 'fake', 2, 'fake', NULL, '1494845365'),
(108, 0, 'installation', 'fake', 'pending', '2017-05-16', '2017-05-15', 'fake', 'fake', 'fake', 1, 'fake', NULL, '1494846452'),
(109, 0, 'installation', 'fake', 'ready to start', '2017-05-17', '2017-05-15', '', '', '', 1, 'fake', NULL, '1494847265'),
(110, 0, 'installation', 'fake', 'ready to start', '2017-05-17', '2017-05-15', '', '', '', 1, 'fake', NULL, '1494847714'),
(111, 0, 'installation', 'fake', 'ready to start', '2017-05-17', '2017-05-15', '', '', '', 1, 'fake', NULL, '1494847723'),
(112, 0, 'installation', '', 'pending', '2017-05-26', '2017-05-15', '', '', '', 222, '', NULL, '1494847910'),
(113, 0, 'installation', 'test', 'pending', '2017-05-10', '2017-05-15', 'test', 'test', 'test', 1, 'test', NULL, '1494848478'),
(114, 0, 'installation', 'test', 'order stock', '2017-05-25', '2017-05-15', 'test', 'test', 'test', 4, 'test', NULL, '1494848593'),
(115, 0, 'installation', 'test', 'pending', '2017-05-16', '2017-05-15', 'test', 'test', 'test', 6, 'test', NULL, '1494848635'),
(116, 0, 'installation', '', 'pending', '2017-05-24', '2017-05-15', '', '', '', 5, '', NULL, '1494848698'),
(117, 0, 'installation', '', 'pending', '2017-05-19', '2017-05-15', '', '', '', 7, '', NULL, '1494848767'),
(118, 0, 'repair', 'test', 'ready to start', '2017-05-18', '2017-05-15', 'test', 'test', 'test', 1, 'test', NULL, '1494848850'),
(119, 0, 'service', '', 'ready to start', '2017-05-25', '2017-05-15', '', '', '', 44, '', NULL, '1494853178'),
(120, 0, 'service', '', 'ready to start', '2017-05-25', '2017-05-15', '', '', '', 442, '', NULL, '1494864994'),
(121, 0, 'repair', 'Fake', 'ready to start', '2017-05-31', '2017-05-16', 'Fake', 'Fake', '17-0001', 4, 'Fake', NULL, '1494931343'),
(122, 0, 'installation', 'Fake', 'goods on order', '2017-05-25', '2017-05-16', '', '', '17-0002', 1, '', NULL, '1494931369'),
(123, 0, 'installation', 'Fake', 'ready to start', '2017-05-31', '2017-05-16', '', '', '17-0003', 12, 'Fake', NULL, '1494931405'),
(124, 0, 'delivery', 'Fake', 'shipping to site', '2017-06-22', '2017-05-16', '', '', '17-0004', 2, '', NULL, '1494931427'),
(125, 0, 'installation', 'Fake', 'shipping to site', '2017-05-30', '2017-05-16', '', '', '17-0005', 5, '', NULL, '1494931446'),
(126, 0, 'installation', '', 'goods on order', '2017-05-12', '2017-05-16', '', '', '17-0006', 3, '', NULL, '1494931460'),
(127, 0, 'repair', '', 'shipping to site', '2017-05-25', '2017-05-16', '', '', '17-0007', 5, '', NULL, '1494931480'),
(128, 0, 'installation', '', 'goods on order', '2017-05-26', '2017-05-16', '', '', '17-0008', 4, '', NULL, '1494931498'),
(129, 0, 'installation', '', 'pending', '2017-05-25', '2017-05-16', '', '', '17-0009', 3, '', NULL, '1494931511'),
(130, 0, 'installation', '', 'pending', '2017-05-31', '2017-05-16', '', '', '17-0010', 2, '', NULL, '1494931540'),
(131, 0, 'installation', '', 'ready to start', '2017-05-20', '2017-05-19', '', '', '17-0011', 1, '', NULL, '1495190199'),
(132, 0, 'installation', '', 'ready to start', '2017-05-21', '2017-05-19', '', '', '17-0012', 1, '', NULL, '1495191143'),
(133, 0, 'installation', '', 'ready to start', '2017-05-21', '2017-05-19', '', '', '17-0013', 1, '', NULL, '1495191592'),
(134, 0, 'installation', '', 'ready to start', '2017-05-21', '2017-05-19', '', '', '17-0014', 1, '', NULL, '1495191616'),
(135, 0, 'installation', '', 'ready to start', '2017-05-21', '2017-05-19', '', '', '17-0015', 1, '', NULL, '1495192377'),
(136, 1, 'installation', '', 'ready to start', '2017-05-21', '2017-05-22', '', '', '17-0015', 1, '', NULL, '1495450565'),
(137, 0, 'service', 'service the hoist', 'pending', '2017-09-08', '2017-09-07', '', '123456', '17-0016', 1, '', NULL, '1504798482'),
(138, 0, 'repair', 'Fake', 'ready to start', '2017-05-31', '2017-11-12', 'Fake', 'Fake', '', 5, 'Fake', NULL, '1510489010'),
(139, 0, 'service', 'service the hoist', 'pending', '2017-09-08', '2017-11-12', '', '123456', '', 1, '', NULL, '1510489629'),
(140, 0, 'installation', '', 'ready to start', '2017-05-20', '2017-11-12', '', '', '', 1, '', NULL, '1510494603'),
(141, 0, 'installation', '', 'ready to start', '2017-05-20', '2017-11-12', '', '', '17-0011', 1, '', NULL, '1510494659'),
(142, 0, 'installation', '', 'ready to start', '2017-05-20', '2017-11-12', '', '', '17-0011', 2, '', NULL, '1510494799'),
(143, 0, 'installation', '', 'ready to start', '2017-05-21', '2017-11-12', '', '', '17-0013', 12, '', NULL, '1510496081'),
(144, 0, 'installation', 'deliver 10 bed', 'ready to start', '2017-03-18', '2017-11-12', '87654', '4567', '12345678rty', 11, '', NULL, '1510496109'),
(145, 0, 'installation', '', 'ready to start', '2017-05-21', '2017-11-12', '', '', '17-0014', 12, '', NULL, '1510501296'),
(146, 0, 'installation', 'deliver 10 bed', 'ready to start', '2017-03-18', '2017-11-12', '87654', '4567', '12345678rty', 19, '', NULL, '1510501636'),
(147, 1, 'installation', '', 'ready to start', '2017-05-20', '2017-12-18', '', '', '17-0011', 2, '', NULL, '1513589938'),
(148, 1, 'installation', '', 'pending', '2017-05-31', '2017-12-18', '', '', '17-0010', 2, '', NULL, '1513592301'),
(149, 1, 'installation', '', 'pending', '2017-05-31', '2017-12-18', '', '', '17-0010', 2, '', NULL, '1513592680'),
(150, 1, 'installation', '', 'pending', '2017-05-25', '2017-12-18', '', '', '17-0009', 3, '', NULL, '1513594059'),
(151, 1, 'installation', 'test', 'order stock', '2017-05-25', '2017-12-18', 'test', 'test', 'test', 4, 'test', NULL, '1513599966'),
(152, 0, 'installation', '', 'ready to start', '2018-01-04', '2018-01-03', '', '', '18-0001', 2, '', NULL, '1514973249'),
(153, 0, 'installation', '', 'ready to start', '2018-01-18', '2018-01-03', '', '', '18-0002', 2, '', NULL, '1514973494'),
(154, 0, 'service', '', 'pending', '2018-01-10', '2018-01-03', '', '', '18-0003', 1, '', NULL, '1514981338'),
(155, 0, 'service', '', 'pending', '2018-01-10', '2018-01-03', '', '', '18-0004', 1, '', NULL, '1514981367'),
(156, 0, 'service', '', 'pending', '2018-01-10', '2018-01-03', '', '', '18-0005', 1, '', NULL, '1514981397'),
(157, 0, 'inspection', '', 'goods on order', '2018-01-19', '2018-01-03', '', '', '18-0006', 4, '', NULL, '1514981637'),
(158, 0, 'repair', '', 'shipping to site', '2018-01-17', '2018-01-03', '', '', '18-0007', 6, '', NULL, '1514981662'),
(159, 0, 'delivery', '', 'pending', '2018-01-27', '2018-01-03', '', '', '18-0008', 6, '', NULL, '1514981691'),
(160, 0, 'collection', '', 'pending', '2018-01-24', '2018-01-03', '', '', '18-0009', 8, '', NULL, '1514981718'),
(161, 0, 'training', '', 'shipping to site', '2018-01-26', '2018-01-03', '', '', '18-0010', 6, '', NULL, '1514981741'),
(162, 0, 'other', '', 'pending', '2018-01-21', '2018-01-03', '', '', '18-0011', 8, '', NULL, '1514981769'),
(163, 0, 'inspection', '', 'pending', '2018-01-25', '2018-01-05', '', '', '18-0012', 3, '', NULL, '1515154413'),
(164, 0, 'inspection', '', 'pending', '2018-01-25', '2018-01-05', '', '', '18-0013', 3, '', NULL, '1515154426'),
(165, 0, 'inspection', '', 'pending', '2018-01-25', '2018-01-05', '', '', '18-0014', 3, '', NULL, '1515154428'),
(166, 0, 'inspection', '', 'pending', '2018-01-25', '2018-01-05', '', '', '18-0015', 3, '', NULL, '1515154431'),
(167, 0, 'installation', '', 'pending', '2018-01-16', '2018-01-08', '', '', '18-0016', 1, '', NULL, '1515408707'),
(168, 0, 'installation', 'This is a test', 'pending', '2018-01-25', '2018-01-08', 'sa334', '12345', '18-0017', 2, 'This is a test', NULL, '1515408756'),
(169, 0, 'installation', 'This is a test', 'pending', '2018-01-25', '2018-01-08', 'sa334', '12345', '18-0018', 2, 'This is a test', NULL, '1515408914'),
(170, 0, 'installation', 'This is a test', 'pending', '2018-01-25', '2018-01-08', 'sa334', '12345', '18-0019', 2, 'This is a test', NULL, '1515408986'),
(171, 0, 'installation', 'This is a test', 'pending', '2018-01-25', '2018-01-08', 'sa334', '12345', '18-0020', 2, 'This is a test', NULL, '1515409011'),
(172, 0, 'installation', 'This is a test', 'pending', '2018-01-25', '2018-01-08', 'sa334', '12345', '18-0021', 2, 'This is a test', NULL, '1515409768'),
(173, 0, 'installation', 'This is a test', 'pending', '2018-01-25', '2018-01-08', 'sa334', '12345', '18-0022', 2, 'This is a test', NULL, '1515412360'),
(174, 0, 'installation', 'This is a test', 'pending', '2018-01-25', '2018-01-08', 'sa334', '12345', '18-0023', 2, 'This is a test', NULL, '1515412787'),
(175, 0, 'installation', 'This is a test', 'pending', '2018-01-25', '2018-01-08', 'sa334', '12345', '18-0024', 2, 'This is a test', NULL, '1515412844'),
(176, 0, 'installation', 'This is a test', 'pending', '2018-01-25', '2018-01-08', 'sa334', '12345', '18-0025', 2, 'This is a test', NULL, '1515412886'),
(177, 0, 'installation', 'This is a test', 'pending', '2018-01-25', '2018-01-08', 'sa334', '12345', '18-0026', 2, 'This is a test', NULL, '1515412976'),
(178, 0, 'installation', 'gfefw', 'order stock', '2018-01-09', '2018-01-08', 'fevw', '43', '18-0027', 1, 'fwefr', NULL, '1515414838'),
(179, 0, 'installation', 'vfegbg', 'pending', '2018-01-17', '2018-01-08', '54332', '543', '18-0028', 4, 'bgretr', NULL, '1515414879'),
(180, 0, 'delivery', 'fgeb', 'goods on order', '2018-01-24', '2018-01-08', '54wqewb', '5432', '18-0029', 4, 'fewgtryh', NULL, '1515414919');

-- --------------------------------------------------------

--
-- Table structure for table `managed_by`
--

DROP TABLE IF EXISTS `managed_by`;
CREATE TABLE IF NOT EXISTS `managed_by` (
  `userid` varchar(30) NOT NULL,
  `projectid` int(10) NOT NULL,
  KEY `userid` (`userid`),
  KEY `projectid` (`projectid`)
) ENGINE=InnoDB DEFAULT CHARSET=latin1;

--
-- Dumping data for table `managed_by`
--

INSERT INTO `managed_by` (`userid`, `projectid`) VALUES
('Colin', 2),
('Colin', 2),
('Colin', 2),
('Colin', 2),
('Colin', 2),
('Colin', 2),
('Colin', 2),
('Colin', 5),
('Pat', 6),
('Colin', 7),
('Pat', 8),
('Tony', 8),
('Tony', 8),
('Tony', 8),
('Tony', 8),
('Tony', 8),
('Tony', 8),
('Tony', 8),
('Tony', 8),
('Tony', 8),
('Tony', 9),
('', 9),
('Tony', 10),
('Dawn', 10),
('Tony', 10),
('Tony', 10),
('Tony', 11),
('Vincent', 12),
('', 13),
('Vincent', 14),
('Vincent', 15),
('Colin', 16),
('Ana', 17),
('Ana', 18),
('Colin', 19),
('Ana', 20),
('Marc', 21);

-- --------------------------------------------------------

--
-- Table structure for table `manufacturers`
--

DROP TABLE IF EXISTS `manufacturers`;
CREATE TABLE IF NOT EXISTS `manufacturers` (
  `manufacturerid` int(10) NOT NULL AUTO_INCREMENT,
  `name` varchar(70) NOT NULL,
  PRIMARY KEY (`manufacturerid`)
) ENGINE=InnoDB AUTO_INCREMENT=14 DEFAULT CHARSET=latin1;

--
-- Dumping data for table `manufacturers`
--

INSERT INTO `manufacturers` (`manufacturerid`, `name`) VALUES
(1, 'guldmann'),
(3, 'egan medical'),
(4, 'erfi'),
(5, 'silentia'),
(6, 'ropox'),
(7, 'beka'),
(8, 'wi-bo'),
(9, 'spahn reha'),
(10, 'cura seating'),
(11, 'meditek'),
(12, 'hawle'),
(13, 'hmn');

-- --------------------------------------------------------

--
-- Table structure for table `password`
--

DROP TABLE IF EXISTS `password`;
CREATE TABLE IF NOT EXISTS `password` (
  `password` varchar(20) NOT NULL,
  `userid` varchar(20) NOT NULL,
  KEY `userid` (`userid`)
) ENGINE=InnoDB DEFAULT CHARSET=latin1;

-- --------------------------------------------------------

--
-- Table structure for table `projects`
--

DROP TABLE IF EXISTS `projects`;
CREATE TABLE IF NOT EXISTS `projects` (
  `projectid` int(10) NOT NULL AUTO_INCREMENT,
  `planning_number` varchar(10) DEFAULT NULL,
  `est_start_date` date DEFAULT NULL,
  `address1` varchar(45) DEFAULT NULL,
  `address2` varchar(35) DEFAULT NULL,
  `address3` varchar(35) DEFAULT NULL,
  `address4` varchar(35) DEFAULT NULL,
  `county` varchar(20) DEFAULT NULL,
  `country` varchar(28) DEFAULT NULL,
  `regarding` varchar(80) DEFAULT NULL,
  `notes` varchar(5000) DEFAULT NULL,
  `closed` tinyint(1) DEFAULT '0',
  `removed` tinyint(1) DEFAULT '0',
  `won` tinyint(1) DEFAULT '0',
  `creation_date` date DEFAULT NULL,
  PRIMARY KEY (`projectid`)
) ENGINE=InnoDB AUTO_INCREMENT=22 DEFAULT CHARSET=latin1;

--
-- Dumping data for table `projects`
--

INSERT INTO `projects` (`projectid`, `planning_number`, `est_start_date`, `address1`, `address2`, `address3`, `address4`, `county`, `country`, `regarding`, `notes`, `closed`, `removed`, `won`, `creation_date`) VALUES
(2, '1535829042', '2016-07-12', '1', '1', '', 'carrigaline', 'cork', 'ireland', 'new hospital', '', 0, 0, 0, '2016-08-22'),
(5, '1234', '2016-07-02', 'fake', 'street', '', 'cork', 'cork', 'ireland', 'new nursing home', 'Victory seemed unlikely. Mount Saint Michael were two sets down and St. Leo’s certainly had the upper hand in the third set, dominating 9 points to 2. Each time St. Leo’s scored, they pounded the ground in unison, further intimidating an already shaky Claremorris team. So how, in these circumstances, did they snatch victory from the jaws of almost certain defeat?\r\n\r\nThe first set seemed to suggest two teams who were equally matched. Michael’s fought point for point against a Leo’s team whose defence was almost impenetrable, yet Edel Nolan managed to hit home some impressive spikes. However, as the set drew to a close, they found themselves unable to finish the job and St Leo’s stormed into the second set with a 25-22 win in the first set under their belt.\r\n\r\nThis is where it all went wrong for Claremorris. Having lost the first set, their nerves took over and their difficulty settling into the match was evident in a plethora of unforced errors, despite excellent positioning by Nikki Hanley and impact substitutions by Lisa McGreal and Jackie Prendergast. They lost the second set 25-19 and hope began to fade for their 200+ supporters.\r\n\r\nThe third set began in similar fashion but sensing that they now had nothing to lose – except of course the All-Ireland Title – the team lifted their game tremendously, aided by the now deafening cries of their desperate supporters, led by Lisa Brett and Chloe Hughes. Strategic use of time outs by coach Fionnghuala King saw the girls finally settle into the match. She no doubt reminded them of their team mantra – no matter how badly things seem to be going ‘don’t lose your marbles’. Stephanie Mellet had a great run of serves and made a stunning save at this crucial point in the set. Aisling Croghan made some unbelievable hits from the wings and Edel Nolan shone as the driving force behind Mount St Michael’s incredible comeback. They won the third set 25-16 and St Leo’', 0, 0, 0, '2016-08-22'),
(6, '758493023', '2016-07-02', 'fake', 'street', '', 'cork', 'cork', 'ireland', 'new hospital', 'notes', 0, 0, 0, '2016-08-04'),
(7, '1267584345', '2016-10-25', 'fake', 'street', '', 'crosshaven', 'cork', 'ireland', 'new primary care centre', 'notes', 0, 0, 0, '2016-08-17'),
(8, '12345', '2016-07-02', 'fake', 'street', '', 'cork', 'cork', 'ireland', 'school extension', 'notes', 0, 0, 0, '2016-07-13'),
(9, '12345', '2016-07-20', 'peamount hospital', 'newcastle', '', 'dublin 6', 'dublin', 'ireland', '120 bed new dev', 'Lomography is the commercial trademark of Lomographische AG, Austria for products and services catering to lo-fi photographers. The name is inspired by the former state-run optics manufacturer LOMO PLC of Saint Petersburg, Russia. LOMO PLC created and produced the 35mm LOMO LC-A Compact Automat camera — which became the centerpiece of Lomography’s marketing and sales activities. This camera was loosely based upon the Cosina CX-1 and introduced in the early 1980s. In 1991, the Austrian founders of Lomography discovered the Lomo LC-A. They were “charmed by the unique, colorful, and sometimes blurry” images that the camera produced. After a series of international art exhibitions and marketing, Lomography signed an exclusive distribution agreement with LOMO PLC — thereby becoming the sole distributor of all Lomo LC-A cameras outside of the Soviet Union. Since the introduction of the original Lomo LC-A, Lomography has produced and marketed various lines of branded analogue cameras. Most of these cameras are designed to produce a single photographic effect. In 2005, production of the original Lomo LC-A was discontinued. Its replacement, the LC-A+, was introduced in Fall 2006. The new camera, made in China rather than Russia, featured the original Russian lens manufactured by LOMO PLC. This changed as of mid-2007 with the lens now made in China as well. Similar to Eastman Kodak’s concept of the “Kodak moment”, the Lomography website endorses a motto of “Don’t Think, Just Shoot”. This motto is accompanied by the Ten Golden Rules of Lomography; guidelines encouraging spontaneity and minimal consideration of formal technique. The cameras marketed by Lomography are generally low-fidelity and inexpensively constructed. Some cameras make use of multiple lenses and colored flashes, or exhibit optical distortions and light leaks. Current models marketed by Lomographische AG include Lomo LC-A, Diana, Holga, Holga 35mm, Actionsampler, Frogeye, Pop-9, Oktomat, Fisheye, Fisheye2, Colorsplash, Colorsplash Flash, F-stop Bang, SuperSampler, Horizon 202, Seagull TLR, and Smena 8M. The company also resells dead stock Polaroid cameras and Russian dead stock. The Lomographic Society International owns galleries, stores and “showcases” dedicated to the growth, support and public exposure of the art. The society is based in Vienna, Austria, where most of its events are organised. An example of the society’s cultural events showcasing photographs from the community is the Lomokikuyu competition, which raises money for eye surgeries and vision care in Kenya, in partnership with Viennese vision aid organisation Light for the World. The project has since been updated and donations now also go to the International Committee of the Red Cross to help fight the famine in East Africa.', 0, 0, 0, '2016-08-01'),
(10, '777777777', '2018-08-22', 'carrigaline nursing home', 'main street', '', 'carrigaline', 'cork', 'ireland', 'New Carrigaline nursing home', 'This is a new build with planning permission for 80 beds', 0, 0, 0, '2016-07-28'),
(11, '000000', '2016-09-22', 'vd', 'vs', '', 'vsdvdv', 'armagh', 'ireland', 'ertyjs', 'sdv\\sbzednsztn', 0, 0, 0, '2016-08-22'),
(12, '0876143399', '2016-05-01', 'main street', 'douglas village', '', 'douglas', 'carlow', 'ireland', 'daraglynn n.h.', '25 beds and 4 hoists', 0, 0, 0, '2016-08-26'),
(16, '1212312312', '2017-01-19', 'main street', 'crosshaven village', '', 'crosshaven', 'cork', 'ireland', 'New nursing home', 'This is a 70 bed development', 0, 0, 0, '2016-08-26'),
(17, '5555555555', '2017-04-01', '1', '1', '', '1', 'antrim', 'ireland', '', '', 1, 0, 1, '2017-04-09'),
(18, '1234567', '2017-04-10', 'fake', 'fake', 'fake', 'fake', 'antrim', 'ireland', 'fake', 'fake', 0, 0, 0, '2017-04-09'),
(19, 'fake', '2017-04-10', 'fake', 'fake', 'fake', 'fake', 'leitrim', 'ireland', 'fake', 'fake', 0, 0, 0, '2017-04-09'),
(20, 'fake', '2017-04-29', 'fake', 'fake', 'fake', 'fake', 'antrim', 'ireland', 'fake', 'fake', 0, 0, 0, '2017-04-29'),
(21, '5643457', '2017-10-01', '2', 'main street', '', 'carrigaline', 'cork', 'ireland', 'new school', 'There is a new school for disabled children being built.', 0, 0, 0, '2017-09-06');

-- --------------------------------------------------------

--
-- Table structure for table `project_activity`
--

DROP TABLE IF EXISTS `project_activity`;
CREATE TABLE IF NOT EXISTS `project_activity` (
  `projectid` int(10) NOT NULL,
  `activityid` int(10) NOT NULL
) ENGINE=InnoDB DEFAULT CHARSET=latin1;

--
-- Dumping data for table `project_activity`
--

INSERT INTO `project_activity` (`projectid`, `activityid`) VALUES
(2, 54),
(9, 57),
(9, 58),
(9, 61),
(9, 87),
(9, 89),
(9, 90),
(9, 91),
(9, 92),
(9, 93),
(8, 94),
(8, 95),
(2, 102),
(9, 110),
(9, 111),
(9, 119),
(9, 120),
(9, 121),
(9, 122),
(9, 123),
(9, 124),
(9, 125),
(9, 126),
(9, 127),
(9, 131),
(9, 132),
(9, 133),
(9, 134),
(9, 134),
(9, 142),
(9, 145),
(9, 164),
(9, 165),
(9, 166),
(9, 167),
(9, 168),
(9, 169),
(9, 170),
(9, 171),
(9, 172),
(9, 173),
(9, 174),
(9, 175),
(9, 176),
(9, 177),
(9, 178),
(10, 179),
(10, 180),
(10, 181),
(10, 182),
(10, 183),
(10, 184),
(10, 185),
(10, 186),
(12, 195),
(12, 196),
(12, 197),
(12, 198),
(12, 199),
(12, 200),
(12, 201),
(12, 202),
(12, 203),
(12, 203),
(12, 204),
(12, 205),
(9, 213),
(9, 214),
(8, 217),
(16, 220),
(16, 221),
(12, 222),
(9, 223),
(9, 224),
(9, 225),
(9, 226),
(12, 229),
(16, 230),
(9, 230),
(9, 230),
(9, 236),
(9, 236),
(20, 240),
(20, 254),
(20, 255),
(20, 256),
(20, 261),
(20, 262),
(20, 263),
(20, 264),
(20, 265),
(20, 266),
(20, 271),
(20, 272),
(20, 273),
(20, 274),
(20, 275),
(20, 277),
(20, 278),
(20, 279),
(20, 280),
(20, 281),
(20, 282),
(20, 285),
(20, 287),
(20, 289),
(20, 290),
(20, 292),
(20, 293),
(20, 294),
(20, 295),
(20, 296),
(21, 308),
(21, 309),
(21, 314),
(21, 315),
(21, 317),
(21, 318),
(21, 319),
(21, 320),
(21, 321),
(21, 322),
(21, 323),
(21, 324),
(21, 325),
(21, 326),
(21, 327),
(21, 328),
(21, 329),
(21, 330),
(21, 331),
(21, 332),
(21, 333),
(21, 334),
(21, 335),
(21, 336),
(21, 337),
(21, 338),
(21, 339),
(21, 340),
(21, 341),
(21, 342),
(21, 343),
(21, 344),
(21, 345),
(21, 346),
(21, 347),
(21, 348),
(21, 349),
(21, 350);

-- --------------------------------------------------------

--
-- Table structure for table `sms`
--

DROP TABLE IF EXISTS `sms`;
CREATE TABLE IF NOT EXISTS `sms` (
  `id` int(11) NOT NULL AUTO_INCREMENT,
  `name` varchar(50) DEFAULT NULL,
  `message` varchar(480) DEFAULT NULL,
  PRIMARY KEY (`id`)
) ENGINE=MyISAM AUTO_INCREMENT=6 DEFAULT CHARSET=latin1;

--
-- Dumping data for table `sms`
--

INSERT INTO `sms` (`id`, `name`, `message`) VALUES
(5, 'Service Reminder', 'This is an automated SMS from Enable Supplies. You have product(s) which require a service/inspection soon. Please call the office to book the appointment on (021) 4372607');

-- --------------------------------------------------------

--
-- Table structure for table `stock`
--

DROP TABLE IF EXISTS `stock`;
CREATE TABLE IF NOT EXISTS `stock` (
  `stockid` int(10) NOT NULL AUTO_INCREMENT,
  `serialid` varchar(50) DEFAULT NULL,
  `name` varchar(50) DEFAULT NULL,
  `model` varchar(50) DEFAULT NULL,
  `manufacturer` varchar(50) DEFAULT NULL,
  `product_description` varchar(200) DEFAULT NULL,
  `installation_date` date DEFAULT NULL,
  `inspection_date` date DEFAULT NULL,
  `service_date` date DEFAULT NULL,
  `location` varchar(65) DEFAULT NULL,
  `contract_renewal_date` date DEFAULT NULL,
  `contract_type` varchar(15) DEFAULT NULL,
  `funded_by` varchar(50) DEFAULT NULL,
  `last_results` varchar(300) DEFAULT NULL,
  `next_service` date DEFAULT NULL,
  PRIMARY KEY (`stockid`)
) ENGINE=InnoDB AUTO_INCREMENT=2682 DEFAULT CHARSET=latin1;

--
-- Dumping data for table `stock`
--

INSERT INTO `stock` (`stockid`, `serialid`, `name`, `model`, `manufacturer`, `product_description`, `installation_date`, `inspection_date`, `service_date`, `location`, `contract_renewal_date`, `contract_type`, `funded_by`, `last_results`, `next_service`) VALUES
(1, '120001-4630-2009', 'hoist', 'gh2', 'guldmann', '', '2009-12-07', '2000-01-01', '2010-12-06', 'room 029 - ground floor', '2000-01-01', '', '', '', '0000-00-00'),
(2, '120001-4702-2009', 'hoist', 'gh2', 'guldmann', '', '2009-12-07', '2000-01-01', '2010-12-06', 'room 007 - ground floor', '2000-01-01', '', '', '', '0000-00-00'),
(3, '120001-4632-2009', 'hoist', 'gh2', 'guldmann', '', '2009-12-07', '2000-01-01', '2010-12-06', 'room 008 - ground floor', '2000-01-01', '', '', '', '0000-00-00'),
(4, '120001-4633-2009', 'hoist', 'gh2', 'guldmann', '', '2009-12-07', '2000-01-01', '2010-12-06', 'room 009 - ground floor', '2000-01-01', '', '', '', '0000-00-00'),
(5, '120001-4635-2009', 'hoist', 'gh2', 'guldmann', '', '2009-12-07', '2000-01-01', '2010-12-06', 'room 010 - ground floor', '2000-01-01', '', '', '', '0000-00-00'),
(6, '120001-4634-2009', 'hoist', 'gh2', 'guldmann', '', '2009-12-07', '2000-01-01', '2010-12-06', 'room 011 - ground floor', '2000-01-01', '', '', '', '0000-00-00'),
(7, '120001-4639-2009', 'hoist', 'gh2', 'guldmann', '', '2009-12-07', '2000-01-01', '2010-12-06', 'room 012 - ground floor', '2000-01-01', '', '', '', '0000-00-00'),
(8, '120001-4748-2009', 'hoist', 'gh2', 'guldmann', '', '2009-12-07', '2000-01-01', '2010-12-06', 'room 013 - ground floor', '2000-01-01', '', '', '', '0000-00-00'),
(9, '120001-4629-2009', 'hoist', 'gh2', 'guldmann', '', '2009-12-07', '2000-01-01', '2010-12-06', 'room 014 - ground floor', '2000-01-01', '', '', '', '0000-00-00'),
(10, '120001-4745-2009', 'hoist', 'gh2', 'guldmann', '', '2009-12-07', '2000-01-01', '2010-12-06', 'room 015 - ground floor', '2000-01-01', '', '', '', '0000-00-00'),
(11, '120001-4747-2009', 'hoist', 'gh2', 'guldmann', '', '2009-12-07', '2000-01-01', '2010-12-06', 'room 016 - ground floor', '2000-01-01', '', '', '', '0000-00-00'),
(12, '120001-4737-2009', 'hoist', 'gh2', 'guldmann', '', '2009-12-07', '2000-01-01', '2010-12-06', 'room 017 - ground floor', '2000-01-01', '', '', '', '0000-00-00'),
(13, '120001-4749-2009', 'hoist', 'gh2', 'guldmann', '', '2009-12-07', '2000-01-01', '2010-12-06', 'room 020 - ground floor', '2000-01-01', '', '', '', '0000-00-00'),
(14, '120001-4638-2009', 'hoist', 'gh2', 'guldmann', '', '2009-12-07', '2000-01-01', '2010-12-06', 'room 021 - ground floor', '2000-01-01', '', '', '', '0000-00-00'),
(15, '120001-4640-2009', 'hoist', 'gh2', 'guldmann', '', '2009-12-07', '2000-01-01', '2010-12-06', 'room 022 - ground floor', '2000-01-01', '', '', '', '0000-00-00'),
(16, '120001-4644-2009', 'hoist', 'gh2', 'guldmann', '', '2009-12-07', '2000-01-01', '2010-12-06', 'room 023 - ground floor', '2000-01-01', '', '', '', '0000-00-00'),
(17, '120001-4636-2009', 'hoist', 'gh2', 'guldmann', '', '2009-12-07', '2000-01-01', '2010-12-06', 'room 024 - ground floor', '2000-01-01', '', '', '', '0000-00-00'),
(18, '120001-4641-2009', 'hoist', 'gh2', 'guldmann', '', '2009-12-07', '2000-01-01', '2010-12-06', 'room 025 - ground floor', '2000-01-01', '', '', '', '0000-00-00'),
(19, '120001-4699-2009', 'hoist', 'gh2', 'guldmann', '', '2009-12-07', '2000-01-01', '2010-12-06', 'room 131 - top floor', '2000-01-01', '', '', '', '0000-00-00'),
(20, '120001-4732-2009', 'hoist', 'gh2', 'guldmann', '', '2009-12-07', '2000-01-01', '2010-12-06', 'room 129 - top floor', '2000-01-01', '', '', '', '0000-00-00'),
(21, '120001-4738-2009', 'hoist', 'gh2', 'guldmann', '', '2009-12-07', '2000-01-01', '2010-12-06', 'room 128 - top floor', '2000-01-01', '', '', '', '0000-00-00'),
(22, '120001-4734-2009', 'hoist', 'gh2', 'guldmann', '', '2009-12-07', '2000-01-01', '2010-12-06', 'room 107 - top floor', '2000-01-01', '', '', '', '0000-00-00'),
(23, '120001-4645-2009', 'hoist', 'gh2', 'guldmann', '', '2009-12-07', '2000-01-01', '2010-12-06', 'room 108 - top floor', '2000-01-01', '', '', '', '0000-00-00'),
(24, '120001-4746-2009', 'hoist', 'gh2', 'guldmann', '', '2009-12-07', '2000-01-01', '2010-12-06', 'room 109 - top floor', '2000-01-01', '', '', '', '0000-00-00'),
(25, '120001-4646-2009', 'hoist', 'gh2', 'guldmann', '', '2009-12-07', '2000-01-01', '2010-12-06', 'room 110 - top floor', '2000-01-01', '', '', '', '0000-00-00'),
(26, '120001-4647-2009', 'hoist', 'gh2', 'guldmann', '', '2009-12-07', '2000-01-01', '2010-12-06', 'room 111 - top floor', '2000-01-01', '', '', '', '0000-00-00'),
(27, '120001-4744-2009', 'hoist', 'gh2', 'guldmann', '', '2009-12-07', '2000-01-01', '2010-12-06', 'room 125 - top floor', '2000-01-01', '', '', '', '0000-00-00'),
(28, '120001-4740-2009', 'hoist', 'gh2', 'guldmann', '', '2009-12-07', '2000-01-01', '2010-12-06', 'room 224 - top floor', '2000-01-01', '', '', '', '0000-00-00'),
(29, '120001-4743-2009', 'hoist', 'gh2', 'guldmann', '', '2009-12-07', '2000-01-01', '2010-12-06', 'room 112 - top floor', '2000-01-01', '', '', '', '0000-00-00'),
(30, '120001-4742-2009', 'hoist', 'gh2', 'guldmann', '', '2009-12-07', '2000-01-01', '2010-12-06', 'room 113 - top floor', '2000-01-01', '', '', '', '0000-00-00'),
(31, '120001-4750-2009', 'hoist', 'gh2', 'guldmann', '', '2009-12-07', '2000-01-01', '2010-12-06', 'room 123 - top floor', '2000-01-01', '', '', '', '0000-00-00'),
(32, '120001-4739-2009', 'hoist', 'gh2', 'guldmann', '', '2009-12-07', '2000-01-01', '2010-12-06', 'room 122 - top floor', '2000-01-01', '', '', '', '0000-00-00'),
(33, '120001-4736-2009', 'hoist', 'gh2', 'guldmann', '', '2009-12-07', '2000-01-01', '2010-12-06', 'room 114 - top floor', '2000-01-01', '', '', '', '0000-00-00'),
(34, '120001-4731-2009', 'hoist', 'gh2', 'guldmann', '', '2009-12-07', '2000-01-01', '2010-12-06', 'room 115 - top floor', '2000-01-01', '', '', '', '0000-00-00'),
(35, '120001-4735-2009', 'hoist', 'gh2', 'guldmann', '', '2009-12-07', '2000-01-01', '2010-12-06', 'room 121 - top floor', '2000-01-01', '', '', '', '0000-00-00'),
(36, '120001-4741-2009', 'hoist', 'gh2', 'guldmann', '', '2009-12-07', '2000-01-01', '2010-12-06', 'room 116 - top floor', '2000-01-01', '', '', '', '0000-00-00'),
(37, '120001-4637-2009', 'hoist', 'gh2', 'guldmann', '', '2009-12-07', '2000-01-01', '2010-12-06', 'room 117 - top floor', '2000-01-01', '', '', '', '0000-00-00'),
(38, '120001-4733-2009', 'hoist', 'gh2', 'guldmann', '', '2009-12-07', '2000-01-01', '2010-12-06', 'room 120 - top floor', '2000-01-01', '', '', '', '0000-00-00'),
(39, '120001-4694-2009', 'hoist', 'gh2-dc', 'guldmann', '', '2009-12-07', '2000-01-01', '2010-12-06', 'therapy room - ground floor', '2000-01-01', '', '', '', '0000-00-00'),
(40, '120001-4694-2009', 'hoist', 'gh2-dc', 'guldmann', '', '2009-12-07', '2000-01-01', '2010-12-06', 'room 030 - ground floor', '2000-01-01', '', '', '', '0000-00-00'),
(41, '120001-4703-2009', 'hoist', 'gh2-dc', 'guldmann', '', '2009-12-07', '2000-01-01', '2010-12-06', 'assist bathroom - ground floor', '2000-01-01', '', '', '', '0000-00-00'),
(42, '120001-4700-2009', 'hoist', 'gh2-dc', 'guldmann', '', '2009-12-07', '2000-01-01', '2010-12-06', 'room030 - ground floor', '2000-01-01', '', '', '', '0000-00-00'),
(43, '120001-4631-2009', 'hoist', 'gh2-dc', 'guldmann', '', '2009-12-07', '2000-01-01', '2010-12-06', 'room 028 - ground floor', '2000-01-01', '', '', '', '0000-00-00'),
(44, '120001-4701-2009', 'hoist', 'gh2-dc', 'guldmann', '', '2009-12-07', '2000-01-01', '2010-12-06', 'room 105 - top floor bathroom', '2000-01-01', '', '', '', '0000-00-00'),
(45, '0285-42-09', 'bathtub', 'k2', 'beka', '', '2009-11-02', '2000-01-01', '2010-12-06', '', '2000-01-01', '', '', '', '0000-00-00'),
(46, '0284-42-09', 'bathtub', 'k2', 'beka', '', '2009-11-02', '2000-01-01', '2010-12-06', '', '2000-01-01', '', '', '', '0000-00-00'),
(47, '48-1000', 'hoist', 'gh2', 'guldmann', '', '2004-12-16', '2000-01-01', '2005-12-16', '', '2000-01-01', '', '', '', '0000-00-00'),
(48, '120001-4722-2007', 'hoist', 'gh2', 'guldmann', '', '2009-07-02', '2000-01-01', '2010-07-02', '', '2000-01-01', '', '', '', '0000-00-00'),
(49, '255267', 'aqualine', '1.6', 'ropox', '', '2011-05-06', '2000-01-01', '2012-05-05', '', '2000-01-01', '', '', '', '0000-00-00'),
(50, '08402', 'hoist', 'gh3 200 110 0000', 'guldmann', '', '2011-05-06', '2000-01-01', '2012-05-05', '', '2000-01-01', '', '', '', '0000-00-00'),
(51, '120001-1323-2009', 'hoist', 'gh2', 'guldmann', '', '2009-04-08', '2000-01-01', '2011-09-07', 'room 012, block a, ground floor', '2000-01-01', '', '', '', '0000-00-00'),
(52, '120001-1332-2009', 'hoist', 'gh2', 'guldmann', '', '2009-04-08', '2000-01-01', '2011-09-07', 'room 031, block b, ground floor', '2000-01-01', '', '', '', '0000-00-00'),
(53, '120001-1339-2009', 'hoist', 'gh2', 'guldmann', '', '2009-04-08', '2000-01-01', '2011-09-07', 'room 030, block b, ground floor', '2000-01-01', '', '', '', '0000-00-00'),
(54, '120001-1346-2009', 'hoist', 'gh2', 'guldmann', '', '2009-04-08', '2000-01-01', '2011-09-07', 'room 029, block b, ground floor', '2000-01-01', '', '', '', '0000-00-00'),
(55, '120001-1318-2009', 'hoist', 'gh2', 'guldmann', '', '2009-04-08', '2000-01-01', '2011-09-07', 'room 025, block b, ground floor', '2000-01-01', '', '', '', '0000-00-00'),
(56, '120001-1340-2009', 'hoist', 'gh2', 'guldmann', '', '2009-04-08', '2000-01-01', '2011-09-07', 'room 024, block b, ground floor', '2000-01-01', '', '', '', '0000-00-00'),
(57, '120001-1360-2009', 'hoist', 'gh2', 'guldmann', '', '2009-04-08', '2000-01-01', '2011-09-07', 'room 023, block b, ground floor', '2000-01-01', '', '', '', '0000-00-00'),
(58, '120001-1354-2009', 'hoist', 'gh2', 'guldmann', '', '2009-04-08', '2000-01-01', '2011-09-07', 'room 022, block b, ground floor', '2000-01-01', '', '', '', '0000-00-00'),
(59, '120001-1363-2009', 'hoist', 'gh2', 'guldmann', '', '2009-04-08', '2000-01-01', '2011-09-07', 'room 021, block b, ground floor', '2000-01-01', '', '', '', '0000-00-00'),
(60, '120001-1348-2009', 'hoist', 'gh2', 'guldmann', '', '2009-04-08', '2000-01-01', '2013-09-07', 'room 017, block b, ground floor', '2000-01-01', '', '', '', '0000-00-00'),
(61, '120001-1320-2009', 'hoist', 'gh2', 'guldmann', '', '2009-04-08', '2000-01-01', '2011-09-07', 'room 016, block b, ground floor', '2000-01-01', '', '', '', '0000-00-00'),
(62, '120001-1355-2009', 'hoist', 'gh2', 'guldmann', '', '2009-04-08', '2000-01-01', '2011-09-07', 'room 015, block b, ground floor', '2000-01-01', '', '', '', '0000-00-00'),
(63, '120001-1369-2009', 'hoist', 'gh2', 'guldmann', '', '2009-04-08', '2000-01-01', '2011-09-07', 'room 014, block b, ground floor', '2000-01-01', '', '', '', '0000-00-00'),
(64, '120001-1359-2009', 'hoist', 'gh2', 'guldmann', '', '2009-04-08', '2000-01-01', '2011-09-07', 'room 013, block b, ground floor', '2000-01-01', '', '', '', '0000-00-00'),
(65, '120001-1353-2009', 'hoist', 'gh2', 'guldmann', '', '2009-04-08', '2000-01-01', '2011-09-07', 'room 012, block b, ground floor', '2000-01-01', '', '', '', '0000-00-00'),
(66, '120001-1358-2009', 'hoist', 'gh2', 'guldmann', '', '2009-04-08', '2000-01-01', '2011-09-07', 'room 010, block b, ground floor', '2000-01-01', '', '', '', '0000-00-00'),
(67, '120001-1373-2009', 'hoist', 'gh2', 'guldmann', '', '2009-04-08', '2000-01-01', '2011-09-07', 'room 09, block b, ground floor', '2000-01-01', '', '', '', '0000-00-00'),
(68, '120001-1338-2009', 'hoist', 'gh2', 'guldmann', '', '2009-04-08', '2000-01-01', '2011-09-07', 'room 09, block b, ground floor', '2000-01-01', '', '', '', '0000-00-00'),
(69, '120001-1343-2009', 'hoist', 'gh2', 'guldmann', '', '2009-04-08', '2000-01-01', '2011-09-07', 'room 07, block b, ground floor', '2000-01-01', '', '', '', '0000-00-00'),
(70, '120001-1351-2009', 'hoist', 'gh2', 'guldmann', '', '2009-04-08', '2000-01-01', '2011-09-07', 'room 06, block b, ground floor', '2000-01-01', '', '', '', '0000-00-00'),
(71, '120001-1342-2009', 'hoist', 'gh2', 'guldmann', '', '2009-04-08', '2000-01-01', '2011-09-07', 'room 06, block b, ground floor', '2000-01-01', '', '', '', '0000-00-00'),
(72, '120001-1310-2009', 'hoist', 'gh2', 'guldmann', '', '2009-04-08', '2000-01-01', '2011-09-07', 'room 03, block b, ground floor', '2000-01-01', '', '', '', '0000-00-00'),
(73, '120001-1319-2009', 'hoist', 'gh2', 'guldmann', '', '2009-04-08', '2000-01-01', '2011-09-07', 'room 03, block b, first floor', '2000-01-01', '', '', '', '0000-00-00'),
(74, '120001-1317-2009', 'hoist', 'gh2', 'guldmann', '', '2009-04-08', '2000-01-01', '2011-09-07', 'room 129, block b, first floor', '2000-01-01', '', '', '', '0000-00-00'),
(75, '120001-1357-2009', 'hoist', 'gh2', 'guldmann', '', '2009-04-08', '2000-01-01', '2011-09-07', 'room 125, block b, first floor', '2000-01-01', '', '', '', '0000-00-00'),
(76, '120001-1350-2009', 'hoist', 'gh2', 'guldmann', '', '2009-04-08', '2000-01-01', '2011-09-07', 'room 124, block b, first floor', '2000-01-01', '', '', '', '0000-00-00'),
(77, '120001-1386-2009', 'hoist', 'gh2', 'guldmann', '', '2009-04-08', '2000-01-01', '2011-09-07', 'room 123, block b, first floor', '2000-01-01', '', '', '', '0000-00-00'),
(78, '120001-1324-2009', 'hoist', 'gh2', 'guldmann', '', '2009-04-08', '2000-01-01', '2011-09-07', 'room 122, block b, first floor', '2000-01-01', '', '', '', '0000-00-00'),
(79, '120001-1326-2009', 'hoist', 'gh2', 'guldmann', '', '2009-04-08', '2000-01-01', '2011-09-07', 'room 121, block b, first floor', '2000-01-01', '', '', '', '0000-00-00'),
(80, '120001-1316-2009', 'hoist', 'gh2', 'guldmann', '', '2009-04-08', '2000-01-01', '2011-09-07', 'room 116, block b, first floor', '2000-01-01', '', '', '', '0000-00-00'),
(81, '120001-1335-2009', 'hoist', 'gh2', 'guldmann', '', '2009-04-08', '2000-01-01', '2015-04-01', 'room 115, block b, first floor', '2000-01-01', '', '', '', '0000-00-00'),
(82, '120001-1305-2009', 'hoist', 'gh2', 'guldmann', '', '2009-04-08', '2000-01-01', '2011-09-07', 'room 111, block a', '2000-01-01', '', '', '', '0000-00-00'),
(83, '120001-1334-2009', 'hoist', 'gh2', 'guldmann', '', '2009-04-08', '2000-01-01', '2011-09-07', 'room 114, block b, first floor', '2000-01-01', '', '', '', '0000-00-00'),
(84, '120001-1322-2009', 'hoist', 'gh2', 'guldmann', '', '2009-04-08', '2000-01-01', '2011-09-07', 'room 113, block b, first floor', '2000-01-01', '', '', '', '0000-00-00'),
(85, '120001-1349-2009', 'hoist', 'gh2', 'guldmann', '', '2009-04-08', '2000-01-01', '2011-09-07', 'room 112, block b, first floor', '2000-01-01', '', '', '', '0000-00-00'),
(86, '120001-1347-2009', 'hoist', 'gh2', 'guldmann', '', '2009-04-08', '2000-01-01', '2011-09-07', 'room 110, block b, first floor', '2000-01-01', '', '', '', '0000-00-00'),
(87, '120001-1356-2009', 'hoist', 'gh2', 'guldmann', '', '2009-04-08', '2000-01-01', '2011-09-07', 'room 109, block b, first floor', '2000-01-01', '', '', '', '0000-00-00'),
(88, '120001-1321-2009', 'hoist', 'gh2', 'guldmann', '', '2009-04-08', '2000-01-01', '2015-04-01', 'room 108, block b, first floor', '2000-01-01', '', '', '', '0000-00-00'),
(89, '120001-1336-2009', 'hoist', 'gh2', 'guldmann', '', '2009-04-08', '2000-01-01', '2011-09-07', 'room 107, block b, first floor', '2000-01-01', '', '', '', '0000-00-00'),
(90, '120001-1341-2009', 'hoist', 'gh2', 'guldmann', '', '2009-04-08', '2000-01-01', '2011-09-07', 'room 106, block b, first floor', '2000-01-01', '', '', '', '0000-00-00'),
(91, '120001-1331-2009', 'hoist', 'gh2', 'guldmann', '', '2009-04-08', '2000-01-01', '2011-09-07', 'room 104, block b, first floor', '2000-01-01', '', '', '', '0000-00-00'),
(92, '120001-1303-2009', 'hoist', 'gh2', 'guldmann', '', '2009-04-08', '2000-01-01', '2011-09-07', 'room 103, block b, first floor', '2000-01-01', '', '', '', '0000-00-00'),
(93, '120001-1378-2009', 'hoist', 'gh2', 'guldmann', '', '2009-04-08', '2000-01-01', '2011-09-07', 'room 231, block b, first floor', '2000-01-01', '', '', '', '0000-00-00'),
(94, '120001-1330-2009', 'hoist', 'gh2', 'guldmann', '', '2009-04-08', '2000-01-01', '2011-09-07', 'room 229, block b, first floor', '2000-01-01', '', '', '', '0000-00-00'),
(95, '120001-1314-2009', 'hoist', 'gh2', 'guldmann', '', '2009-04-08', '2000-01-01', '2011-09-07', 'room 225, block b, second floor', '2000-01-01', '', '', '', '0000-00-00'),
(96, '120001-1344-2009', 'hoist', 'gh2', 'guldmann', '', '2009-04-08', '2000-01-01', '2011-09-07', 'room 224, block b, second floor', '2000-01-01', '', '', '', '0000-00-00'),
(97, '120001-1337-2009', 'hoist', 'gh2', 'guldmann', '', '2009-04-08', '2000-01-01', '2011-09-07', 'room 416, maple ward', '2000-01-01', '', '', '', '0000-00-00'),
(98, '120001-1375-2009', 'hoist', 'gh2', 'guldmann', '', '2009-04-08', '2000-01-01', '2011-09-07', 'room 222, block b, second floor', '2000-01-01', '', '', '', '0000-00-00'),
(99, '120001-1345-2009', 'hoist', 'gh2', 'guldmann', '', '2009-04-08', '2000-01-01', '2011-09-07', 'room 221, block b, second floor', '2000-01-01', '', '', '', '0000-00-00'),
(100, '120001-1367-2009', 'hoist', 'gh2', 'guldmann', '', '2009-04-08', '2000-01-01', '2011-09-07', 'room 217, block b, second floor', '2000-01-01', '', '', '', '0000-00-00'),
(101, '120001-1323-2009', 'hoist', 'gh2', 'guldmann', '', '2009-04-08', '2000-01-01', '2011-09-07', 'room 216, block b, second floor', '2000-01-01', '', '', '', '0000-00-00'),
(102, '120001-1387-2009', 'hoist', 'gh2', 'guldmann', '', '2009-04-08', '2000-01-01', '2015-06-11', 'room 411, maple ward', '2000-01-01', '', '', '', '0000-00-00'),
(103, '120001-1365-2009', 'hoist', 'gh2', 'guldmann', '', '2009-04-08', '2000-01-01', '2011-09-07', 'room 214, block b, second floor', '2000-01-01', '', '', '', '0000-00-00'),
(104, '120001-1327-2009', 'hoist', 'gh2', 'guldmann', '', '2009-04-08', '2000-01-01', '2014-09-07', 'room 213, block b, second floor', '2000-01-01', '', '', '', '0000-00-00'),
(105, '120001-1376-2009', 'hoist', 'gh2', 'guldmann', '', '2009-04-08', '2000-01-01', '2015-04-01', 'room 212, block b, second floor', '2000-01-01', '', '', '', '0000-00-00'),
(106, '120001-1366-2009', 'hoist', 'gh2', 'guldmann', '', '2009-04-08', '2000-01-01', '2011-09-07', 'room 210, block b, second floor', '2000-01-01', '', '', '', '0000-00-00'),
(107, '120001-1374-2009', 'hoist', 'gh2', 'guldmann', '', '2009-04-08', '2000-01-01', '2011-09-07', 'room 209, block b, second floor', '2000-01-01', '', '', '', '0000-00-00'),
(108, '120001-1362-2009', 'hoist', 'gh2', 'guldmann', '', '2009-04-08', '2000-01-01', '2011-09-07', 'room 208, block b, second floor', '2000-01-01', '', '', '', '0000-00-00'),
(109, '120001-1325-2009', 'hoist', 'gh2', 'guldmann', '', '2009-04-08', '2000-01-01', '2011-09-07', 'room 207, block b, second floor', '2000-01-01', '', '', '', '0000-00-00'),
(110, '120001-1333-2009', 'hoist', 'gh2', 'guldmann', '', '2009-04-08', '2000-01-01', '2011-09-07', 'room 206, block b, second floor', '2000-01-01', '', '', '', '0000-00-00'),
(111, '120001-1372-2009', 'hoist', 'gh2', 'guldmann', '', '2009-04-08', '2000-01-01', '2015-02-04', 'room 204, block b, second floor', '2000-01-01', '', '', '', '0000-00-00'),
(112, '120001-0006-2009', 'hoist', 'gh2', 'guldmann', '', '2009-04-08', '2000-01-01', '2011-09-07', 'room 130, block a', '2000-01-01', '', '', '', '0000-00-00'),
(113, '120001-1307-2009', 'hoist', 'gh2', 'guldmann', '', '2009-04-08', '2000-01-01', '2011-09-07', 'room 203, block b, second floor', '2000-01-01', '', '', '', '0000-00-00'),
(114, '120001-1381-2009', 'hoist', 'gh2', 'guldmann', '', '2009-04-08', '2000-01-01', '2011-09-07', 'room 105, block a', '2000-01-01', '', '', '', '0000-00-00'),
(115, '120001-1380-2009', 'hoist', 'gh2', 'guldmann', '', '2009-04-08', '2000-01-01', '2011-09-07', 'room 103, block a', '2000-01-01', '', '', '', '0000-00-00'),
(116, '120001-1329-2009', 'hoist', 'gh2', 'guldmann', '', '2009-04-08', '2000-01-01', '2011-09-07', 'room 102, block a', '2000-01-01', '', '', '', '0000-00-00'),
(117, '120001-1384-2009', 'hoist', 'gh2', 'guldmann', '', '2009-04-08', '2000-01-01', '2013-09-07', 'room 133, block a', '2000-01-01', '', '', '', '0000-00-00'),
(118, '120001-1370-2009', 'hoist', 'gh2', 'guldmann', '', '2009-04-08', '2000-01-01', '2011-09-07', 'room 132, block a', '2000-01-01', '', '', '', '0000-00-00'),
(119, '120001-1352-2009', 'hoist', 'gh2', 'guldmann', '', '2009-04-08', '2000-01-01', '2011-09-07', 'room 104, block a', '2000-01-01', '', '', '', '0000-00-00'),
(120, '120001-1368-2009', 'hoist', 'gh2', 'guldmann', '', '2009-04-08', '2000-01-01', '2011-09-07', 'room 131, block a', '2000-01-01', '', '', '', '0000-00-00'),
(121, '120001-1364-2009', 'hoist', 'gh2', 'guldmann', '', '2009-04-08', '2000-01-01', '2013-09-08', 'room 125, block a', '2000-01-01', '', '', '3/9/14 mariusz did thorough repair,replaced hand control and 2 batteries', '0000-00-00'),
(122, '120001-1313-2009', 'hoist', 'gh2', 'guldmann', '', '2009-04-08', '2000-01-01', '2011-09-07', 'room 124, block a', '2000-01-01', '', '', '', '0000-00-00'),
(123, '120001-1388-2009', 'hoist', 'gh2', 'guldmann', '', '2009-04-08', '2000-01-01', '2011-09-07', 'room 123, block a', '2000-01-01', '', '', '', '0000-00-00'),
(124, '120001-1379-2009', 'hoist', 'gh2', 'guldmann', '', '2009-04-08', '2000-01-01', '2011-09-07', 'room 122, block a', '2000-01-01', '', '', '', '0000-00-00'),
(125, '120001-1315-2009', 'hoist', 'gh2', 'guldmann', '', '2009-04-08', '2000-01-01', '2011-09-07', 'room 121, block a', '2000-01-01', '', '', '', '0000-00-00'),
(126, '120001-1328-2009', 'hoist', 'gh2', 'guldmann', '', '2009-04-08', '2000-01-01', '2011-09-07', 'room 120, block a', '2000-01-01', '', '', '', '0000-00-00'),
(127, '120001-1377-2009', 'hoist', 'gh2', 'guldmann', '', '2009-04-08', '2000-01-01', '2011-09-07', 'room 118, block a', '2000-01-01', '', '', '', '0000-00-00'),
(128, '120001-1361-2009', 'hoist', 'gh2', 'guldmann', '', '2009-04-08', '2000-01-01', '2011-09-07', 'room 117, block a', '2000-01-01', '', '', '', '0000-00-00'),
(129, '120001-1371-2009', 'hoist', 'gh2', 'guldmann', '', '2009-04-08', '2000-01-01', '2011-09-07', 'room 116, block a', '2000-01-01', '', '', '', '0000-00-00'),
(130, '120001-1382-2009', 'hoist', 'gh2', 'guldmann', '', '2009-04-08', '2000-01-01', '2011-09-07', 'room 115, block a', '2000-01-01', '', '', '', '0000-00-00'),
(131, '120001-1385-2009', 'hoist', 'gh2', 'guldmann', '', '2009-04-08', '2000-01-01', '2011-09-07', 'room 114, block a', '2000-01-01', '', '', '', '0000-00-00'),
(132, '120001-1383-2009', 'hoist', 'gh2', 'guldmann', '', '2009-04-08', '2000-01-01', '2011-09-07', 'room 112, block a', '2000-01-01', '', '', '', '0000-00-00'),
(133, '120001-1311-2009', 'hoist', 'gh2', 'guldmann', '', '2009-04-07', '2000-01-01', '2011-09-07', 'room 234, block b - 2nd floor', '2000-01-01', '', '', '', '0000-00-00'),
(134, '120001-1312-2009', 'hoist', 'gh2', 'guldmann', '', '2009-04-08', '2000-01-01', '2011-09-07', 'bathroom 034, block b - ground floor', '2000-01-01', '', '', '', '0000-00-00'),
(135, '120001-1308-2009', 'hoist', 'gh2', 'guldmann', '', '2009-04-08', '2000-01-01', '2014-09-07', 'bathroom 134, block b - 1st floor', '2000-01-01', '', '', '', '0000-00-00'),
(136, '120001-1306-2009', 'hoist', 'gh2', 'guldmann', '', '2009-04-08', '2000-01-01', '2011-09-07', 'bathroom 130, block b - 1st floor', '2000-01-01', '', '', '', '0000-00-00'),
(137, '0245.07.09', 'bathtub', 'k2', 'beka', '', '2010-04-21', '2000-01-01', '2011-09-07', 'the maples', '2000-01-01', '', '', '', '0000-00-00'),
(138, '0247.07.09', 'bathtub', 'k2', 'beka', '', '2010-04-21', '2000-01-01', '2011-09-07', 'white thorn', '2000-01-01', '', '', '', '0000-00-00'),
(139, '0246.07.09', 'bathtub', 'k2', 'beka', '', '2010-04-21', '2000-01-01', '2011-09-07', 'sycamore', '2000-01-01', '', '', '', '0000-00-00'),
(140, '0248.07.09', 'bathtub', 'k2', 'beka', '', '2010-04-21', '2000-01-01', '2011-09-07', 'chestnut', '2000-01-01', '', '', '', '0000-00-00'),
(141, '57378', 'hoist - gantry', 'gh1', 'guldmann', '', '2012-10-31', '2000-01-01', '2013-10-31', '', '2000-01-01', '', '', '03/09/2015 repair done to docking station and service', '0000-00-00'),
(142, '120001-1023-2007', 'hoist', 'gh2', 'guldmann', '', '2007-06-06', '2000-01-01', '2015-07-29', '', '2000-01-01', '', '', 'thorough service carried out by scott and mariusz, batteries tested', '0000-00-00'),
(143, '', 'body drier', '', '', '', '2013-10-15', '2000-01-01', '2000-01-01', 'mirabell', '2000-01-01', '', '', 'collected by derek lane - ignore - no-one has any information on this drier.', '0000-00-00'),
(144, '30-67850-9', 'kitchen', 'flexi sink', 'guldmann', '', '2000-01-01', '2000-01-01', '2015-01-22', '24 heather grove', '2000-01-01', '', '', 'rehabcare', '0000-00-00'),
(145, '100-1000', 'kitchen', 'flexi', 'ropox', '', '2006-04-12', '2000-01-01', '2007-04-12', '', '2000-01-01', '', '', '', '0000-00-00'),
(146, '2001100000', 'gh1 on 1.72m straight track', 'gh1', 'guldmann', '', '2012-03-21', '2000-01-01', '2014-02-19', '', '2000-01-01', '', '', '', '0000-00-00'),
(147, '86-1000', 'v-amat', 'v-amat', 'spahn reha', '', '2006-02-02', '2000-01-01', '2007-02-02', '', '2000-01-01', '', '', '', '0000-00-00'),
(148, '2015020703', 'bed', 'sentida 6', 'wi-bo', '', '2015-09-02', '2000-01-01', '2016-09-02', 'st. vincent''s', '2000-01-01', '', '', '02/09/2015 - ruiri and ian delivered and installed bed', '0000-00-00'),
(149, '2015015196-0002', 'bed', 'sentida', 'wi-bo', '', '2015-07-29', '2000-01-01', '2016-07-29', 'st. vincent''s', '2000-01-01', '', '', 's/n 2015015196-0002- bed delivered by ruairi.', '0000-00-00'),
(150, '', 'bed', 'sentida', 'wi-bo', '', '2014-02-19', '2000-01-01', '2015-02-19', 'st. vincent''s', '2000-01-01', '', '', 's/n 2013049527 - 2009100164 - 2013057325', '0000-00-00'),
(151, '2015015196-0001', 'bed', 'sentida', 'wi-bo', '', '2015-07-29', '2000-01-01', '2016-07-29', 'st. vincent''s', '2000-01-01', '', '', 's/n 2015015196-0001', '0000-00-00'),
(152, '', 'shower strecher', 'linido 1.70', 'care & assist', '', '2008-03-14', '2000-01-01', '2000-01-01', '', '2000-01-01', '', '', '', '0000-00-00'),
(153, '09/4/0460', 'shower trolley', 'sina hyd 160', 'beka', '', '2014-03-18', '2000-01-01', '2015-02-18', '', '2000-01-01', '', '', 'contact - frances carrigan', '0000-00-00'),
(154, '', 'platform lift', 'lehner', 'lehner', '', '2015-04-15', '2000-01-01', '2016-04-15', 'human resources', '2000-01-01', '', '', '15/04/15 - scott and ian installed lifting platform -still posing safety hazzard - return visit required, not retracting', '0000-00-00'),
(155, '120001-1676-2006', 'hoist', 'gh2', 'guldmann', '', '2006-05-08', '2000-01-01', '2013-10-15', 'unit 10a seating clinic', '2000-01-01', '', '', '', '0000-00-00'),
(156, '0005-0017/2011', 'screens', 'nightingale', 'silentia', '', '2010-11-29', '2000-01-01', '2011-03-08', 'unit 3 merlin park university hospital', '2000-01-01', '', '', '', '0000-00-00'),
(157, '120001-1749-2004', 'hoist', 'gh2', 'guldmann', '', '2004-06-23', '2000-01-01', '2013-10-10', '', '2000-01-01', '', '', '', '0000-00-00'),
(158, '120001-1492-2004', 'hoist', 'gh2', 'guldmann', '', '2004-06-23', '2000-01-01', '2013-10-10', '', '2000-01-01', '', '', '', '0000-00-00'),
(159, 'N40-0363', 'shower bed', 'aqualine', 'ropox', '', '2009-01-08', '2000-01-01', '2009-01-07', 'seamus quirke rd', '2000-01-01', '', '', '', '0000-00-00'),
(160, 'N40-0767', 'shower bed', 'aqualine', 'ropox', '', '2009-01-08', '2000-01-01', '2009-01-07', 'seamus quirke rd', '2000-01-01', '', '', '', '0000-00-00'),
(161, 'N40-0764', 'shower bed', 'aqualine', 'ropox', '', '2009-01-08', '2000-01-01', '2009-01-07', 'seamus quirke rd', '2000-01-01', '', '', '', '0000-00-00'),
(162, '120001-2564-2008', 'hoist', 'gh2-dc', 'guldmann', '', '2008-09-18', '2000-01-01', '2011-08-05', 'seamus quirke rd', '2000-01-01', '', '', '', '0000-00-00'),
(163, '2001100000', 'gh1 on 4m x 3m', 'gh1', 'guldmann', '', '2012-03-20', '2000-01-01', '2013-03-19', '', '2000-01-01', '', '', '', '0000-00-00'),
(164, '120001-2094-2004', 'hoist', 'gh2', 'guldmann', '', '2004-09-08', '2000-01-01', '2017-02-01', '', '2000-01-01', '', '', '03/02/16 serviced contractor not known service date moved forward a year...dawn', '0000-00-00'),
(165, '', 'stairlift', 'hw-10', 'hawle', '', '2006-05-30', '2000-01-01', '2000-01-01', '', '2000-01-01', '', '', '', '0000-00-00'),
(166, '120001-4794-2007', 'hoist', 'pontus gh2', 'guldmann', '', '2008-10-23', '2000-01-01', '2016-11-30', 'johnstown', '2000-01-01', '', '', '30/11/2015 thorough service carried out by ian', '0000-00-00'),
(167, '120001-1205-2004', 'hoist', 'gh2', 'guldmann', '', '2004-07-15', '2000-01-01', '2011-08-17', '', '2000-01-01', '', '', '', '0000-00-00'),
(168, '120001-3432-2009', 'hoist', 'gh2hd 2+2r', 'guldmann', '', '2010-01-19', '2000-01-01', '2011-01-18', 'athlone hospital', '2000-01-01', '', '', '', '0000-00-00'),
(169, '48243', 'gh1 200-110-0000', '4m straight track', 'guldmann', '', '2011-08-29', '2000-01-01', '2015-06-19', '', '2000-01-01', '', '', '24/3/15  scott and ian did thorough repair - emergency stop was off, hoist had stopped working', '0000-00-00'),
(170, '40.306277', 'changing bench', 'vario', 'ropox', '', '2011-08-29', '2000-01-01', '2014-08-07', '', '2000-01-01', '', '', '', '0000-00-00'),
(171, '120001-3591-2005', 'hoist', 'gh2-dc', 'guldmann', '', '2005-11-08', '2000-01-01', '2016-12-17', 'dublin road', '2000-01-01', '', '', 'already serviced by arjo? sevive date moved forward a year', '0000-00-00'),
(172, '120001-3590-2005', 'hoist', 'gh2-dc', 'guldmann', '', '2005-11-08', '2000-01-01', '2014-12-17', 'dublin road', '2000-01-01', '', '', '17/12/14 ian re installed system,2 new battheries with on profile,agreed with builder that electrician would connect', '0000-00-00'),
(173, '133-1000', 'changing bench', 'mona', 'beka', '', '2000-01-01', '2000-01-01', '1900-12-30', '', '2000-01-01', '', '', '', '0000-00-00'),
(174, '120001-1022-2007-0', 'hoist', 'gh2', 'guldmann', '', '2007-01-18', '2000-01-01', '2017-02-01', '', '2000-01-01', '', '', 'device already serviced by other agent service date moved forward a year....dawn', '0000-00-00'),
(175, '', 'erfi system', '', 'erfi', '', '2008-04-02', '2000-01-01', '2000-01-01', 'knocknamona', '2000-01-01', '', '', '', '0000-00-00'),
(176, '151-1000', 'hoist', 'gh2', 'guldmann', '', '2007-04-20', '2000-01-01', '2008-04-20', 'knocknamona', '2000-01-01', '', '', '', '0000-00-00'),
(177, '120001-2621-2008', 'hoist', 'gh2', 'guldmann', '', '2008-09-05', '2000-01-01', '2016-05-20', 'port road', '2000-01-01', '', '', '20/5/15 full service carried out, batteries replaced', '0000-00-00'),
(178, '120001-1014-2007', 'hoist', 'gh2 250', 'guldmann', '', '2008-07-09', '2000-01-01', '2012-03-08', '', '2000-01-01', '', '', '', '0000-00-00'),
(179, '120001-1345-2006', 'hoist', 'gh2', 'guldmann', '', '2006-02-15', '2000-01-01', '2008-07-16', 'bedroom', '2000-01-01', '', '', '', '0000-00-00'),
(180, '120001-1346-2006', 'hoist', 'gh2', 'guldmann', '', '2006-02-15', '2000-01-01', '2008-07-16', 'bathroom', '2000-01-01', '', '', '', '0000-00-00'),
(181, '136-1000', 'hoist', 'gl3', 'guldmann', '', '2000-01-01', '2000-01-01', '2007-07-10', '', '2000-01-01', '', '', '', '0000-00-00'),
(182, '120001-2129-2002', 'hoist', 'gh2', 'guldmann', '', '2002-08-30', '2000-01-01', '2016-03-26', '', '2000-01-01', '', '', '09/09/2015 reinstalled room cover, and hoist - no power for transformer, client to put in spur socket', '0000-00-00'),
(183, 'screens', '29 x screens', 'eganmed', 'eganmed', '', '2014-12-01', '2000-01-01', '2015-12-01', 'st. mary''s hospital', '2000-01-01', '', '', '31/03/15 - scott/ian re-fixed screen into timber frame, missed timber grounds at installation, checked all screens fixings-safe', '0000-00-00'),
(184, 'TBA', 'hoist', 'gh3', 'guldmann', '', '2000-01-01', '2000-01-01', '2000-01-01', 'st. mary''s hospital', '2000-01-01', '', '', '', '0000-00-00'),
(185, 'TBA', 'hoist', 'gh3', 'guldmann', '', '2000-01-01', '2000-01-01', '2000-01-01', 'st. mary''s hospital', '2000-01-01', '', '', '', '0000-00-00'),
(186, 'TBA', 'hoist', 'gh3', 'guldmann', '', '2000-01-01', '2000-01-01', '2000-01-01', 'st. mary''s hospital', '2000-01-01', '', '', '', '0000-00-00'),
(187, 'TBA', 'hoist', 'gh3', 'guldmann', '', '2000-01-01', '2000-01-01', '2000-01-01', 'st. mary''s hospital', '2000-01-01', '', '', '', '0000-00-00'),
(188, 'TBA', 'hoist', 'gh3', 'guldmann', '', '2000-01-01', '2000-01-01', '2000-01-01', 'st. mary''s hospital', '2000-01-01', '', '', '', '0000-00-00'),
(189, 'TBA', 'hoist', 'gh3', 'guldmann', '', '2000-01-01', '2000-01-01', '2000-01-01', 'st. mary''s hospital', '2000-01-01', '', '', '', '0000-00-00'),
(190, 'TBA', 'hoist', 'gh3', 'guldmann', '', '2000-01-01', '2000-01-01', '2000-01-01', 'st. mary''s hospital', '2000-01-01', '', '', '', '0000-00-00'),
(191, '89-1000', 'hoist', 'gh2', 'guldmann', '', '2006-02-21', '2000-01-01', '2007-02-21', 'kilsheelan', '2000-01-01', '', '', '', '0000-00-00'),
(192, '120001-0024-2003', 'hoist', 'gh2', 'guldmann', '', '2004-11-15', '2000-01-01', '2000-01-01', '', '2000-01-01', '', '', '', '0000-00-00'),
(193, '24-1000', 'hoist', 'gl3', 'guldmann', '', '2003-11-17', '2000-01-01', '2004-11-17', 'killynard', '2000-01-01', '', '', '', '0000-00-00'),
(194, '120001-2451-2004', 'hoist', 'gh2', 'guldmann', '', '2004-10-11', '2000-01-01', '2014-01-31', 'clonroad business park', '2000-01-01', '', '', '', '0000-00-00'),
(195, '120001-1730-2002', 'hoist', 'gh2', 'guldmann', '', '2002-09-30', '2000-01-01', '2007-06-09', '', '2000-01-01', '', '', '', '0000-00-00'),
(196, 'screens', 'screens', '15 sec. h1.85, l 3.75', 'silentia', '', '2008-02-25', '2000-01-01', '2000-01-01', '', '2000-01-01', '', '', '', '0000-00-00'),
(197, 'screens', 'screens', '15 sec. h1.85, l 3.75', 'silentia', '', '2008-04-04', '2000-01-01', '2000-01-01', '', '2000-01-01', '', '', '', '0000-00-00'),
(198, '1113461-xxxx-xxxx', 'scales', '250kg', 'guldmann', '', '2010-02-22', '2000-01-01', '2011-02-21', 'st josephs ward', '2000-01-01', '', '', '', '0000-00-00'),
(199, '35770', 'hoist', 'gh1', 'guldmann', '', '2013-02-12', '2000-01-01', '2015-09-02', 'st. coleman''s ward', '2000-01-01', '', '', '25/3/15 inspection carried out by scott and ian', '0000-00-00'),
(200, '120001-3647-2008', 'hoist', 'gh1 on 4m x 3m', 'guldmann', '', '2000-01-01', '2000-01-01', '2015-09-02', 'st josephs ward', '2000-01-01', '', '', '25/3/15  scott and ian did thorough inspection', '0000-00-00'),
(201, '120001-2135-2008', 'hoist', 'gh2', 'guldmann', '', '2013-02-12', '2000-01-01', '2015-09-02', 'st john''s ward', '2000-01-01', '', '', '25/3/15 inspection carried out by scott and ian', '0000-00-00'),
(202, '120001-3472-2010', 'hoist', 'gh2-ac', 'guldmann', '', '2010-09-20', '2000-01-01', '2015-09-02', 'st theresa''s ward', '2000-01-01', '', '', '25/3/15  scott and ian did thorough inspection', '0000-00-00'),
(203, '120001-3647-2008', 'hoist', 'gh2-dc', 'guldmann', '', '2008-09-09', '2000-01-01', '2014-11-20', 'st josephs ward', '2000-01-01', '', '', '', '0000-00-00'),
(204, '120001-3648-2008', 'hoist', 'gh2-dc', 'guldmann', '', '2008-09-09', '2000-01-01', '2015-09-02', 'st josephs ward', '2000-01-01', '', '', '13/8 and 25/8/2015 hoist not charging  - cleaned pick up and replaced handset', '0000-00-00'),
(205, '120001-2188-2008', 'hoist', 'gh2-dc', 'guldmann', '', '2008-06-16', '2000-01-01', '2016-09-02', 'sacred heart ward', '2000-01-01', '', '', '25/3/15 inspection carried out by scott and ian', '0000-00-00'),
(206, '120001-3649-2008', 'hoist', 'gh2-dc', 'guldmann', '', '2008-07-29', '2000-01-01', '2015-09-02', 'st. theresa''s ward', '2000-01-01', '', '', '25/3/15 inspection carried out by scott and ian', '0000-00-00'),
(207, '120001-3651-2008', 'hoist', 'gh2-dc', 'guldmann', '', '2008-07-29', '2000-01-01', '2015-09-02', 'st. theresa''s ward', '2000-01-01', '', '', '25/3/15 inspection carried out by scott and ian', '0000-00-00'),
(208, '120001-3112-2008', 'hoist', 'gh2-dc', 'guldmann', '', '2008-11-04', '2000-01-01', '2015-09-02', 'our lady of lourdes ward, blackwater room', '2000-01-01', '', '', 'hsr 4221 25/03/15 thorough inspection carried out by scott and ian', '0000-00-00'),
(209, '120001-3114-2008', 'hoist', 'gh2-dc', 'guldmann', '', '2008-11-04', '2000-01-01', '2015-09-02', 'our lady of lourdes ward', '2000-01-01', '', '', '25/3/15 inspection carried out by scott and ian', '0000-00-00'),
(210, '120001-3646-2008', 'hoist', 'gh2-dc', 'guldmann', '', '2009-01-13', '2000-01-01', '2015-09-02', 'st. michael room', '2000-01-01', '', '', '17/8/2015 repair and clean of comni lock', '0000-00-00'),
(211, '120001-3650-2008', 'hoist', 'gh2-dc', 'guldmann', '', '2009-01-13', '2000-01-01', '2015-09-02', 'st. finbarrs room', '2000-01-01', '', '', '26/01/2016 replaced pc board', '0000-00-00'),
(212, '17675', 'hoist', 'gh3', 'guldmann', '', '2013-12-13', '2000-01-01', '2015-09-02', 'single room', '2000-01-01', '', '', '25/3/15 inspection carried out by scott and ian', '0000-00-00'),
(213, '56936', 'hoist', 'gh1', 'guldmann', '', '2012-04-26', '2000-01-01', '2014-11-20', 'single room', '2000-01-01', '', '', '', '0000-00-00'),
(214, '32753', 'hoist', 'gh1', 'guldmann', '', '2014-07-08', '2000-01-01', '2015-09-02', 'st angela''s room', '2000-01-01', '', '', '25/3/15  scott and ian did thorough inspection', '0000-00-00'),
(215, '32752', 'hoist', 'gh1', 'guldmann', '', '2014-07-08', '2000-01-01', '2015-09-02', 'st angela''s room', '2000-01-01', '', '', '25/3/15  scott and ian did thorough inspection', '0000-00-00'),
(216, '48236', 'hoist', 'gh1 200 110 0000', 'guldmann', '', '2011-08-15', '2000-01-01', '2015-09-02', 'st brigid''s', '2000-01-01', '', '', '25/3/15  scott and ian did thorough inspection', '0000-00-00'),
(217, '120001-3471-2010', 'hoist', 'gh2-ac', 'guldmann', '', '2010-09-20', '2000-01-01', '2015-09-02', 'st josephs ward', '2000-01-01', '', '', '25/3/15 inspection carried out by scott and ian', '0000-00-00'),
(218, '120001-3355-2006', 'hoist', 'gh2-dc', 'guldmann', '', '2006-09-05', '2000-01-01', '2012-08-22', '', '2000-01-01', '', '', '', '0000-00-00'),
(219, '120001-3354-2006', 'hoist', 'gh2-dc', 'guldmann', '', '2006-09-05', '2000-01-01', '2012-08-22', '', '2000-01-01', '', '', '', '0000-00-00'),
(220, '147-1000', 'hoist', 'gh2', 'guldmann', '', '2000-01-01', '2000-01-01', '1900-12-30', '', '2000-01-01', '', '', '', '0000-00-00'),
(221, '120001-3477-2010', 'room cover', 'gh2', 'guldmann', '', '2010-10-21', '2000-01-01', '2015-06-30', '', '2015-07-30', '', '', '17/12/14 anna advised us that service was done in june 2014', '0000-00-00'),
(222, '120001-5052-2009', 'gh2', '8.5m x 3m midi rails', 'guldmann', '', '2010-04-19', '2000-01-01', '2014-07-29', 'county hall', '2015-07-29', '', '', 'full service by ian', '0000-00-00'),
(223, 'N40-1146', 'shower bed', 'aqualine', 'ropox', '', '2009-06-24', '2000-01-01', '2010-06-23', 'ballinoosky', '2000-01-01', '', '', '', '0000-00-00'),
(224, '120001-2367-2007', 'hoist', 'gh2-dc', 'guldmann', '', '2009-06-24', '2000-01-01', '2010-06-23', 'ballinoosky', '2000-01-01', '', '', '', '0000-00-00'),
(225, '0264.22.09', 'bathtub', 'k2', 'beka', '', '2009-06-24', '2000-01-01', '2010-06-23', 'ballinoosky', '2000-01-01', '', '', '', '0000-00-00'),
(226, '56930', 'hoist', 'gh1', 'guldmann', '', '2012-10-30', '2000-01-01', '2013-10-30', 'lisnennan', '2000-01-01', '', '', '', '0000-00-00'),
(227, 'xxx', 'hoist', 'gh1 gantry', 'guldmann', '', '2011-11-18', '2000-01-01', '2012-11-17', '', '2000-01-01', '', '', '', '0000-00-00'),
(228, '0679.35.11', 'bath', 'avero classic', 'beka', '', '2011-09-15', '2000-01-01', '2012-09-14', '', '2000-01-01', '', '', '', '0000-00-00'),
(229, '171-1000', 'v-amat', 'v-amat', 'spahn reha', '', '2007-11-21', '2000-01-01', '2000-01-01', '', '2000-01-01', '', '', '', '0000-00-00'),
(230, '', 'screens', '15 sec. h1.85, l 3.75', 'silentia', '', '2008-03-11', '2000-01-01', '2000-01-01', 'community service', '2000-01-01', '', '', '', '0000-00-00'),
(231, '', 'screens', '15 sec. h1.85, l 3.75', 'eganmed', '', '2015-03-23', '2000-01-01', '2000-01-01', 'community service', '2000-01-01', '', '', 'breffni maintenance removed existing screens and dumped them in the tip - they were needed to complete all the bed screen privac', '0000-00-00'),
(232, '12001-3432-2006', 'hoist', 'gh2-dc', 'guldmann', '', '2006-09-06', '2000-01-01', '2013-12-06', 'community service', '2000-01-01', '', '', '', '0000-00-00'),
(233, '12001-3375-2006', 'hoist', 'gh2-dc', 'guldmann', '', '2006-09-06', '2000-01-01', '2013-12-06', 'community service', '2000-01-01', '', '', '', '0000-00-00'),
(234, '120001-8400', 'hoist', 'gh2-dc', 'guldmann', '', '2005-08-31', '2000-01-01', '2013-12-11', 'community service', '2000-01-01', '', '', '049 9526 782 or 049 9525 525', '0000-00-00'),
(235, '120001-3003-2005', 'hoist', 'gh2-dc', 'guldmann', '', '2005-08-31', '2000-01-01', '2013-12-06', 'community service', '2000-01-01', '', '', '', '0000-00-00'),
(236, '120001-3004-2005', 'hoist', 'gh2-dc', 'guldmann', '', '2005-09-01', '2000-01-01', '2013-12-06', 'community service', '2000-01-01', '', '', '', '0000-00-00'),
(237, '08401', 'hoist', 'gh3 200 110 0000', 'guldmann', '', '2011-04-07', '2000-01-01', '2013-12-06', 'community service', '2000-01-01', '', '', '', '0000-00-00'),
(238, 'TBA', 'hoist', 'gh3', 'guldmann', '', '2000-01-01', '2000-01-01', '2000-01-01', 'st. mary''s hospital', '2000-01-01', '', '', '', '0000-00-00'),
(239, 'TBA', 'hoist', 'gh3', 'guldmann', '', '2000-01-01', '2000-01-01', '2000-01-01', 'st. mary''s hospital', '2000-01-01', '', '', '', '0000-00-00'),
(240, '95713', 'hoist', 'gh3', 'guldmann', '', '2015-09-03', '2000-01-01', '2016-09-03', 'community service', '2000-01-01', '', '', 'john/ruiri installed new gh3 hoist onto 3.5m straight track', '0000-00-00'),
(241, '0743.04.12', 'bath', 'avero classic', 'beka', '', '2011-11-22', '2000-01-01', '2015-07-29', '6 main road', '2015-07-29', '', '', '17/9/2014 ian replaced blower in bath', '0000-00-00'),
(242, '120001-2927-2007', 'hoist', 'gh2', 'guldmann', '', '2008-04-28', '2000-01-01', '2009-04-27', '', '2000-01-01', '', '', '', '0000-00-00'),
(243, '27428', '4.5m x 3.4m room cover', 'gh3', 'guldmann', '', '2014-02-11', '2000-01-01', '2015-02-11', '', '2000-01-01', '', '', '', '0000-00-00'),
(244, '', 'chair', 'wheelchair', 'cura seating', '', '2013-04-11', '2000-01-01', '2000-01-01', 'tus nua, upper drumdrony', '2000-01-01', '', '', 'ref: john collins', '0000-00-00'),
(245, 'n40-1147', 'changing bench', 'vario', 'ropox', '', '2009-09-07', '2000-01-01', '2012-11-16', '', '2000-01-01', '', '', '', '0000-00-00'),
(246, '0175.27.07', 'bathtub', 'k2', 'beka', '', '2000-01-01', '2000-01-01', '2015-04-03', 'templemichael glebe', '2000-01-01', '', '', '', '0000-00-00'),
(247, '0145.33.06', 'bathtub', 'k2', 'beka', '', '2000-01-01', '2000-01-01', '2015-04-03', 'templemichael glebe', '2000-01-01', '', '', '', '0000-00-00'),
(248, '120001-2531-2007', 'hoist', 'gh2+2', 'guldmann', '', '2008-04-28', '2000-01-01', '2015-04-24', '', '2000-01-01', '', '', '', '0000-00-00'),
(249, '', 'chair', 'air chair', 'cura seating', '', '2014-12-18', '2000-01-01', '2015-12-18', '', '2000-01-01', '', '', '18/12/14 marc went to galway and did fitting', '0000-00-00'),
(250, '160-1000', 'washbasin', 'flexi', 'ropox', '', '2007-07-10', '2000-01-01', '2000-01-01', '', '2000-01-01', '', '', '', '0000-00-00'),
(251, '120001-2854-2007', 'hoist', 'gh2-dc', 'guldmann', '', '2007-07-10', '2000-01-01', '2014-10-30', '', '2000-01-01', '', '', '', '0000-00-00'),
(252, '3-1000', 'hoist', 'gh2', 'guldmann', '', '2002-12-16', '2000-01-01', '2000-01-01', '', '2000-01-01', '', '', '', '0000-00-00'),
(253, '', 'stairlift', '140 deluxe', 'meditek', '', '2006-04-18', '2000-01-01', '2000-01-01', '37 hazelwood', '2000-01-01', '', '', '', '0000-00-00'),
(254, '120001-3463-2008', 'gh2-dc', 'hoist', 'guldmann', '', '2008-11-12', '2000-01-01', '2016-09-09', 'st. rita''s', '2000-01-01', '', '', '09/09/2015 thorough service carried out', '0000-00-00'),
(255, '120001-3113-2008', 'gh2-dc', 'hoist', 'guldmann', '', '2008-11-12', '2000-01-01', '2016-09-03', 'st. rita''s', '2000-01-01', '', '', '03/09/2015 thorough service carried out', '0000-00-00'),
(256, '120001-3684-2005', 'hoist', 'gh2+2r', 'guldmann', '', '2005-11-18', '2000-01-01', '2006-11-18', '', '2000-01-01', '', '', '', '0000-00-00'),
(257, '', 'erfi system', 'erfi', 'erfi', '', '2011-10-10', '2000-01-01', '2012-10-09', '', '2000-01-01', '', '', '', '0000-00-00'),
(258, '48241', 'hoist', 'gh1', 'guldmann', '', '2011-10-10', '2000-01-01', '2015-01-13', '', '2000-01-01', '', '', '', '0000-00-00'),
(259, '126-1000', 'changing bench', 'vario', 'ropox', '', '2006-06-01', '2000-01-01', '2007-06-01', 'high rd,', '2000-01-01', '', '', '', '0000-00-00'),
(260, '120001-1802-2006', 'hoist', 'gh2-dc', 'guldmann', '', '2007-09-13', '2000-01-01', '2009-08-25', '', '2000-01-01', '', '', '', '0000-00-00'),
(261, '130-1000', 'changing bench', 'vario', 'ropox', '', '2006-06-01', '2000-01-01', '2008-09-13', '', '2000-01-01', '', '', '', '0000-00-00'),
(262, 'H23007800020', 'bed', 'contempora', 'wi-bo', '', '2011-11-21', '2000-01-01', '2012-11-20', 'bungalow 12', '2000-01-01', '', '', '', '0000-00-00'),
(263, 'H23007800023', 'bed', 'contempora', 'wi-bo', '', '2011-11-21', '2000-01-01', '2012-11-20', 'bungalow 12', '2000-01-01', '', '', '', '0000-00-00'),
(264, '2011111064-0002', 'bed', 'sentida', 'wi-bo', '', '2011-12-20', '2000-01-01', '2012-12-19', 'bungalow 8', '2000-01-01', '', '', '', '0000-00-00'),
(265, 'H24400900026', 'bed', 'sentida', 'wi-bo', '', '2011-11-30', '2000-01-01', '2012-11-29', 'woodlands 26', '2000-01-01', '', '', '', '0000-00-00'),
(266, 'H2440090017', 'bed', 'sentida', 'wi-bo', '', '2011-11-30', '2000-01-01', '2012-11-29', 'woodlands 26', '2000-01-01', '', '', '', '0000-00-00'),
(267, 'H2404630002', 'bed', 'sentida', 'wi-bo', '', '2011-11-30', '2000-01-01', '2012-11-29', 'bungalow 8', '2000-01-01', '', '', '', '0000-00-00'),
(268, 'H24400900013', 'bed', 'sentida', 'wi-bo', '', '2011-11-30', '2000-01-01', '2012-11-29', 'woodlands 26', '2000-01-01', '', '', '', '0000-00-00'),
(269, 'H24400900014', 'bed', 'sentida', 'wi-bo', '', '2011-11-30', '2000-01-01', '2012-11-29', 'woodlands 26', '2000-01-01', '', '', '', '0000-00-00'),
(270, '2011111064-0003', 'bed', 'sentida', 'wi-bo', '', '2011-12-20', '2000-01-01', '2012-12-19', 'bungalow 8', '2000-01-01', '', '', '', '0000-00-00'),
(271, 'H24046344444', 'bed', 'sentida', 'wi-bo', '', '2011-11-30', '2000-01-01', '2012-11-29', 'bungalow 8', '2000-01-01', '', '', '', '0000-00-00'),
(272, 'H24400900020', 'bed', 'sentida', 'wi-bo', '', '2011-11-30', '2000-01-01', '2012-11-29', 'woodlands 26', '2000-01-01', '', '', '', '0000-00-00'),
(273, 'H24400900008', 'bed', 'sentida', 'wi-bo', '', '2011-11-30', '2000-01-01', '2012-11-29', 'woodlands 26', '2000-01-01', '', '', '', '0000-00-00'),
(274, 'H24046300029', 'bed', 'sentida', 'wi-bo', '', '2011-11-30', '2000-01-01', '2012-11-29', 'bungalow 8', '2000-01-01', '', '', '', '0000-00-00'),
(275, 'H24046300027', 'bed', 'sentida', 'wi-bo', '', '2011-11-30', '2000-01-01', '2012-11-29', 'bungalow 13', '2000-01-01', '', '', '', '0000-00-00'),
(276, 'H24046300028', 'bed', 'sentida', 'wi-bo', '', '2011-11-30', '2000-01-01', '2012-11-29', 'bungalow 8', '2000-01-01', '', '', '', '0000-00-00'),
(277, 'H24400900018', 'bed', 'sentida', 'wi-bo', '', '2011-11-30', '2000-01-01', '2012-11-29', 'woodlands 26', '2000-01-01', '', '', '', '0000-00-00'),
(278, '2011111064-0001', 'bed', 'sentida', 'wi-bo', '', '2011-12-20', '2000-01-01', '2012-12-19', 'bungalow 8', '2000-01-01', '', '', '', '0000-00-00'),
(279, 'H24046300026', 'bed', 'sentida', 'wi-bo', '', '2011-11-30', '2000-01-01', '2012-11-29', 'bungalow 8', '2000-01-01', '', '', '', '0000-00-00'),
(280, 'H24400900015', 'bed', 'sentida', 'wi-bo', '', '2011-11-30', '2000-01-01', '2012-11-29', 'woodlands 26', '2000-01-01', '', '', '', '0000-00-00'),
(281, 'H24400900012', 'bed', 'sentida', 'wi-bo', '', '2011-11-30', '2000-01-01', '2012-11-29', 'woodlands 26', '2000-01-01', '', '', '', '0000-00-00'),
(282, 'H91179600040', 'bed', 'sentida', 'wi-bo', '', '2011-03-03', '2000-01-01', '2012-03-02', 'bungalow 26', '2000-01-01', '', '', '', '0000-00-00'),
(283, 'H77210100002', 'bed', 'sentida', 'wi-bo', '', '2011-03-03', '2000-01-01', '2012-03-02', 'bungalow 26', '2000-01-01', '', '', '', '0000-00-00'),
(284, 'H10064800010', 'bed', 'sentida', 'wi-bo', '', '2011-03-03', '2000-01-01', '2012-03-02', 'bungalow 26', '2000-01-01', '', '', '', '0000-00-00'),
(285, 'H92163500002', 'bed', 'sentida', 'wi-bo', '', '2011-03-03', '2000-01-01', '2012-03-02', 'bungalow 27', '2000-01-01', '', '', '', '0000-00-00'),
(286, 'H10064800007', 'bed', 'sentida', 'wi-bo', '', '2011-03-03', '2000-01-01', '2012-03-02', 'bungalow 27', '2000-01-01', '', '', '', '0000-00-00'),
(287, 'H77210100017', 'bed', 'sentida', 'wi-bo', '', '2011-03-03', '2000-01-01', '2012-03-02', 'bungalow 27', '2000-01-01', '', '', '', '0000-00-00'),
(288, 'H98031000014', 'bed', 'sentida', 'wi-bo', '', '2011-03-03', '2000-01-01', '2012-03-02', 'bungalow 27', '2000-01-01', '', '', '', '0000-00-00'),
(289, 'HH1006480008', 'bed', 'sentida', 'wi-bo', '', '2011-03-03', '2000-01-01', '2012-03-02', 'bungalow 27', '2000-01-01', '', '', '', '0000-00-00'),
(290, 'P100901910', 'air pressure relief mattress', '512', 'promedis', '', '2011-03-03', '2000-01-01', '2012-03-02', 'bungalow 26', '2000-01-01', '', '', '', '0000-00-00'),
(291, 'P100901915', 'air pressure relief mattress', '512', 'promedis', '', '2011-03-03', '2000-01-01', '2012-03-02', 'bungalow 26', '2000-01-01', '', '', '', '0000-00-00'),
(292, 'P100901909', 'air pressure relief mattress', '512', 'promedis', '', '2011-03-03', '2000-01-01', '2012-03-02', 'bungalow 27', '2000-01-01', '', '', '', '0000-00-00'),
(293, 'P100901911', 'air pressure relief mattress', '512', 'promedis', '', '2011-03-03', '2000-01-01', '2012-03-02', 'bungalow 27', '2000-01-01', '', '', '', '0000-00-00'),
(294, 'P100901913', 'air pressure relief mattress', '834', 'promedis', '', '2011-03-03', '2000-01-01', '2012-03-02', 'bungalow 26', '2000-01-01', '', '', '', '0000-00-00'),
(295, 'P100901912', 'air pressure relief mattress', '834', 'promedis', '', '2011-03-03', '2000-01-01', '2012-03-02', 'bungalow 27', '2000-01-01', '', '', '', '0000-00-00'),
(296, 'P100901914', 'air pressure relief mattress', '834', 'promedis', '', '2011-03-03', '2000-01-01', '2012-03-02', 'bungalow 27', '2000-01-01', '', '', '', '0000-00-00'),
(297, 'P100901916', 'air pressure relief mattress', '834', 'promedis', '', '2011-03-03', '2000-01-01', '2012-03-02', 'bungalow 27', '2000-01-01', '', '', '', '0000-00-00');
INSERT INTO `stock` (`stockid`, `serialid`, `name`, `model`, `manufacturer`, `product_description`, `installation_date`, `inspection_date`, `service_date`, `location`, `contract_renewal_date`, `contract_type`, `funded_by`, `last_results`, `next_service`) VALUES
(298, '120001-0166-2003', 'hoist', 'gh2', 'guldmann', '', '2003-06-10', '2000-01-01', '2011-09-09', '', '2000-01-01', '', '', '', '0000-00-00'),
(299, '0479.09.10', 'bathtub', 'avero classic', 'beka', '', '2010-04-06', '2000-01-01', '2011-04-05', 'the meadows', '2000-01-01', '', '', '', '0000-00-00'),
(300, 'xxxxxxx', 'changing bench', 'vario', 'ropox', '', '2010-01-25', '2000-01-01', '2011-01-24', 'irish guide dogs training centre', '2000-01-01', '', '', '', '0000-00-00'),
(301, '27426', '3m x 4m on b rails', 'gh3 250kg', 'guldmann', '', '2013-10-17', '2000-01-01', '2016-02-09', 'room 24 shower room, day care centre community nursing unit', '2000-01-01', '', '', '9/2/15 thorough service carried out by scott and ian', '0000-00-00'),
(302, '27438', '3m + 3.5m x 4m on b rails', 'gh3 250kg', 'guldmann', '', '2013-10-17', '2000-01-01', '2016-02-09', 'room 101, st anthony''s ward community nursing unit', '2000-01-01', '', '', '9/2/15 thorough service carried out by scott and ian', '0000-00-00'),
(303, '27421', '3m x 5m on b rails', 'gh3 250kg', 'guldmann', '', '2013-10-17', '2000-01-01', '2016-02-09', 'room 123, san pio corridor community nursing unit', '2000-01-01', '', '', '9/2/15 thorough service carried out by scott and ian', '0000-00-00'),
(304, '27422', '3m x 5m on b rails', 'gh3 250kg', 'guldmann', '', '2013-10-17', '2000-01-01', '2016-02-09', 'room 123, san pio corridor community nursing unit', '2000-01-01', '', '', '9/2/15 thorough service carried out by scott and ian', '0000-00-00'),
(305, '27435', '2m x 5m on b / a rails', 'gh3 250kg', 'guldmann', '', '2013-10-17', '2000-01-01', '2016-02-09', 'room 138, san pio corridor community nursing unit', '2000-01-01', '', '', '9/2/15 thorough service carried out by scott and ian', '0000-00-00'),
(306, '27432', '3m + 3.5m x 4m on b rails', 'gh3 250kg', 'guldmann', '', '2013-10-17', '2000-01-01', '2016-02-09', 'room 85, st anthony''s ward community nursing unit', '2000-01-01', '', '', '9/2/15 thorough service carried out by scott and ian', '0000-00-00'),
(307, '27434', '3m x 3.5m on b rails', 'gh3 250kg', 'guldmann', '', '2013-10-17', '2000-01-01', '2015-02-09', 'room 104, st anthony''s ward community nursing unit', '2000-01-01', '', '', '9/2/15 thorough service carried out by scott and ian', '0000-00-00'),
(308, '27442', '4.5m x 5m on b rails', 'gh3 250kg', 'guldmann', '', '2013-10-17', '2000-01-01', '2016-02-09', 'room 126, san pio corridor community nursing unit', '2000-01-01', '', '', '9/2/15 thorough service carried out by scott and ian', '0000-00-00'),
(309, '27460', '2m x 4m on b/a rails', 'gh3 250kg', 'guldmann', '', '2013-10-17', '2000-01-01', '2016-02-09', 'room 108, st anthony''s ward community nursing unit', '2000-01-01', '', '', '9/2/15 full service carried out by scott and ian', '0000-00-00'),
(310, '27448', '3m + 3.5m x 4m on b rails', 'gh3 250kg', 'guldmann', '', '2013-10-17', '2000-01-01', '2016-02-09', 'room 94, st anthony''s ward community nursing unit', '2000-01-01', '', '', '9/2/15 thorough service carried out by scott and ian', '0000-00-00'),
(311, '27415', '4m x 6m on b rails', 'gh3 250kg', 'guldmann', '', '2013-10-17', '2000-01-01', '2016-02-09', 'room 151, san pio corridor community nursing unit', '2000-01-01', '', '', '9/2/15 thorough service carried out by scott and ian', '0000-00-00'),
(312, '27446', '3m + 3.5m x 4m on b/a rails', 'gh3 250kg', 'guldmann', '', '2013-10-17', '2000-01-01', '2016-02-09', 'room 71, st anthony''s ward community nursing unit', '2000-01-01', '', '', '9/2/15 thorough service carried out by scott and ian', '0000-00-00'),
(313, '27429', '3m x 3m on b rails', 'gh3 250kg', 'guldmann', '', '2013-10-17', '2000-01-01', '2016-02-09', 'room 124, san pio corridor community nursing unit', '2000-01-01', '', '', '9/2/15 thorough service carried out by scott and ian', '0000-00-00'),
(314, '27440', '3m + 3.5m x 4m on b rails', 'gh3 250kg', 'guldmann', '', '2013-10-17', '2000-01-01', '2016-02-09', 'room 88, st anthony''s ward community nursing unit', '2000-01-01', '', '', '9/2/15 full service carried out by scott and ian', '0000-00-00'),
(315, '27450', '4m x 6m on b rails', 'gh3 250kg', 'guldmann', '', '2013-10-17', '2000-01-01', '2014-04-17', 'room 42 rest room, day care centre community nursing unit', '2000-01-01', '', '', '9/2/15 thorough service carried out by scott and ian', '0000-00-00'),
(316, '27433', '3m + 3.5m x 4m on b rails', 'gh3 250kg', 'guldmann', '', '2013-10-17', '2000-01-01', '2016-02-09', 'room 80, st anthony''s ward community nursing unit', '2000-01-01', '', '', '9/2/15 thorough service carried out by scott and ian', '0000-00-00'),
(317, '27456', '2m x 6m on c/a rails', 'gh3 250kg', 'guldmann', '', '2013-10-17', '2000-01-01', '2016-02-09', 'room 109, st anthony''s ward community nursing unit', '2000-01-01', '', '', '9/2/15 thorough service carried out by scott and ian', '0000-00-00'),
(318, '27457', '2m x 6m on b/a rails', 'gh3 250kg', 'guldmann', '', '2013-10-17', '2000-01-01', '2016-02-09', 'room 93, st anthony''s ward community nursing unit', '2000-01-01', '', '', '9/2/15 thorough service carried out by scott and ian', '0000-00-00'),
(319, '27444', '2m x 6m on c/a rails', 'gh3 250kg', 'guldmann', '', '2013-10-17', '2000-01-01', '2016-02-09', 'room 106, st anthony''s ward community nursing unit', '2000-01-01', '', '', '9/2/15 thorough service carried out by scott and ian', '0000-00-00'),
(320, '27459', '4m x 6m on b rails', 'gh3 250kg', 'guldmann', '', '2013-10-17', '2000-01-01', '2016-02-09', 'room 150, san pio corridor community nursing unit', '2000-01-01', '', '', '9/2/15 thorough service carried out by scott and ian', '0000-00-00'),
(321, '27443', '2m x 5m on b rails', 'gh3 250kg', 'guldmann', '', '2013-10-17', '2000-01-01', '2016-02-09', 'room 141, san pio corridor community nursing unit', '2000-01-01', '', '', '9/2/15 thorough service carried out by scott and ian', '0000-00-00'),
(322, '27445', '3m + 3.5m x 4m on b rails', 'gh3 250kg', 'guldmann', '', '2013-10-17', '2000-01-01', '2014-04-17', 'room 76, st anthony''s ward community nursing unit', '2000-01-01', '', '', '', '0000-00-00'),
(323, '27451', '3m + 3.5m x 4m on b rails', 'gh3 250kg', 'guldmann', '', '2013-10-17', '2000-01-01', '2014-04-17', 'room 93, st anthony''s ward community nursing unit', '2000-01-01', '', '', '', '0000-00-00'),
(324, '27453', '4m x 3m on b rails', 'gh3 250kg', 'guldmann', '', '2013-10-17', '2000-01-01', '2016-02-09', 'room 130, san pio corridor community nursing unit', '2000-01-01', '', '', '9/2/15 thorough service carried out by scott and ian', '0000-00-00'),
(325, '27443', '2m x 5m on b / a rails', 'gh3 250kg', 'guldmann', '', '2013-10-17', '2000-01-01', '2016-02-09', 'room 141, san pio corridor community nursing unit', '2000-01-01', '', '', '9/2/15 thorough service carried out by scott and ian', '0000-00-00'),
(326, '27452', '2m x 6m on b/a rails', 'gh3 250kg', 'guldmann', '', '2013-10-17', '2000-01-01', '2014-04-17', 'room 69, st anthony''s ward community nursing unit', '2000-01-01', '', '', '', '0000-00-00'),
(327, '27431', '3m x 4m on b rails', 'gh3 250kg', 'guldmann', '', '2013-10-17', '2000-01-01', '2016-02-09', 'room 87, st anthony''s ward community nursing unit', '2000-01-01', '', '', '9/2/15 thorough service carried out by scott and ian', '0000-00-00'),
(328, '27436', '3m + 3.5m x 4m on b rails', 'gh3 250kg', 'guldmann', '', '2013-10-17', '2000-01-01', '2016-02-09', 'room 84, st anthony''s ward community nursing unit', '2000-01-01', '', '', '9/2/15 thorough service carried out by scott and ian', '0000-00-00'),
(329, '27455', '3m x 3m on b rails', 'gh3 250kg', 'guldmann', '', '2013-10-17', '2000-01-01', '2016-02-09', 'room 130, san pio corridor community nursing unit', '2000-01-01', '', '', '9/2/15 thorough service carried out by scott and ian', '0000-00-00'),
(330, '27449', '3m + 3.5m x 4m on b/a rails', 'gh3 250kg', 'guldmann', '', '2013-10-17', '2000-01-01', '2016-02-09', 'room 73, st anthony''s ward community nursing unit', '2000-01-01', '', '', '9/2/15 thorough service carried out by scott and ian', '0000-00-00'),
(331, '27430', '4m x 7m on b / c rails', 'gh3 250kg', 'guldmann', '', '2013-10-17', '2000-01-01', '2016-02-09', 'room 138, san pio corridor community nursing unit', '2000-01-01', '', '', '9/2/15 thorough service carried out by scott and ian', '0000-00-00'),
(332, '27447', '4m x 7m on b / c rails', 'gh3 250kg', 'guldmann', '', '2013-10-17', '2000-01-01', '2016-02-09', 'room 141, san pio corridor community nursing unit', '2000-01-01', '', '', '9/2/15 thorough service carried out by scott and ian', '0000-00-00'),
(333, '29154', '3m x 4m on b rails', 'gh3 250kg', 'guldmann', '', '2013-10-17', '2000-01-01', '2016-02-09', 'room 23 shower room, day care centre community nursing unit', '2000-01-01', '', '', '9/2/15 thorough service carried out by scott and ian', '0000-00-00'),
(334, '27441', '3m x 3m on b rails', 'gh3 250kg', 'guldmann', '', '2013-10-17', '2000-01-01', '2016-02-09', 'room 132, san pio corridor community nursing unit', '2000-01-01', '', '', '9/2/15 thorough service carried out by scott and ian', '0000-00-00'),
(335, '27439', '3m x 3m on b rails', 'gh3 250kg', 'guldmann', '', '2013-10-17', '2000-01-01', '2016-02-09', 'room 133, san pio corridor community nursing unit', '2000-01-01', '', '', '9/2/15 thorough service carried out by scott and ian', '0000-00-00'),
(336, '27437', '3m + 3.5m x 4m on b rails', 'gh3 250kg', 'guldmann', '', '2013-10-17', '2000-01-01', '2016-02-09', 'room 82, st anthony''s ward community nursing unit', '2000-01-01', '', '', '9/2/15 thorough service carried out by scott and ian', '0000-00-00'),
(337, '27455', '3m x 3m on b rails', 'gh3 250kg', 'guldmann', '', '2013-10-17', '2000-01-01', '2016-02-09', 'room 134, san pio orridor community nursing unit', '2000-01-01', '', '', '9/2/15 thorough service carried out by scott and ian', '0000-00-00'),
(338, '27452', '2m x 6m on c/a rails', 'gh3 250kg', 'guldmann', '', '2013-10-17', '2000-01-01', '2016-02-09', 'room 69 & room 109, st anthony''s ward community nursing unit', '2000-01-01', '', '', '9/2/15 thorough service carried out by scott and ian', '0000-00-00'),
(339, '27458', '3m x 3m on b rails', 'gh3 250kg', 'guldmann', '', '2013-10-17', '2000-01-01', '2016-02-09', 'room 131, san pio corridor community nursing unit', '2000-01-01', '', '', '9/2/15 thorough service carried out by scott and ian', '0000-00-00'),
(340, '120001-1931-2007', 'hoist', 'gh2', 'guldmann', '', '2007-04-12', '2000-01-01', '2016-02-04', '', '2000-01-01', '', '', '4/2/15 gh2 with new batteries transferred (recycled) from paddy kinsella to austin daly', '0000-00-00'),
(341, '56878', '3m x 4m on b rails', 'gh3', 'guldmann', '', '2013-05-29', '2000-01-01', '2000-01-01', 'room 2', '2014-05-29', '', '', '8/4/15 - spoke to avril carberry - service done by another provider, will revert once it is up for renewal.', '0000-00-00'),
(342, '93299', '4m x 4m b rail', 'gh3', 'guldmann', '', '2015-06-25', '2015-12-26', '2016-06-25', 'room 13 (shower room)', '2016-06-25', '', '', '25/06/2015 - installed by  ian,john, ruari - no power on site for hoist', '0000-00-00'),
(343, '62-1000', 'changing bench', 'vario', 'ropox', '', '2005-09-23', '2000-01-01', '2006-09-23', '', '2000-01-01', '', '', '', '0000-00-00'),
(344, '56-1000', 'hoist', 'gh2', 'guldmann', '', '2005-07-28', '2000-01-01', '2006-07-28', '', '2000-01-01', '', '', '', '0000-00-00'),
(345, '120001-2063-2008', 'hoist', 'gh2-dc', 'guldmann', '', '2008-10-09', '2000-01-01', '2016-08-24', '', '2000-01-01', '', '', '20/11/2015 replaced liners on the 3m straigh track over hydro pool', '0000-00-00'),
(346, '120001-3642-2008', 'hoist', 'gh2-dc', 'guldmann', '', '2008-10-09', '2000-01-01', '2016-08-24', '', '2000-01-01', '', '', '20/11/2015 combi lock repaired, metal piece jamming lock and was removed', '0000-00-00'),
(347, 'xxxxx', 'shower chair', 't40c com', 'freeway', '', '2010-03-31', '2000-01-01', '2011-03-30', '', '2000-01-01', '', '', '', '0000-00-00'),
(348, '17682', '4m x4m on b rails', 'gh3', 'guldmann', '', '2014-01-16', '2000-01-01', '2015-01-16', 'children''s disability unit', '2000-01-01', '', '', '', '0000-00-00'),
(349, '120001-3476-2010', 'hoist', 'gh2', 'guldmann', '', '2010-09-22', '2000-01-01', '2011-09-21', '', '2000-01-01', '', '', '', '0000-00-00'),
(350, 'x', 'bed', 'sentida', 'wi-bo', '', '2011-03-02', '2000-01-01', '2012-03-01', '', '2000-01-01', '', '', '', '0000-00-00'),
(351, '120001-4172-2005', 'hoist', 'gh2-dc', 'guldmann', '', '2005-12-05', '2000-01-01', '2016-09-03', 'cavan hospital', '2000-01-01', '', '', '03/09/2015 - thoroughly serviced and repaired hoist by replacing handset buy ruiri', '0000-00-00'),
(352, '120001-4173-2005', 'hoist', 'gh2-dc', 'guldmann', '', '2005-11-06', '2000-01-01', '2000-01-01', 'cavan hospital', '2000-01-01', '', '', '03/09/2015 - not repaired - hoist not working, badly damaged and pc board needs replacing - quote on new hoist', '0000-00-00'),
(353, '99-1000', 'bathtub', 'bathtub', 'ropox', '', '2006-04-07', '2000-01-01', '2007-04-07', 'dounoughmore', '2000-01-01', '', '', '', '0000-00-00'),
(354, 'TBA', 'nursing bed', 'sentida 6', 'wi-bo', '', '2015-11-26', '2000-01-01', '2016-11-26', 'navan road', '2016-11-26', '', '', '26/11/2015 bed delivered and installed', '0000-00-00'),
(355, '63998', 'hoist', 'gh1', 'guldmann', '', '2015-09-07', '2016-03-07', '2016-09-07', 'lisdarn unit for the elderly', '2016-09-07', '', '', '07/01/2016 repair to covers and handset', '0000-00-00'),
(356, '79102', 'hoist', 'gh1', 'guldmann', '', '2012-07-05', '2000-01-01', '2013-07-05', 'assisted bathroom, room 52', '2000-01-01', '', '', '', '0000-00-00'),
(357, '79116', 'hoist', 'gh1', 'guldmann', '', '2012-07-05', '2000-01-01', '2013-07-05', 'room 140', '2000-01-01', '', '', '', '0000-00-00'),
(358, '79104', 'hoist', 'gh1', 'guldmann', '', '2012-07-05', '2000-01-01', '2013-07-05', 'room 141', '2000-01-01', '', '', '', '0000-00-00'),
(359, '79119', 'hoist', 'gh1', 'guldmann', '', '2012-07-05', '2000-01-01', '2013-07-05', 'room 048 & 049', '2000-01-01', '', '', '', '0000-00-00'),
(360, '0417.33.3.12', 'mobile hoist', 'k2', 'beka', '', '2000-01-01', '2000-01-01', '2015-06-05', 'dooradoyle', '2000-01-01', '', '', 'mariusz removed spa from bath and replaced caps fixing with silicone, re fixed shower head bracket', '0000-00-00'),
(361, '0304.51.09', 'bath', 'beka k2', 'beka', '', '2000-01-01', '2000-01-01', '2012-02-02', '1st floor block a, assisted bathroom', '2000-01-01', '', '', '', '0000-00-00'),
(362, '0303.51.09', 'bath', 'beka k2', 'beka', '', '2000-01-01', '2000-01-01', '2012-02-02', '1st floor block a, assisted bathroom', '2000-01-01', '', '', '', '0000-00-00'),
(363, '0302.51.09', 'bath', 'beka k2', 'beka', '', '2000-01-01', '2000-01-01', '2012-02-02', 'ground floor block a, assisted bathroom', '2000-01-01', '', '', '', '0000-00-00'),
(364, '0301.51.09', 'bath', 'beka k2', 'beka', '', '2000-01-01', '2000-01-01', '2012-02-02', 'ground floor block b, assisted bathroom', '2000-01-01', '', '', '', '0000-00-00'),
(365, '120001-1155-2010', 'hoist', 'gh2', 'guldmann', '', '2010-03-02', '2000-01-01', '2012-02-02', 'room no. 23 ground floor', '2000-01-01', '', '', '', '0000-00-00'),
(366, '120001-1164-2010', 'hoist', 'gh2', 'guldmann', '', '2010-03-02', '2000-01-01', '2012-02-02', 'room no. 22 ground floor', '2000-01-01', '', '', '', '0000-00-00'),
(367, '120001-3014-2010', 'hoist', 'gh2', 'guldmann', '', '2010-07-13', '2000-01-01', '2012-08-02', 'crannogs,room7', '2000-01-01', '', '', '', '0000-00-00'),
(368, '120001-3205-2010', 'hoist', 'gh2', 'guldmann', '', '2010-07-13', '2000-01-01', '2012-02-02', 'knock ash,room14', '2000-01-01', '', '', '', '0000-00-00'),
(369, '120001-3108-2010', 'hoist', 'gh2', 'guldmann', '', '2010-07-13', '2000-01-01', '2012-02-02', 'crannogs,room20', '2000-01-01', '', '', '', '0000-00-00'),
(370, '120001-3158-2010', 'hoist', 'gh2', 'guldmann', '', '2010-07-13', '2000-01-01', '2013-04-01', 'cooreen,room7', '2000-01-01', '', '', '', '0000-00-00'),
(371, '120001-3195-2010', 'hoist', 'gh2', 'guldmann', '', '2010-07-13', '2000-01-01', '2012-02-02', 'knock ash,room13', '2000-01-01', '', '', '', '0000-00-00'),
(372, '120001-3123-2010', 'hoist', 'gh2', 'guldmann', '', '2010-07-13', '2000-01-01', '2012-02-02', 'crannogs,room3', '2000-01-01', '', '', '', '0000-00-00'),
(373, '120001-3190-2010', 'hoist', 'gh2', 'guldmann', '', '2010-07-13', '2000-01-01', '2012-02-02', 'knock ash,room8', '2000-01-01', '', '', '', '0000-00-00'),
(374, '120001-3200-2010', 'hoist', 'gh2', 'guldmann', '', '2010-07-13', '2000-01-01', '2012-02-02', 'knock ash,room2 (twin)', '2000-01-01', '', '', '', '0000-00-00'),
(375, '120001-3140-2010', 'hoist', 'gh2', 'guldmann', '', '2010-07-13', '2000-01-01', '2012-02-02', 'sliabh aughty,room16', '2000-01-01', '', '', '', '0000-00-00'),
(376, '120001-3187-2010', 'hoist', 'gh2', 'guldmann', '', '2010-07-13', '2000-01-01', '2012-02-02', 'knock ash,room19', '2000-01-01', '', '', '', '0000-00-00'),
(377, '120001-3137-2010', 'hoist', 'gh2', 'guldmann', '', '2010-07-13', '2000-01-01', '2012-02-02', 'sliabh aughty,room4', '2000-01-01', '', '', '', '0000-00-00'),
(378, '120001-3119-2010', 'hoist', 'gh2', 'guldmann', '', '2010-07-13', '2000-01-01', '2012-02-02', 'crannogs,room2 (twin)', '2000-01-01', '', '', '', '0000-00-00'),
(379, '120001-3150-2010', 'hoist', 'gh2', 'guldmann', '', '2010-07-13', '2000-01-01', '2012-02-02', 'sliabh aughty,room2 (twin)', '2000-01-01', '', '', '', '0000-00-00'),
(380, '120001-3174-2010', 'hoist', 'gh2', 'guldmann', '', '2010-07-13', '2000-01-01', '2012-02-02', 'cooreen,room3', '2000-01-01', '', '', '', '0000-00-00'),
(381, '120001-3185-2010', 'hoist', 'gh2', 'guldmann', '', '2010-07-13', '2000-01-01', '2012-02-02', 'knock ash,room21', '2000-01-01', '', '', '', '0000-00-00'),
(382, '120001-3112-2010', 'hoist', 'gh2', 'guldmann', '', '2010-07-13', '2000-01-01', '2012-02-02', 'crannogs,room6', '2000-01-01', '', '', '', '0000-00-00'),
(383, '120001-3169-2010', 'hoist', 'gh2', 'guldmann', '', '2010-07-13', '2000-01-01', '2012-02-02', 'cooreen, room1 (twin)', '2000-01-01', '', '', '', '0000-00-00'),
(384, '120001-3201-2010', 'hoist', 'gh2', 'guldmann', '', '2010-07-13', '2000-01-01', '2012-02-02', 'knock ash,room17', '2000-01-01', '', '', '', '0000-00-00'),
(385, '120001-3197-2010', 'hoist', 'gh2', 'guldmann', '', '2010-07-13', '2000-01-01', '2012-02-02', 'crannogs,room13', '2000-01-01', '', '', '', '0000-00-00'),
(386, '120001-3209-2010', 'hoist', 'gh2', 'guldmann', '', '2010-07-13', '2000-01-01', '2012-02-02', 'sliabh aughty,room20', '2000-01-01', '', '', '', '0000-00-00'),
(387, '120001-3138-2010', 'hoist', 'gh2', 'guldmann', '', '2010-07-13', '2000-01-01', '2012-02-02', 'sliabh aughty,room6', '2000-01-01', '', '', '', '0000-00-00'),
(388, '120001-3188-2010', 'hoist', 'gh2', 'guldmann', '', '2010-07-13', '2000-01-01', '2013-04-01', 'knock ash,room1 (twin)', '2000-01-01', '', '', '', '0000-00-00'),
(389, '120001-3114-2010', 'hoist', 'gh2', 'guldmann', '', '2010-07-13', '2000-01-01', '2012-08-02', 'sliabh aughty,room15', '2000-01-01', '', '', '', '0000-00-00'),
(390, '120001-3149-2010', 'hoist', 'gh2', 'guldmann', '', '2010-07-13', '2000-01-01', '2012-02-02', 'sliabh aughty,room1 (twin)', '2000-01-01', '', '', '', '0000-00-00'),
(391, '120001-3104-2010', 'hoist', 'gh2', 'guldmann', '', '2010-07-13', '2000-01-01', '2012-02-02', 'crannogs,room8', '2000-01-01', '', '', '', '0000-00-00'),
(392, '120001-3139-2010', 'hoist', 'gh2', 'guldmann', '', '2010-07-13', '2000-01-01', '2012-02-02', 'sliabh aughty,room12', '2000-01-01', '', '', '', '0000-00-00'),
(393, '120001-3144-2010', 'hoist', 'gh2', 'guldmann', '', '2010-07-13', '2000-01-01', '2012-02-02', 'sliabh aughty,room10', '2000-01-01', '', '', '', '0000-00-00'),
(394, '120001-3193-2010', 'hoist', 'gh2', 'guldmann', '', '2010-07-13', '2000-01-01', '2012-02-02', 'knock ash,room9', '2000-01-01', '', '', '', '0000-00-00'),
(395, '120001-3191-2010', 'hoist', 'gh2', 'guldmann', '', '2010-07-13', '2000-01-01', '2012-08-02', 'knock ash,room11', '2000-01-01', '', '', '', '0000-00-00'),
(396, '120001-3155-2010', 'hoist', 'gh2', 'guldmann', '', '2010-07-13', '2000-01-01', '2012-02-02', 'sliabh aughty,room23', '2000-01-01', '', '', '', '0000-00-00'),
(397, '120001-3168-2010', 'hoist', 'gh2', 'guldmann', '', '2010-07-13', '2000-01-01', '2012-02-02', 'cooreen,room12', '2000-01-01', '', '', '', '0000-00-00'),
(398, '120001-3107-2010', 'hoist', 'gh2', 'guldmann', '', '2010-07-13', '2000-01-01', '2012-02-02', 'crannogs care suite,room', '2000-01-01', '', '', '', '0000-00-00'),
(399, '120001-3163-2010', 'hoist', 'gh2', 'guldmann', '', '2010-07-13', '2000-01-01', '2012-02-02', 'cooreen,room18', '2000-01-01', '', '', '', '0000-00-00'),
(400, '120001-3156-2010', 'hoist', 'gh2', 'guldmann', '', '2010-07-13', '2000-01-01', '2013-04-01', 'cooreen,room5', '2000-01-01', '', '', '', '0000-00-00'),
(401, '120001-3175-2010', 'hoist', 'gh2', 'guldmann', '', '2010-07-13', '2000-01-01', '2012-02-02', 'cooreen,room4', '2000-01-01', '', '', '', '0000-00-00'),
(402, '120001-3120-2010', 'hoist', 'gh2', 'guldmann', '', '2010-07-13', '2000-01-01', '2012-02-02', 'crannogs,room15', '2000-01-01', '', '', '', '0000-00-00'),
(403, '120001-3162-2010', 'hoist', 'gh2', 'guldmann', '', '2010-07-13', '2000-01-01', '2012-02-02', 'cooreen,room17', '2000-01-01', '', '', '', '0000-00-00'),
(404, '120001-3109-2010', 'hoist', 'gh2', 'guldmann', '', '2010-07-13', '2000-01-01', '2012-02-02', 'crannogs,room10', '2000-01-01', '', '', '', '0000-00-00'),
(405, '120001-3117-2010', 'hoist', 'gh2', 'guldmann', '', '2010-07-13', '2000-01-01', '2012-02-02', 'crannogs,room11', '2000-01-01', '', '', '', '0000-00-00'),
(406, '120001-3198-2010', 'hoist', 'gh2', 'guldmann', '', '2010-07-13', '2000-01-01', '2012-02-02', 'knock ash,room4', '2000-01-01', '', '', '', '0000-00-00'),
(407, '120001-3173-2010', 'hoist', 'gh2', 'guldmann', '', '2010-07-13', '2000-01-01', '2012-02-02', 'cooreen,room23', '2000-01-01', '', '', '', '0000-00-00'),
(408, '120001-3141-2010', 'hoist', 'gh2', 'guldmann', '', '2010-07-13', '2000-01-01', '2012-02-02', 'sliabh aughty,room14', '2000-01-01', '', '', '', '0000-00-00'),
(409, '120001-3118-2010', 'hoist', 'gh2', 'guldmann', '', '2010-07-13', '2000-01-01', '2012-02-02', 'crannogs,room21', '2000-01-01', '', '', '', '0000-00-00'),
(410, '120001-3146-2010', 'hoist', 'gh2', 'guldmann', '', '2010-07-13', '2000-01-01', '2012-02-02', 'sliabh aughty,room9', '2000-01-01', '', '', '', '0000-00-00'),
(411, '120001-3184-2010', 'hoist', 'gh2', 'guldmann', '', '2010-07-13', '2000-01-01', '2012-02-02', 'knock ash,room23', '2000-01-01', '', '', '', '0000-00-00'),
(412, '120001-3106-2010', 'hoist', 'gh2', 'guldmann', '', '2010-07-13', '2000-01-01', '2012-02-02', 'crannogs,room1 (twin)', '2000-01-01', '', '', '', '0000-00-00'),
(413, '120001-3110-2010', 'hoist', 'gh2', 'guldmann', '', '2010-07-13', '2000-01-01', '2012-02-02', 'crannogs,room16', '2000-01-01', '', '', '', '0000-00-00'),
(414, '120001-3172-2010', 'hoist', 'gh2', 'guldmann', '', '2010-07-13', '2000-01-01', '2012-02-02', 'cooreen,room22', '2000-01-01', '', '', '', '0000-00-00'),
(415, '120001-3160-2010', 'hoist', 'gh2', 'guldmann', '', '2010-07-13', '2000-01-01', '2012-02-02', 'cooreen,room9', '2000-01-01', '', '', '', '0000-00-00'),
(416, '120001-3122-2010', 'hoist', 'gh2', 'guldmann', '', '2010-07-13', '2000-01-01', '2012-02-02', 'crannogs,room4', '2000-01-01', '', '', '', '0000-00-00'),
(417, '120001-3154-2010', 'hoist', 'gh2', 'guldmann', '', '2010-07-13', '2000-01-01', '2012-08-02', 'sliabh aughty,room22', '2000-01-01', '', '', '', '0000-00-00'),
(418, '120001-3186-2010', 'hoist', 'gh2', 'guldmann', '', '2010-07-13', '2000-01-01', '2012-02-02', 'knock ash,room12', '2000-01-01', '', '', '', '0000-00-00'),
(419, '120001-3113-2010', 'hoist', 'gh2', 'guldmann', '', '2010-07-13', '2000-01-01', '2012-02-02', 'crannogs,room18', '2000-01-01', '', '', '', '0000-00-00'),
(420, '120001-3196-2010', 'hoist', 'gh2', 'guldmann', '', '2010-07-13', '2000-01-01', '2012-02-02', 'crannogs,room14', '2000-01-01', '', '', '', '0000-00-00'),
(421, '120001-3171-2010', 'hoist', 'gh2', 'guldmann', '', '2010-07-13', '2000-01-01', '2012-02-02', 'cooreen,room21', '2000-01-01', '', '', '', '0000-00-00'),
(422, '120001-3019-2010', 'hoist', 'gh2', 'guldmann', '', '2010-07-13', '2000-01-01', '2012-02-02', 'crannogs,room22', '2000-01-01', '', '', '', '0000-00-00'),
(423, '120001-3204-2010', 'hoist', 'gh2', 'guldmann', '', '2010-07-13', '2000-01-01', '2012-02-02', 'knock ash,room15', '2000-01-01', '', '', '', '0000-00-00'),
(424, '120001-3145-2010', 'hoist', 'gh2', 'guldmann', '', '2010-07-13', '2000-01-01', '2012-02-02', 'sliabh aughty,room5', '2000-01-01', '', '', '', '0000-00-00'),
(425, '120001-3166-2010', 'hoist', 'gh2', 'guldmann', '', '2010-07-13', '2000-01-01', '2012-02-02', 'cooreen,room10', '2000-01-01', '', '', '', '0000-00-00'),
(426, '120001-3143-2010', 'hoist', 'gh2', 'guldmann', '', '2010-07-13', '2000-01-01', '2012-02-02', 'sliabh aughty,room17', '2000-01-01', '', '', '', '0000-00-00'),
(427, '120001-3202-2010', 'hoist', 'gh2', 'guldmann', '', '2010-07-13', '2000-01-01', '2012-02-02', 'knock ash,room18', '2000-01-01', '', '', '', '0000-00-00'),
(428, '120001-3152-2010', 'hoist', 'gh2', 'guldmann', '', '2010-07-13', '2000-01-01', '2012-02-02', 'cooreen,room14', '2000-01-01', '', '', '', '0000-00-00'),
(429, '120001-3206-2010', 'hoist', 'gh2', 'guldmann', '', '2010-07-13', '2000-01-01', '2012-02-02', 'sliabh aughty,room7', '2000-01-01', '', '', '', '0000-00-00'),
(430, '120001-3169-2010', 'hoist', 'gh2', 'guldmann', '', '2010-07-13', '2000-01-01', '2012-02-02', 'cooreen,room20', '2000-01-01', '', '', '', '0000-00-00'),
(431, '120001-3157-2010', 'hoist', 'gh2', 'guldmann', '', '2010-07-13', '2000-01-01', '2012-02-02', 'cooreen,room6', '2000-01-01', '', '', '', '0000-00-00'),
(432, '120001-3153-2010', 'hoist', 'gh2', 'guldmann', '', '2010-07-13', '2000-01-01', '2012-02-02', 'cooreen,room15', '2000-01-01', '', '', '', '0000-00-00'),
(433, '120001-3115-2010', 'hoist', 'gh2', 'guldmann', '', '2010-07-13', '2000-01-01', '2012-02-02', 'crannogs,room5', '2000-01-01', '', '', '', '0000-00-00'),
(434, '120001-3208-2010', 'hoist', 'gh2', 'guldmann', '', '2010-07-13', '2000-01-01', '2012-02-02', 'sliabh aughty,room21', '2000-01-01', '', '', '', '0000-00-00'),
(435, '120001-3194-2010', 'hoist', 'gh2', 'guldmann', '', '2010-07-13', '2000-01-01', '2012-02-02', 'knock ash,room5', '2000-01-01', '', '', '', '0000-00-00'),
(436, '120001-3105-2010', 'hoist', 'gh2', 'guldmann', '', '2010-07-13', '2000-01-01', '2012-02-02', 'crannogs,room17', '2000-01-01', '', '', '', '0000-00-00'),
(437, '120001-3203-2010', 'hoist', 'gh2', 'guldmann', '', '2010-07-13', '2000-01-01', '2012-02-02', 'knock ash,room16', '2000-01-01', '', '', '', '0000-00-00'),
(438, '120001-3167-2010', 'hoist', 'gh2', 'guldmann', '', '2010-07-13', '2000-01-01', '2012-02-02', 'cooreen,room11', '2000-01-01', '', '', '', '0000-00-00'),
(439, '120001-3116-2010', 'hoist', 'gh2', 'guldmann', '', '2010-07-13', '2000-01-01', '2012-02-02', 'crannogs,room9', '2000-01-01', '', '', '', '0000-00-00'),
(440, '120001-3161-2010', 'hoist', 'gh2', 'guldmann', '', '2010-07-13', '2000-01-01', '2012-02-02', 'cooreen,room16', '2000-01-01', '', '', '', '0000-00-00'),
(441, '120001-3142-2010', 'hoist', 'gh2', 'guldmann', '', '2010-07-13', '2000-01-01', '2012-02-02', 'sliabh aughty,room19', '2000-01-01', '', '', '', '0000-00-00'),
(442, '120001-3207-2010', 'hoist', 'gh2', 'guldmann', '', '2010-07-13', '2000-01-01', '2012-02-02', 'sliabh aughty,room8', '2000-01-01', '', '', '', '0000-00-00'),
(443, '120001-3151-2010', 'hoist', 'gh2', 'guldmann', '', '2010-07-13', '2000-01-01', '2012-02-02', 'cooreen,room13', '2000-01-01', '', '', '', '0000-00-00'),
(444, '120001-3176-2010', 'hoist', 'gh2', 'guldmann', '', '2010-07-13', '2000-01-01', '2012-02-02', 'knock ash,room22', '2000-01-01', '', '', '', '0000-00-00'),
(445, '120001-3136-2010', 'hoist', 'gh2', 'guldmann', '', '2010-07-13', '2000-01-01', '2012-02-02', 'sliabh aughty,room13', '2000-01-01', '', '', '', '0000-00-00'),
(446, '120001-3147-2010', 'hoist', 'gh2', 'guldmann', '', '2010-07-13', '2000-01-01', '2012-02-02', 'sliabh aughty,room3', '2000-01-01', '', '', '', '0000-00-00'),
(447, '120001-3020-2010', 'hoist', 'gh2', 'guldmann', '', '2010-07-13', '2000-01-01', '2012-02-02', 'sliabh aughty,room11', '2000-01-01', '', '', '', '0000-00-00'),
(448, '120001-3164-2010', 'hoist', 'gh2', 'guldmann', '', '2010-07-13', '2000-01-01', '2012-02-02', 'cooreen,room19', '2000-01-01', '', '', '', '0000-00-00'),
(449, '120001-3170-2010', 'hoist', 'gh2', 'guldmann', '', '2010-07-13', '2000-01-01', '2012-02-02', 'cooreen,room2 (twin)', '2000-01-01', '', '', '', '0000-00-00'),
(450, '120001-3121-2010', 'hoist', 'gh2', 'guldmann', '', '2010-07-13', '2000-01-01', '2012-02-02', 'crannogs,room19', '2000-01-01', '', '', '', '0000-00-00'),
(451, '120001-3199-2010', 'hoist', 'gh2', 'guldmann', '', '2010-07-13', '2000-01-01', '2012-02-02', 'knock ash,room3', '2000-01-01', '', '', '', '0000-00-00'),
(452, '120001-3111-2010', 'hoist', 'gh2', 'guldmann', '', '2010-07-13', '2000-01-01', '2012-02-02', 'crannogs,room12', '2000-01-01', '', '', '', '0000-00-00'),
(453, '120001-3148-2010', 'hoist', 'gh2', 'guldmann', '', '2010-07-13', '2000-01-01', '2012-02-02', 'sliabh aughty,room18', '2000-01-01', '', '', '', '0000-00-00'),
(454, '120001-3184-2010', 'hoist', 'gh2', 'guldmann', '', '2010-07-13', '2000-01-01', '2012-02-02', 'knock ash,room20', '2000-01-01', '', '', '', '0000-00-00'),
(455, '120001-3180-2010', 'hoist', 'gh2', 'guldmann', '', '2010-07-13', '2000-01-01', '2012-02-02', 'knock ash,room7', '2000-01-01', '', '', '', '0000-00-00'),
(456, '120001-3159-2010', 'hoist', 'gh2', 'guldmann', '', '2010-07-13', '2000-01-01', '2012-02-02', 'cooreen,room8', '2000-01-01', '', '', '', '0000-00-00'),
(457, '120001-3192-2010', 'hoist', 'gh2', 'guldmann', '', '2010-07-13', '2000-01-01', '2012-02-02', 'knock ash,room10', '2000-01-01', '', '', '', '0000-00-00'),
(458, '120001-3179-2010', 'hoist', 'gh2', 'guldmann', '', '2010-07-13', '2000-01-01', '2012-02-02', 'knock ash,room6', '2000-01-01', '', '', '', '0000-00-00'),
(459, '120001-1121-2010', 'hoist', 'gh2-dc', 'guldmann', '', '2010-03-02', '2000-01-01', '2012-02-02', 'assisted bathroom ground floor', '2000-01-01', '', '', '', '0000-00-00'),
(460, '120001-2911-2010', 'hoist', 'gh2-dc', 'guldmann', '', '2010-07-13', '2000-01-01', '2012-02-02', 'cooreen assyst bath room', '2000-01-01', '', '', '', '0000-00-00'),
(461, '120001-2914-2010', 'hoist', 'gh2-dc', 'guldmann', '', '2010-07-13', '2000-01-01', '2012-02-02', 'crannogs assyst bath room', '2000-01-01', '', '', '', '0000-00-00'),
(462, '120001-2910-2010', 'hoist', 'gh2-dc', 'guldmann', '', '2010-07-13', '2000-01-01', '2012-02-02', 'physio therapy room', '2000-01-01', '', '', '', '0000-00-00'),
(463, '120001-2913-2010', 'hoist', 'gh2-dc', 'guldmann', '', '2010-07-13', '2000-01-01', '2012-02-02', 'knock ash assyst bath room', '2000-01-01', '', '', '', '0000-00-00'),
(464, '120001-2912-2010', 'hoist', 'gh2-dc', 'guldmann', '', '2010-07-13', '2000-01-01', '2012-02-02', 'sliabh aughty assyst bath room', '2000-01-01', '', '', '', '0000-00-00'),
(465, '0284.33.09', 'bathtub', 'k2', 'beka', '', '2009-11-12', '2000-01-01', '2009-11-11', '', '2000-01-01', '', '', '', '0000-00-00'),
(466, '0284.38.09', 'bathtub', 'k2', 'beka', '', '2009-11-12', '2000-01-01', '2009-11-11', '', '2000-01-01', '', '', '', '0000-00-00'),
(467, '120001-1168-2010', 'hoist', 'gh2', 'guldmann', '', '2010-03-02', '2000-01-01', '2012-02-02', 'room no. 21 ground floor', '2000-01-01', '', '', '', '0000-00-00'),
(468, '120001-1171-2010', 'hoist', 'gh2', 'guldmann', '', '2010-03-02', '2000-01-01', '2012-02-02', 'room no. 20 ground floor', '2000-01-01', '', '', '', '0000-00-00'),
(469, '120001-1151-2010', 'hoist', 'gh2', 'guldmann', '', '2010-03-02', '2000-01-01', '2012-02-02', 'room no. 19 ground floor', '2000-01-01', '', '', '', '0000-00-00'),
(470, '120001-1156-2010', 'hoist', 'gh2', 'guldmann', '', '2010-03-02', '2000-01-01', '2012-02-02', 'room no. 18 ground floor', '2000-01-01', '', '', '', '0000-00-00'),
(471, '120001-1153-2010', 'hoist', 'gh2', 'guldmann', '', '2010-03-02', '2000-01-01', '2012-02-02', 'room no. 17 ground floor', '2000-01-01', '', '', '', '0000-00-00'),
(472, '120001-1147-2010', 'hoist', 'gh2', 'guldmann', '', '2010-03-02', '2000-01-01', '2012-02-02', 'room no. 16 ground floor', '2000-01-01', '', '', '', '0000-00-00'),
(473, '120001-1167-2010', 'hoist', 'gh2', 'guldmann', '', '2010-03-02', '2000-01-01', '2012-02-02', 'room no. 15 ground floor', '2000-01-01', '', '', '', '0000-00-00'),
(474, '120001-1166-2010', 'hoist', 'gh2', 'guldmann', '', '2010-03-02', '2000-01-01', '2012-02-02', 'room no. 14 ground floor', '2000-01-01', '', '', '', '0000-00-00'),
(475, '120001-1152-2010', 'hoist', 'gh2', 'guldmann', '', '2010-03-02', '2000-01-01', '2012-02-02', 'room no. 13 ground floor', '2000-01-01', '', '', '', '0000-00-00'),
(476, '120001-1157-2010', 'hoist', 'gh2', 'guldmann', '', '2010-03-02', '2000-01-01', '2012-02-02', 'room no. 12 ground floor', '2000-01-01', '', '', '', '0000-00-00'),
(477, '120001-1162-2010', 'hoist', 'gh2', 'guldmann', '', '2010-03-02', '2000-01-01', '2012-02-02', 'room no. 11 ground floor', '2000-01-01', '', '', '', '0000-00-00'),
(478, '120001-1165-2010', 'hoist', 'gh2', 'guldmann', '', '2010-03-02', '2000-01-01', '2011-03-01', 'room no. 10 ground floor', '2000-01-01', '', '', '', '0000-00-00'),
(479, '120001-1158-2010', 'hoist', 'gh2', 'guldmann', '', '2010-03-02', '2000-01-01', '2011-03-01', 'room no. 9 ground floor', '2000-01-01', '', '', '', '0000-00-00'),
(480, '120001-1169-2010', 'hoist', 'gh2', 'guldmann', '', '2010-03-02', '2000-01-01', '2011-03-01', 'room no. 8 ground floor', '2000-01-01', '', '', '', '0000-00-00'),
(481, '120001-1170-2010', 'hoist', 'gh2', 'guldmann', '', '2010-03-02', '2000-01-01', '2011-03-01', 'room no. 7 ground floor', '2000-01-01', '', '', '', '0000-00-00'),
(482, '120001-1163-2010', 'hoist', 'gh2', 'guldmann', '', '2010-03-02', '2000-01-01', '2011-03-01', 'room no. 6 ground floor', '2000-01-01', '', '', '', '0000-00-00'),
(483, '120001-1159-2010', 'hoist', 'gh2', 'guldmann', '', '2010-03-02', '2000-01-01', '2011-03-01', 'room no. 5 ground floor', '2000-01-01', '', '', '', '0000-00-00'),
(484, '120001-1154-2010', 'hoist', 'gh2', 'guldmann', '', '2010-03-02', '2000-01-01', '2011-03-01', 'room no. 4 ground floor', '2000-01-01', '', '', '', '0000-00-00'),
(485, '120001-1142-2010', 'hoist', 'gh2', 'guldmann', '', '2010-03-02', '2000-01-01', '2012-02-02', 'room no. 3 ground floor', '2000-01-01', '', '', '', '0000-00-00'),
(486, '120001-1143-2010', 'hoist', 'gh2', 'guldmann', '', '2010-03-02', '2000-01-01', '2012-02-02', 'room no. 2 ground floor', '2000-01-01', '', '', '', '0000-00-00'),
(487, '120001-1160-2010', 'hoist', 'gh2', 'guldmann', '', '2010-03-02', '2000-01-01', '2012-02-02', 'room no. 1 ground floor', '2000-01-01', '', '', '', '0000-00-00'),
(488, '120001-1139-2010', 'hoist', 'gh2', 'guldmann', '', '2010-03-02', '2000-01-01', '2011-03-01', 'independent en-suite room 23 top floor', '2000-01-01', '', '', '', '0000-00-00'),
(489, '120001-1138-2010', 'hoist', 'gh2', 'guldmann', '', '2010-03-02', '2000-01-01', '2011-03-01', 'room no. 22 top floor', '2000-01-01', '', '', '', '0000-00-00'),
(490, '120001-1150-2010', 'hoist', 'gh2', 'guldmann', '', '2010-03-02', '2000-01-01', '2011-03-01', 'room no. 21 top floor', '2000-01-01', '', '', '', '0000-00-00'),
(491, '120001-1141-2010', 'hoist', 'gh2', 'guldmann', '', '2010-03-02', '2000-01-01', '2011-03-01', 'room no. 20 top floor', '2000-01-01', '', '', '', '0000-00-00'),
(492, '120001-1151-2010', 'hoist', 'gh2', 'guldmann', '', '2010-03-02', '2000-01-01', '2011-03-01', 'room no. 19 top floor', '2000-01-01', '', '', '', '0000-00-00'),
(493, '120001-1136-2010', 'hoist', 'gh2', 'guldmann', '', '2010-03-02', '2000-01-01', '2011-03-01', 'room no. 18 top floor', '2000-01-01', '', '', '', '0000-00-00'),
(494, '120001-1172-2010', 'hoist', 'gh2', 'guldmann', '', '2010-03-02', '2000-01-01', '2011-03-01', 'room no. 17 top floor', '2000-01-01', '', '', '', '0000-00-00'),
(495, '120001-1132-2010', 'hoist', 'gh2', 'guldmann', '', '2010-03-02', '2000-01-01', '2011-03-01', 'room no. 16 top floor', '2000-01-01', '', '', '', '0000-00-00'),
(496, '120001-1145-2010', 'hoist', 'gh2', 'guldmann', '', '2010-03-02', '2000-01-01', '2011-03-01', 'room no. 15 top floor', '2000-01-01', '', '', '', '0000-00-00'),
(497, '120001-1144-2010', 'hoist', 'gh2', 'guldmann', '', '2010-03-02', '2000-01-01', '2011-03-01', 'room no. 14 top floor', '2000-01-01', '', '', '', '0000-00-00'),
(498, '120001-1134-2010', 'hoist', 'gh2', 'guldmann', '', '2010-03-02', '2000-01-01', '2011-03-01', 'room no. 13 top floor', '2000-01-01', '', '', '', '0000-00-00'),
(499, '120001-1116-2010', 'hoist', 'gh2', 'guldmann', '', '2010-03-02', '2000-01-01', '2011-03-01', 'room no. 12 top floor', '2000-01-01', '', '', '', '0000-00-00'),
(500, '120001-1148-2010', 'hoist', 'gh2', 'guldmann', '', '2010-03-02', '2000-01-01', '2011-03-01', 'room no. 11 top floor', '2000-01-01', '', '', '', '0000-00-00'),
(501, '120001-1119-2010', 'hoist', 'gh2', 'guldmann', '', '2010-03-02', '2000-01-01', '2011-03-01', 'room no. 10 top floor', '2000-01-01', '', '', '', '0000-00-00'),
(502, '120001-1117-2010', 'hoist', 'gh2', 'guldmann', '', '2010-03-02', '2000-01-01', '2011-03-01', 'room no. 9 top floor', '2000-01-01', '', '', '', '0000-00-00'),
(503, '120001-1114-2010', 'hoist', 'gh2', 'guldmann', '', '2010-03-02', '2000-01-01', '2011-03-01', 'room no. 8 top floor', '2000-01-01', '', '', '', '0000-00-00'),
(504, '120001-1118-2010', 'hoist', 'gh2', 'guldmann', '', '2010-03-02', '2000-01-01', '2011-03-01', 'room no. 7 top floor', '2000-01-01', '', '', '', '0000-00-00'),
(505, '120001-1137-2010', 'hoist', 'gh2', 'guldmann', '', '2010-03-02', '2000-01-01', '2011-03-01', 'room no. 6 top floor', '2000-01-01', '', '', '', '0000-00-00'),
(506, '120001-1140-2010', 'hoist', 'gh2', 'guldmann', '', '2010-03-02', '2000-01-01', '2011-03-01', 'room no. 5 top floor', '2000-01-01', '', '', '', '0000-00-00'),
(507, '120001-1149-2010', 'hoist', 'gh2', 'guldmann', '', '2010-03-02', '2000-01-01', '2011-03-01', 'room no. 4 top floor', '2000-01-01', '', '', '', '0000-00-00'),
(508, '120001-1135-2010', 'hoist', 'gh2', 'guldmann', '', '2010-03-02', '2000-01-01', '2011-03-01', 'room no. 3 top floor', '2000-01-01', '', '', '', '0000-00-00'),
(509, '120001-1133-2010', 'hoist', 'gh2', 'guldmann', '', '2010-03-02', '2000-01-01', '2011-03-01', 'room no. 2 top floor', '2000-01-01', '', '', '', '0000-00-00'),
(510, '120001-1146-2010', 'hoist', 'gh2', 'guldmann', '', '2010-03-02', '2000-01-01', '2011-03-01', 'room no. 1 top floor', '2000-01-01', '', '', '', '0000-00-00'),
(511, '120001-1120-2010', 'hoist', 'gh2-dc', 'guldmann', '', '2010-03-02', '2000-01-01', '2011-03-01', 'physiotherapy room ground floor', '2000-01-01', '', '', '', '0000-00-00'),
(512, '120001-1115-2010', 'hoist', 'gh2-dc', 'guldmann', '', '2010-03-02', '2000-01-01', '2011-03-01', 'assisted bathroom top floor', '2000-01-01', '', '', '', '0000-00-00'),
(513, 'screens', 'screens', '15 sec. h1.85, l 3.75', 'silentia', '', '2009-07-09', '2000-01-01', '2010-07-09', '', '2000-01-01', '', '', '', '0000-00-00'),
(514, '', '1.5m mobile screen', 'eganmed', 'eganmed', '', '2015-05-25', '2000-01-01', '2016-05-25', '', '2000-01-01', '', '', '25/5/2015 ian delivered mobile screen to macroom', '0000-00-00'),
(515, '', '2 x 12 panel demo screen', 'eganmed', 'eganmed', '', '2015-04-16', '2000-01-01', '2015-10-16', '', '2000-01-01', '', '', '16/4/15 scott and ian installed 2 x 12 panel demo screens - floor mounted', '0000-00-00'),
(516, '12645', 'hoist', 'gh1', 'guldmann', '', '2013-10-31', '2016-03-30', '2016-10-15', 'barra 3 bed', '2000-01-01', '', '', '15/10/2015 ruiri carried out full service', '0000-00-00'),
(517, '120001-2336-2009', 'hoist', 'gh2-dc', 'guldmann', '', '2009-07-09', '2016-03-30', '2016-10-15', 'dillis ward', '2000-01-01', '', '', '15/10/15 thorough service carried out, cleaned pick up and replaced batteries', '0000-00-00'),
(518, '120001-1238-2009', 'hoist', 'gh2-dc', 'guldmann', '', '2009-02-04', '2000-01-01', '2015-09-01', 'suaimhness ward', '2015-08-01', '', '', '15/10/15 our loan unit was serviced 1579', '0000-00-00'),
(519, '120001-2337-2009', 'hoist', 'gh2-dc', 'guldmann', '', '2009-07-09', '2000-01-01', '2015-09-02', '', '2015-08-01', '', '', '15/10/15 our loan unit was serviced s/n 2526', '0000-00-00'),
(520, '07069', 'hoist', 'gh3', 'guldmann', '', '2013-11-28', '2016-03-30', '2016-10-15', 'end day room', '2015-08-01', '', '', '15/10/15 ruiri did full service', '0000-00-00'),
(521, '56886', 'hoist', 'gh3 200 110 0000', 'guldmann', '', '2011-11-25', '2016-03-30', '2016-10-15', 'abbey unit', '2015-08-01', '', '', '15/10/15 ruiri did full service', '0000-00-00'),
(522, '', 'screens', '15 sec. h1.85, l 3.75', 'silentia', '', '2011-09-29', '2000-01-01', '2012-09-28', 'day care centre', '2000-01-01', '', '', '', '0000-00-00'),
(523, '07068-2010-07-06', 'gh3', '4m x 3m room cover', 'guldmann', '', '2010-09-23', '2000-01-01', '2016-03-08', 'day care centre', '2000-01-01', '', '', '28/10/2015 inspection carried out by ian', '0000-00-00'),
(524, '07076-2010-07-06(04952)', 'gh3', '6m x 3m room cover', 'guldmann', '', '2010-09-23', '2000-01-01', '2016-04-08', 'day care centre', '2000-01-01', '', '', '03/09/2015 -  our replacement hoist  s/n 04952, had covers repaired', '0000-00-00'),
(525, '15641', 'gh3', '6m x 8m room cover', 'guldmann', '', '2010-09-23', '2016-11-05', '2016-05-08', 'ground floor, dunbrody ward', '2000-01-01', '', '', '28/10/2015 thorough inspection carried out', '0000-00-00'),
(526, '07075-2010-07/06', 'gh3', '6m x 8m room cover', 'guldmann', '', '2010-09-23', '2000-01-01', '2016-05-08', 'day care centre', '2015-07-23', '', '', '07/01/2016 ruairi replaced pick up on travel rail', '0000-00-00'),
(527, '07069-2010-07-08', 'gh3', '6m x 8m room cover', 'guldmann', '', '2010-09-23', '2000-01-01', '2011-09-22', 'day care centre', '2000-01-01', '', '', '', '0000-00-00'),
(528, '27420', 'gh3', '6m x 8m room cover', 'guldmann', '', '2010-03-23', '2000-01-01', '2016-04-08', 'ground floor', '2000-01-01', '', '', '28/10/2015 inspection carried out by ian', '0000-00-00'),
(529, '12828-250-110-1000', 'gh3', '6m x 8m room cover', 'guldmann', '', '2010-12-10', '2000-01-01', '2016-05-08', 'ward 3, ground floor', '2000-01-01', '', '', '21/01/2016 repair done to pickup  & new hoist pick up fitted', '0000-00-00'),
(530, '06906-2010-08-08', 'gh3', '6m x 8m room cover', 'guldmann', '', '2010-09-23', '2000-01-01', '2016-05-08', 'day care centre', '2000-01-01', '', '', '28/10/2015 thorough service carried out by ian', '0000-00-00'),
(531, '07077-2010-07-06', 'gh3', '6m x 8m room cover', 'guldmann', '', '2010-09-23', '2000-01-01', '2014-01-30', 'ground floor, jerpoint ward', '2000-01-01', '', '', '', '0000-00-00'),
(532, '15647200-110-0000', 'gh3', '6m x 8m room cover', 'guldmann', '', '2010-12-10', '2000-01-01', '2016-05-08', 'ward 1, top floor', '2000-01-01', '', '', '28/10/2015 ian carried out full inspection', '0000-00-00'),
(533, '12819250-110-1000', 'gh3', '6m x 8m room cover', 'guldmann', '', '2010-12-10', '2000-01-01', '2012-12-09', 'ward 3', '2000-01-01', '', '', '', '0000-00-00'),
(534, '07071-2010-07-06', 'gh3', '6m x 8m room cover', 'guldmann', '', '2010-09-23', '2000-01-01', '2016-05-08', 'day care centre', '2000-01-01', '', '', '28/10/2015 thorough inspection carried out by ian', '0000-00-00'),
(535, '15644200-110-0000', 'gh3', '6m x 8m room cover', 'guldmann', '', '2010-12-13', '2000-01-01', '2011-12-12', 'ward 4', '2000-01-01', '', '', '', '0000-00-00'),
(536, '15642200-110-0000', 'gh3', '6m x 8m room cover', 'guldmann', '', '2010-12-10', '2000-01-01', '2016-05-08', 'ward 5', '2000-01-01', '', '', '28/10/2015 ian did thorough inspection', '0000-00-00'),
(537, '117-1000&004512.03', 'bathtub', 'k2', 'beka', '', '2006-05-18', '2000-01-01', '2015-07-05', 'day care centre', '2000-01-01', '', '', 'bsr 3756 ian did full service , no leaks occurring.', '0000-00-00'),
(538, '0431.04.13', 'bathtub', 'k2', 'beka', '', '2013-10-30', '2000-01-01', '2014-10-30', 'day care centre', '2000-01-01', '', '', '', '0000-00-00'),
(539, '25244', 'gh3', '', 'guldmann', '', '2011-01-17', '2015-10-08', '2016-05-08', 'bathroom - ward 3, 1st floor', '2000-01-01', '', '', '28/10/2015 ian did thorough service', '0000-00-00'),
(540, '56907', 'gh3', '', 'guldmann', '', '2013-10-23', '2000-01-01', '2016-05-08', 'bedroom 2, top floor', '2000-01-01', '', '', '28/10/2015 thorough inspection carried out', '0000-00-00'),
(541, '42379', 'gh3', '', 'guldmann', '', '2013-10-23', '2000-01-01', '2016-05-08', 'assisted bathroom, top floor', '2000-01-01', '', '', '28/10/2015 thorough service done by ian', '0000-00-00'),
(542, '56909', 'gh3', '', 'guldmann', '', '2013-10-23', '2000-01-01', '2016-05-08', 'bathroom, ground floor', '2000-01-01', '', '', '28/10/15 thorough service carried out by ian', '0000-00-00'),
(543, '45642', 'gh3', '', 'guldmann', '', '2010-12-10', '2000-01-01', '2014-12-01', 'ward 5, top floor', '2000-01-01', '', '', '', '0000-00-00'),
(544, '42342', 'gh3+', '', 'guldmann', '', '2013-10-23', '2000-01-01', '2016-05-08', 'toilet, top floor', '2000-01-01', '', '', '28/10/15 thorough inspection carried out', '0000-00-00'),
(545, '25299', 'gh3', '', 'guldmann', '', '2011-01-17', '2000-01-01', '2016-05-08', 'bathroom, 1st floor', '2000-01-01', '', '', '28/10/2015 thorough inspection done by ian', '0000-00-00'),
(546, '56911', 'gh3', '', 'guldmann', '', '2013-10-23', '2000-01-01', '2016-04-08', 'ward 5, top floor', '2000-01-01', '', '', '8/4/15 full service carried out', '0000-00-00'),
(547, '41938', 'gh3', '', 'guldmann', '', '2013-10-23', '2000-01-01', '2016-05-08', 'single bedroom, top floor', '2000-01-01', '', '', '28/10/15 thorough inspection carried out', '0000-00-00'),
(548, '4782', 'v-amat', 'v-amat', 'spahn reha', '', '2000-01-01', '2000-01-01', '2012-06-14', 'resource centre', '2000-01-01', '', '', '', '0000-00-00'),
(549, 'N400203', 'changing bench', 'vario', 'ropox', '', '2008-08-28', '2000-01-01', '2015-05-12', '', '2000-01-01', '', '', '', '0000-00-00'),
(550, '47-1000', 'hoist', 'gh2', 'guldmann', '', '2004-12-06', '2000-01-01', '2005-12-06', 'limetree avenue', '2000-01-01', '', '', '', '0000-00-00'),
(551, '', 'changing table', '180 cm', 'ropox', '', '2008-02-11', '2000-01-01', '2000-01-01', 'snugborough road', '2000-01-01', '', '', '1/9/2015 sarah hynes advised they no longer have this changing bench.', '0000-00-00'),
(552, '120001-2306-2004', 'hoist', 'gh2-dc', 'guldmann', '', '2005-10-05', '2000-01-01', '2006-10-05', '', '2000-01-01', '', '', '', '0000-00-00'),
(553, '65439', 'hoist', 'gh1', 'guldmann', '', '2015-01-08', '2000-01-01', '2016-01-08', 'coolagh', '2000-01-01', '', '', '08/01/15 mariusz, ian,scott did installation 8m single track, 2m 90 degree  and 1m 90 degree included', '0000-00-00'),
(554, 'N41-1782', 'aqualine', '1.6 aqualine', 'beka', '', '2013-02-21', '2000-01-01', '2014-02-20', 'callan', '2000-01-01', '', '', '', '0000-00-00'),
(555, '94945', '7m x 3m room cover', 'gh1', 'guldmann', '', '2012-12-21', '2000-01-01', '2015-05-14', 'callan', '2000-01-01', '', '', '', '0000-00-00'),
(556, '0231.47.08', 'bathtub', 'k2', 'beka', '', '2009-02-02', '2000-01-01', '2016-08-19', 'new site', '2000-01-01', '', '', '19/8/2015 - john hosford carried out full service.', '0000-00-00'),
(557, '0229.47.08', 'bathtub', 'k2', 'beka', '', '2009-02-02', '2000-01-01', '2016-08-19', 'new site', '2000-01-01', '', '', '19/8/2015 full service carried out by john hosford', '0000-00-00'),
(558, '0230.47.08', 'bathtub', 'k2', 'beka', '', '2009-02-02', '2000-01-01', '2016-08-19', 'new site', '2000-01-01', '', '', '19/8/2015 thorough service carried out by john hosford', '0000-00-00'),
(559, '120001-1576-2010', 'hoist', 'gh2', 'guldmann', '', '2010-08-25', '2000-01-01', '2011-08-24', '', '2000-01-01', '', '', '', '0000-00-00'),
(560, '0213-18-08', 'bathtub', 'k2', 'beka', '', '2008-09-29', '2000-01-01', '2016-07-30', 'for 30 westbourne terrace', '2000-01-01', '', '', '30/7/2015 0 ian did a thorough service to the bath', '0000-00-00'),
(561, 'ic:5740', 'v-amat', 'v-amat', 'spahn reha', '', '2008-09-29', '2000-01-01', '2000-01-01', 'for 30 westbourne court', '2000-01-01', '', '', '30/7/2015 - ian advised that nothing can be done to repair this, it is rusted, corroded and new unit required. i quoted them.', '0000-00-00'),
(562, '15643', 'hoist', 'gh3 200 110 0000', 'guldmann', '', '2011-07-21', '2000-01-01', '2016-05-14', 'shrougan no. 31', '2000-01-01', '', '', '14/5/15 full service carried out', '0000-00-00'),
(563, '', 'stairlift', 'hw-10', 'hawle', '', '2006-12-19', '2000-01-01', '2000-01-01', '', '2000-01-01', '', '', '', '0000-00-00'),
(564, '', 'erfi system', 'erfi', 'erfi', '', '2011-08-17', '2000-01-01', '2012-08-16', 'dromakernan', '2000-01-01', '', '', '', '0000-00-00'),
(565, '55-1000', 'hoist', 'gh2', 'guldmann', '', '2005-07-22', '2000-01-01', '2008-07-22', '', '2000-01-01', '', '', '', '0000-00-00'),
(566, '120001-1428-2005', 'hoist', 'gh2', 'guldmann', '', '2005-07-22', '2000-01-01', '2011-09-14', 'aughmagree house', '2000-01-01', '', '', '', '0000-00-00'),
(567, '120001-3853-2003', 'hoist', 'gh2', 'guldmann', '', '2004-04-16', '2000-01-01', '2009-06-11', 'sandymount avenue', '2000-01-01', '', '', '', '0000-00-00'),
(568, '120001-1160-2005', 'hoist', 'gh2-ac', 'guldmann', '', '2005-02-25', '2000-01-01', '2009-06-15', 'sandymount avenue', '2000-01-01', '', '', '', '0000-00-00'),
(569, 'N40-0220', 'shower bed', 'aqualine', 'ropox', '', '2008-05-27', '2000-01-01', '2016-08-25', '', '2015-07-09', '', '', '25/8/2015 serviced by ian', '0000-00-00'),
(570, 'N40-0208', 'shower bed', 'aqualine', 'ropox', '', '2008-05-27', '2000-01-01', '2016-08-25', '', '2015-07-09', '', '', '25/8/2015 serviced by ian', '0000-00-00');
INSERT INTO `stock` (`stockid`, `serialid`, `name`, `model`, `manufacturer`, `product_description`, `installation_date`, `inspection_date`, `service_date`, `location`, `contract_renewal_date`, `contract_type`, `funded_by`, `last_results`, `next_service`) VALUES
(571, '12001-2549-2008', 'guldmann hoist', 'gh2-dc', 'guldmann', '', '2008-05-27', '2000-01-01', '2016-08-25', '', '2000-01-01', '', '', '25/8/2015 ian carried out full service, next service -  gate on combi needs replacing due to spring - travel rail section', '0000-00-00'),
(572, '120001-1015-2007', 'hoist', 'swing lift 11 with flexi hoist', 'guldmann', '', '2011-11-17', '2000-01-01', '2016-08-25', '', '2015-07-09', '', '', '25/8/2015 - ian carried out full service - next service travel carriage rail required due to rust', '0000-00-00'),
(573, '120001-2341-2007', 'hoist', 'gh2', 'guldmann', '', '2007-05-22', '2000-01-01', '2000-01-01', '', '2000-01-01', '', '', '', '0000-00-00'),
(574, 'n40-0364', 'shower bed', 'aqualine 1.8', 'ropox', '', '2008-08-21', '2000-01-01', '2012-01-27', 'grace park road', '2000-01-01', '', '', '', '0000-00-00'),
(575, 'freeway1482', 'changing bench', 'freeway', 'freeway', '', '2008-12-03', '2000-01-01', '2009-12-02', '', '2000-01-01', '', '', '', '0000-00-00'),
(576, '', 'erfi system', '4 m, wall to wall', 'erfi', '', '2008-05-28', '2000-01-01', '2009-05-27', '', '2000-01-01', '', '', '', '0000-00-00'),
(577, '120001-4796-2007', 'hoist', 'gh2 ac', 'guldmann', '', '2008-07-31', '2000-01-01', '2010-08-27', '48 ballyclare road', '2000-01-01', '', '', '', '0000-00-00'),
(578, '5665', 'v-amat', 'vamat', 'spahn reha', '', '2010-03-05', '2000-01-01', '2010-03-04', '', '2000-01-01', '', '', '', '0000-00-00'),
(579, '71-1000', 'changing bench', 'vario', 'ropox', '', '2005-10-20', '2000-01-01', '2006-10-20', 'moyderwell', '2000-01-01', '', '', '', '0000-00-00'),
(580, 'H183459.00086', 'nursing bed', 'movita', 'wi-bo', '', '2000-01-01', '2000-01-01', '2012-07-12', '5 fana bui', '2000-01-01', '', '', '', '0000-00-00'),
(581, '63-1000', 'changing bench', 'vario', 'ropox', '', '2005-09-29', '2000-01-01', '2006-09-29', '', '2000-01-01', '', '', '', '0000-00-00'),
(582, '120001-2796-2003', '2.986m x 2.932m', 'gh2', 'guldmann', '', '2012-12-07', '2000-01-01', '2013-12-07', 'ollie''s room', '2000-01-01', '', '', '', '0000-00-00'),
(583, '99348', 'gh1 onto existing hoist', 'gh1', 'guldmann', '', '2015-11-12', '2000-01-01', '2016-11-12', 'st. mary of the isles', '2016-11-12', '', '', '12/11/2015 installation  of gh1 hoist onto existing system', '0000-00-00'),
(584, '7418', 'v-amat', 'v-amat', 'spahn reha', '', '2015-11-12', '2000-01-01', '2016-11-12', 'st. mary of the isles', '2016-11-12', '', '', '12/11/2015 installation  and testing of vamat by ian', '0000-00-00'),
(585, '4971', 'toilet', 'vamat', 'spahn reha', '', '2000-01-01', '2000-01-01', '2000-01-01', 'st. mary of the isle', '2000-01-01', '', '', '23/3/16 - this  toilet was replaced with a new toilet, it was beyond repair.', '0000-00-00'),
(586, '', 'static table1.4 with side rail', '1.4 static', 'freeway', '', '2011-07-21', '2000-01-01', '2015-08-24', 'newtownmountkennedy', '2000-01-01', '', '', '24/8/2015 remove changing bench and install in different room', '0000-00-00'),
(587, '35773', '3m x 3m a rails', 'gh1', 'guldmann', '', '2011-07-21', '2000-01-01', '2000-01-01', 'newtownmountkennedy', '2000-01-01', '', '', '24/8/2015 removed hoist and put it into storage  - ian/ruiri', '0000-00-00'),
(588, '', 'screens', '15 sec. h1.85, l 3.75', 'silentia', '', '2009-08-13', '2000-01-01', '2010-08-13', 'baltinglass', '2000-01-01', '', '', '', '0000-00-00'),
(589, '32748', '4m x 6m on c rails', 'gh1', 'guldmann', '', '2014-01-31', '2000-01-01', '2015-01-31', 'room 162', '2000-01-01', '', '', '', '0000-00-00'),
(590, '32744', '5m x 3m room cover', 'gh1', 'guldmann', '', '2014-01-31', '2000-01-01', '2015-01-31', 'room 195', '2000-01-01', '', '', '', '0000-00-00'),
(591, '94949', 'hoist', 'gh1', 'guldmann', '', '2013-05-16', '2000-01-01', '2014-05-15', 'baltinglass', '2000-01-01', '', '', '5m x 6m c rail', '0000-00-00'),
(592, '94938', 'hoist', 'gh1', 'guldmann', '', '2013-05-16', '2000-01-01', '2014-05-15', 'baltinglass', '2000-01-01', '', '', '4m x 7m b & c rail', '0000-00-00'),
(593, '94946', 'hoist', 'gh1', 'guldmann', '', '2013-05-16', '2000-01-01', '2014-05-15', 'baltinglass', '2000-01-01', '', '', '5m x 7m c rail', '0000-00-00'),
(594, '32747', '4m x 5m room cover', 'gh1', 'guldmann', '', '2014-01-31', '2000-01-01', '2015-01-31', 'room 165', '2000-01-01', '', '', '', '0000-00-00'),
(595, '94950', 'hoist', 'gh1', 'guldmann', '', '2013-05-16', '2000-01-01', '2014-05-15', 'baltinglass', '2000-01-01', '', '', '4m x 7m b & c rail', '0000-00-00'),
(596, '94984', 'hoist', 'gh1', 'guldmann', '', '2013-05-16', '2000-01-01', '2014-05-15', 'baltinglass', '2000-01-01', '', '', '4m x 7m b & c rail', '0000-00-00'),
(597, '32749', '4m x 6m on c rails', 'gh1', 'guldmann', '', '2014-01-31', '2000-01-01', '2015-01-31', 'room 161', '2000-01-01', '', '', '', '0000-00-00'),
(598, '32745', 'room cover', 'gh1', 'guldmann', '', '2014-01-31', '2000-01-01', '2015-01-31', 'room 164', '2000-01-01', '', '', '', '0000-00-00'),
(599, '94944', 'hoist', 'gh1', 'guldmann', '', '2013-05-16', '2000-01-01', '2014-05-15', 'baltinglass', '2000-01-01', '', '', '4m x 6m b & c rail', '0000-00-00'),
(600, '32747', '4m x 5m room cover', 'gh1', 'guldmann', '', '2014-01-31', '2000-01-01', '2015-01-31', 'room 165', '2000-01-01', '', '', '31/1/14 installation by maurisz', '0000-00-00'),
(601, '94957', 'hoist', 'gh1', 'guldmann', '', '2013-05-16', '2000-01-01', '2014-05-15', 'baltinglass', '2000-01-01', '', '', '5m x 7m c rail', '0000-00-00'),
(602, '120001-5670-2008', '4m x 6m jumbo rails', 'gh2', 'guldmann', '', '2014-01-31', '2000-01-01', '2015-01-31', 'room 157', '2000-01-01', '', '', '', '0000-00-00'),
(603, '120001-3957-2007', '4m x 6m on jumbo rails', 'gh2', 'guldmann', '', '2014-01-31', '2000-01-01', '2015-01-31', 'room 159', '2000-01-01', '', '', '', '0000-00-00'),
(604, '120001-3645-2007', '4m x 6m jumbo rails', 'gh2', 'guldmann', '', '2014-01-31', '2000-01-01', '2015-01-31', 'room 158', '2000-01-01', '', '', '', '0000-00-00'),
(605, '120001-3645-2007', 'hoist', 'gh2-dc', 'guldmann', '', '2007-12-03', '2000-01-01', '2015-01-31', 'baltinglass', '2000-01-01', '', '', '', '0000-00-00'),
(606, '120001-3957-2001', 'hoist', 'gh2-dc', 'guldmann', '', '2007-12-03', '2000-01-01', '2015-01-31', 'baltinglass', '2000-01-01', '', '', '', '0000-00-00'),
(607, '120001-5670-2008', 'hoist', 'gh2-dc', 'guldmann', '', '2009-01-22', '2000-01-01', '2015-01-31', 'baltinglass', '2000-01-01', '', '', '', '0000-00-00'),
(608, '120001-5671-2008', 'hoist', 'gh2-dc', 'guldmann', '', '2009-01-22', '2000-01-01', '2011-02-10', 'baltinglass', '2000-01-01', '', '', '', '0000-00-00'),
(609, '120001-3645-2007', 'hoist', 'gh2-dc', 'guldmann', '', '2007-12-03', '2000-01-01', '2015-01-31', 'baltinglass', '2000-01-01', '', '', '', '0000-00-00'),
(610, '120001-2153-2007', 'hoist', 'gh2-dc', 'guldmann', '', '2009-08-13', '2000-01-01', '2014-05-16', 'baltinglass', '2000-01-01', '', '', '', '0000-00-00'),
(611, '120001-3644-2007', 'hoist', 'gh2-dc', 'guldmann', '', '2007-12-04', '2000-01-01', '2014-05-16', 'baltinglass', '2000-01-01', '', '', '', '0000-00-00'),
(612, '', 'screens', 'various', 'eganmed', '', '2000-01-01', '2000-01-01', '2000-01-01', 'baltinglass', '2000-01-01', '', '', '11/01/2016 3 screens repaired rm082 / rm094x2 -  6 new mouldings', '0000-00-00'),
(613, '94951', 'hoist', 'gh1', 'guldmann', '', '2013-05-16', '2000-01-01', '2014-05-15', 'baltinglass', '2000-01-01', '', '', '4m x 7m b & c rail', '0000-00-00'),
(614, '04949', 'hoist', 'gh3', 'guldmann', '', '2011-01-20', '2000-01-01', '2012-01-19', 'baltinglass', '2000-01-01', '', '', '', '0000-00-00'),
(615, '04957', 'hoist', 'gh3', 'guldmann', '', '2011-01-20', '2000-01-01', '2012-01-19', 'baltinglass', '2000-01-01', '', '', '', '0000-00-00'),
(616, '08399', 'hoist', 'gh3', 'guldmann', '', '2011-01-20', '2000-01-01', '2012-01-19', 'baltinglass', '2000-01-01', '', '', '', '0000-00-00'),
(617, '', 'screens', 'h:1.85m x l:4.25m x 12', 'silentia', '', '2011-01-02', '2000-01-01', '2012-01-01', 'baltinglass', '2000-01-01', '', '', '', '0000-00-00'),
(618, '', 'erfi system', 'erfi', 'erfi', '', '2011-11-14', '2000-01-01', '2012-11-13', 'royal lane', '2000-01-01', '', '', '', '0000-00-00'),
(619, '66689', 'hoist 6mx4m rom with 2 x combi', 'gh1', 'guldmann', '', '2015-07-09', '2000-01-01', '2016-07-09', '', '2015-07-09', '', '', '9/7/15 - ian, ruari and john installed room cover wth 2 x combis and 90 degree bends', '0000-00-00'),
(620, '120001-2848-2008', 'hoist', 'gh2-dc', 'guldmann', '', '2008-09-16', '2000-01-01', '2016-05-07', '', '2000-01-01', '', '', '7/5/15 full service carried out and batteries replaced', '0000-00-00'),
(621, '', '', '', '', '', '2000-01-01', '2000-01-01', '2000-01-01', '', '2000-01-01', '', '', '', '0000-00-00'),
(622, '140-1000', 'hoist', 'gh2+2', 'guldmann', '', '2006-11-22', '2000-01-01', '2007-11-23', '', '2000-01-01', '', '', '', '0000-00-00'),
(623, '120001-4040-2006', 'hoist', 'gh2+2', 'guldmann', '', '2006-11-22', '2000-01-01', '2007-11-23', '', '2000-01-01', '', '', '', '0000-00-00'),
(624, '120001-3777-2006', 'hoist', 'gh2-dc', 'guldmann', '', '2007-08-02', '2000-01-01', '2012-10-27', '', '2000-01-01', '', '', '', '0000-00-00'),
(625, '120001-1566-2006', 'hoist', 'gh2', 'guldmann', '', '2014-02-13', '2000-01-01', '2015-02-13', 'meenanillar', '2000-01-01', '', '', 'maurisz measured for room cover', '0000-00-00'),
(626, 'N41-3255', 'changing bench', 'vario', 'ropox', '', '2014-09-18', '2000-01-01', '2015-09-18', 'cuil aodha', '2000-01-01', '', '', '20/11/14 mariusz had to make space around the changing bench, shortenend and narrowed the bands', '0000-00-00'),
(627, '120001-4384-2006', 'hoist', 'gh2', 'guldmann', '', '2006-11-30', '2000-01-01', '2009-01-16', 'lus na greine', '2000-01-01', '', '', '', '0000-00-00'),
(628, '12001-4271-2006', 'hoist', 'gh2-dc', 'guldmann', '', '2006-11-29', '2000-01-01', '2009-01-16', 'lus na greine', '2000-01-01', '', '', '', '0000-00-00'),
(629, '120001-0205-2003', 'hoist', 'gh2', 'guldmann', '', '2005-06-03', '2000-01-01', '2007-06-03', 'st. laurance', '2000-01-01', '', '', '', '0000-00-00'),
(630, '120001-0208-2001', 'hoist', 'gh2', 'guldmann', '', '2002-05-25', '2000-01-01', '2007-08-09', 'st. lawrance', '2000-01-01', '', '', '', '0000-00-00'),
(631, '120001-1558-2002', 'hoist', 'gh2', 'guldmann', '', '2002-05-25', '2000-01-01', '2007-06-15', 'st. lawrance', '2000-01-01', '', '', '', '0000-00-00'),
(632, '120001-1568-2002', 'hoist', 'gh2', 'guldmann', '', '2002-05-25', '2000-01-01', '2007-06-15', 'st. lawrance', '2000-01-01', '', '', '', '0000-00-00'),
(633, '120001-1666-2002', 'hoist', 'gh2', 'guldmann', '', '2002-05-23', '2000-01-01', '2007-08-09', 'st. lawrance', '2000-01-01', '', '', '', '0000-00-00'),
(634, '120001-1667-2002', 'hoist', 'gh2', 'guldmann', '', '2002-05-25', '2000-01-01', '2007-08-09', 'st. laurance', '2000-01-01', '', '', '', '0000-00-00'),
(635, '120001-0462-2004', 'hoist', 'gh2', 'guldmann', '', '2000-01-01', '2000-01-01', '2007-08-09', 'st. laurance', '2000-01-01', '', '', '', '0000-00-00'),
(636, '120001-0409-2004', 'hoist', 'gh2', 'guldmann', '', '2004-02-20', '2000-01-01', '2007-06-09', 'st. lawrance', '2000-01-01', '', '', '', '0000-00-00'),
(637, '120001-1668-2002', 'hoist', 'gh2', 'guldmann', '', '2002-05-25', '2000-01-01', '2007-08-09', 'st. lawrance', '2000-01-01', '', '', '', '0000-00-00'),
(638, '120001-3748-2004', 'hoist', 'gh2', 'guldmann', '', '2003-12-22', '2000-01-01', '2006-08-09', 'st. lawrance', '2000-01-01', '', '', '', '0000-00-00'),
(639, '120001-1670-20002', 'hoist', 'gh2', 'guldmann', '', '2002-05-25', '2000-01-01', '2007-06-15', 'st. lawrance', '2000-01-01', '', '', '', '0000-00-00'),
(640, '120001-1671-2002', 'hoist', 'gh2', 'guldmann', '', '2002-05-25', '2000-01-01', '2007-08-09', 'st. lawrance', '2000-01-01', '', '', '', '0000-00-00'),
(641, '120001-1815-2002', 'hoist', 'gh2', 'guldmann', '', '2002-05-25', '2000-01-01', '2009-12-05', 'st. laurance', '2000-01-01', '', '', '', '0000-00-00'),
(642, '120001-1857-2002', 'hoist', 'gh2', 'guldmann', '', '2002-05-25', '2000-01-01', '2007-08-09', 'st. lawrance', '2000-01-01', '', '', '', '0000-00-00'),
(643, '120001-1858-2002', 'hoist', 'gh2', 'guldmann', '', '2000-01-01', '2000-01-01', '2007-08-09', 'st. laurance', '2000-01-01', '', '', '', '0000-00-00'),
(644, '120001-2604-2002', 'hoist', 'gh2', 'guldmann', '', '2002-05-25', '2000-01-01', '2007-06-15', 'st. lawrance', '2000-01-01', '', '', '', '0000-00-00'),
(645, '120001-2604-2002-0', 'hoist', 'gh2', 'guldmann', '', '2002-05-25', '2000-01-01', '2007-08-09', 'st. lawrance', '2000-01-01', '', '', '', '0000-00-00'),
(646, '0053-1201', 'hoist', 'gl3', 'guldmann', '', '2002-05-25', '2000-01-01', '2007-08-09', 'st. lawrance', '2000-01-01', '', '', '', '0000-00-00'),
(647, '2903102110', 'shower trolley', 'multicare', 'beka', '', '2003-01-01', '2000-01-01', '2006-08-09', 'st. lawrance', '2000-01-01', '', '', '', '0000-00-00'),
(648, '120001-0001-1960', 'v-amat', 'v-amat', 'spahn reha', '', '2002-05-25', '2000-01-01', '2007-01-20', 'st. lawrance', '2000-01-01', '', '', '', '0000-00-00'),
(649, '54399', 'gh1', 'gh1', 'guldmann', '', '2014-10-29', '2000-01-01', '2015-10-29', 'vicarstown', '2000-01-01', '', '', '29/10/14 ian and scott installed new hoist 3m straight track', '0000-00-00'),
(650, '120001-2129-2005', 'hoist', 'gh2-dc', 'guldmann', '', '2005-06-20', '2000-01-01', '2012-11-29', 'old bridge road', '2000-01-01', '', '', '', '0000-00-00'),
(651, '132-1000', 'shower chair', 's/p', 'hmn', '', '2000-01-01', '2000-01-01', '1900-12-30', '', '2000-01-01', '', '', '', '0000-00-00'),
(652, '120001-1970-2002', 'hoist', 'gh2', 'guldmann', '', '2002-07-30', '2000-01-01', '2012-03-03', 'adult centre', '2000-01-01', '', '', '', '0000-00-00'),
(653, '120001-1418-2005', 'hoist', 'gh2', 'guldmann', '', '2007-02-01', '2000-01-01', '2009-09-24', 'bedroom ard na seaghsa', '2000-01-01', '', '', '', '0000-00-00'),
(654, '120001-1425-2005', 'hoist', 'gh2', 'guldmann', '', '2007-02-01', '2000-01-01', '2009-09-24', 'bedroom ard na seaghsa', '2000-01-01', '', '', '', '0000-00-00'),
(655, '120001-1096-2007-0', 'hoist', 'gh2-dc', 'guldmann', '', '2007-05-21', '2000-01-01', '2008-05-21', '', '2000-01-01', '', '', '', '0000-00-00'),
(656, 'N40-1152', 'changing bench', 'vario', 'ropox', '', '2009-08-25', '2000-01-01', '2011-10-07', 'thrulr', '2000-01-01', '', '', '', '0000-00-00'),
(657, '120001-3684-2005', '3.5m x 2970 gh2+2', 'gh2', 'guldmann', '', '2013-12-07', '2000-01-01', '2000-01-01', '', '2000-01-01', '', '', '25/02/2015 awaiting for re installation po and to service - it is not currently in use', '0000-00-00'),
(658, '120001-2458-2004', 'hoist', 'gh2', 'guldmann', '', '2004-11-09', '2000-01-01', '2016-03-20', '', '2000-01-01', '', '', '20/3/15 scott and ian recycled hoist, collected from hc21 and installed in lenihan avenue', '0000-00-00'),
(659, '120001-2871-2003', 'hoist', 'gh2', 'guldmann', '', '2003-09-15', '2000-01-01', '2011-03-07', 'lisnoble', '2000-01-01', '', '', '', '0000-00-00'),
(660, 'H183459.00155', 'nursing bed', 'movita', 'wi-bo', '', '2000-01-01', '2000-01-01', '2017-02-01', '', '2000-01-01', '', '', 'device already carried out by other agent service date moved forward a year....dawn', '0000-00-00'),
(661, '167-1000', 'changing bench', 'bench', 'ropox', '', '2007-11-13', '2000-01-01', '2008-11-13', '', '2000-01-01', '', '', '', '0000-00-00'),
(662, '120001-3662-2007', 'hoist', 'gh2-dc', 'guldmann', '', '2007-10-09', '2000-01-01', '2010-03-16', '', '2000-01-01', '', '', '', '0000-00-00'),
(663, '120001-2281-2004', 'hoist', 'gh2', 'guldmann', '', '2003-12-06', '2000-01-01', '2012-06-08', 'knockeadan', '2000-01-01', '', '', '', '0000-00-00'),
(664, '120001-2033-2004', 'hoist', 'gh2-dc', 'guldmann', '', '2003-12-06', '2000-01-01', '2012-06-08', 'knockeadan', '2000-01-01', '', '', '', '0000-00-00'),
(665, '120001-3643-2004', 'hoist', 'gh2-dc', 'guldmann', '', '2003-12-06', '2000-01-01', '2012-06-08', 'knockeadan', '2000-01-01', '', '', '', '0000-00-00'),
(666, 'MY02181105', 'hoist', 'mobile', 'guldmann', '', '2003-12-06', '2000-01-01', '2012-06-08', 'knockeden', '2000-01-01', '', '', '', '0000-00-00'),
(667, '811003', 'hoist', 'mobile', 'guldmann', '', '2003-01-01', '2000-01-01', '2013-06-08', 'knockeden', '2000-01-01', '', '', '', '0000-00-00'),
(668, '120001-4889-2006', 'hoist', 'gh2-dc', 'guldmann', '', '2007-01-26', '2000-01-01', '2014-02-26', 'rosedale school', '2000-01-01', '', '', '', '0000-00-00'),
(669, '120001-4888-2006', 'hoist', 'gh2-dc', 'guldmann', '', '2007-01-26', '2000-01-01', '2014-02-26', 'rosedale school', '2000-01-01', '', '', '', '0000-00-00'),
(670, '114-1000', 'shower bed', 'aqualine', 'ropox', '', '2006-05-15', '2000-01-01', '2016-01-13', '', '2000-01-01', '', '', '13/1/15 mariusz did thorough service of bench s/n 0430 -', '0000-00-00'),
(671, '120001-1786-2006', 'hoist', 'gh2', 'guldmann', '', '2006-04-03', '2000-01-01', '2010-03-23', '', '2000-01-01', '', '', '', '0000-00-00'),
(672, '20121012450001', 'bed', 'sentida', 'wi-bo', '', '2012-11-28', '2000-01-01', '2013-11-28', 'ballymun road', '2000-01-01', '', '', '', '0000-00-00'),
(673, '2012070849', 'bed', 'sentida', 'wi-bo', '', '2012-09-14', '2000-01-01', '2000-01-01', 'the beeches', '2000-01-01', '', '', '', '0000-00-00'),
(674, '16-1000', 'shower bed', 'aqualine', 'ropox', '', '2003-08-13', '2000-01-01', '2011-02-11', '', '2000-01-01', '', '', '', '0000-00-00'),
(675, '156-1000', 'v-amat', 'v-amat', 'spahn reha', '', '2007-06-28', '2000-01-01', '2008-06-28', '', '2000-01-01', '', '', '', '0000-00-00'),
(676, '120001-1706-2003', 'hoist', 'gh2', 'guldmann', '', '2003-08-07', '2000-01-01', '2008-12-13', 'tus maith', '2000-01-01', '', '', 'hoist went to clonmel', '0000-00-00'),
(677, '0058-0303', 'hoist', 'gl3', 'guldmann', '', '2003-08-07', '2000-01-01', '2008-12-11', 'tus maith', '2000-01-01', '', '', '', '0000-00-00'),
(678, '120001-1589-2004', 'hoist', 'gh2', 'guldmann', '', '2004-07-07', '2000-01-01', '2006-08-03', '', '2000-01-01', '', '', '', '0000-00-00'),
(679, '', 'frame', 'frame', 'erfi', '', '2015-03-02', '2000-01-01', '2016-03-02', 'seskin', '2000-01-01', '', '', '2/3/15 installatlion of 3m wall to wall si base system', '0000-00-00'),
(680, '120001-3028-2004', 'hoist', 'gh2', 'guldmann', '', '2007-03-21', '2000-01-01', '2009-07-07', 'springfield ave', '2000-01-01', '', '', '', '0000-00-00'),
(681, '120001-4194-2006', 'hoist', 'gh2', 'guldmann', '', '2007-03-21', '2000-01-01', '2009-07-07', 'springfield ave', '2000-01-01', '', '', '', '0000-00-00'),
(682, '120001-4196-2006', 'hoist', 'gh2', 'guldmann', '', '2007-03-21', '2000-01-01', '2009-07-07', 'springfield ave', '2000-01-01', '', '', '', '0000-00-00'),
(683, '120001-1097-2007', 'hoist', 'gh2', 'guldmann', '', '2007-03-21', '2000-01-01', '2009-07-07', 'springfield ave', '2000-01-01', '', '', '', '0000-00-00'),
(684, '56937', '3m straight track', 'gh1', 'guldmann', '', '2012-08-22', '2000-01-01', '2016-11-25', '', '2000-01-01', '', '', '25/11/2015 thorough service carried out by kazik', '0000-00-00'),
(685, 'N40-0978', 'nursing bench', 'vario', 'ropox', '', '2012-08-22', '2000-01-01', '2016-11-25', '', '2000-01-01', '', '', '25/11/15 thorough service carried out on bench', '0000-00-00'),
(686, '04952', '', 'gh3', 'guldmann', '', '2010-09-09', '2000-01-01', '2015-02-11', 'cahir road', '2000-01-01', '', '', '', '0000-00-00'),
(687, '0056-1202', 'hoist', 'gl3', 'guldmann', '', '2003-04-14', '2000-01-01', '2005-07-01', '', '2000-01-01', '', '', '', '0000-00-00'),
(688, '0084-1103', 'hoist', 'gl3', 'guldmann', '', '2003-04-14', '2000-01-01', '2005-07-01', '', '2000-01-01', '', '', '', '0000-00-00'),
(689, '', 'v-amat', 'vamat', 'spahn reha', '', '2013-08-15', '2000-01-01', '2000-01-01', '', '2000-01-01', '', '', '', '0000-00-00'),
(690, '120001-1430-2005', 'hoist', 'gh2', 'guldmann', '', '2005-11-29', '2000-01-01', '2013-04-25', 'granges road', '2000-01-01', '', '', '', '0000-00-00'),
(691, '83-1000', 'changing bench', 'vario', 'ropox', '', '2005-12-20', '2000-01-01', '2013-04-25', 'granges road', '2000-01-01', '', '', '', '0000-00-00'),
(692, '120001-4370-2008', 'hoist', 'gh2', 'guldmann', '', '2008-11-06', '2000-01-01', '2014-09-27', '', '2000-01-01', '', '', '', '0000-00-00'),
(693, '120001-4766-2006', 'hoist', 'gh2-dc', 'guldmann', '', '2007-02-07', '2000-01-01', '2008-02-07', 'grange', '2000-01-01', '', '', '', '0000-00-00'),
(694, '120001-1424-2005', 'hoist', 'gh2', 'guldmann', '', '2005-03-16', '2000-01-01', '2013-06-01', '', '2000-01-01', '', '', '', '0000-00-00'),
(695, '120001-4724-2007', 'hoist', 'gh2', 'guldmann', '', '2009-08-25', '2000-01-01', '2016-05-12', 'pierce road', '2000-01-01', '', '', '12/5/15 full service carried out and replaced 2 batteries', '0000-00-00'),
(696, '120001-4288-2008', 'hoist', 'gh2', 'guldmann', '', '2008-10-01', '2000-01-01', '2011-06-15', 'bedroom 2', '2000-01-01', '', '', '', '0000-00-00'),
(697, '120001-4278-2008', 'hoist', 'gh2', 'guldmann', '', '2008-10-01', '2000-01-01', '2011-06-15', 'bedroom 3', '2000-01-01', '', '', '', '0000-00-00'),
(698, '120001-4276-2008', 'hoist', 'gh2', 'guldmann', '', '2008-10-01', '2000-01-01', '2011-06-15', 'bedroom 4', '2000-01-01', '', '', '', '0000-00-00'),
(699, '120001-4277-2008', 'hoist', 'gh2', 'guldmann', '', '2008-10-01', '2000-01-01', '2011-06-15', 'bathroom 1', '2000-01-01', '', '', '', '0000-00-00'),
(700, '120001-4213-2008', 'hoist', 'gh2', 'guldmann', '', '2008-10-01', '2000-01-01', '2011-06-15', 'bathroom 5 ensuite', '2000-01-01', '', '', '', '0000-00-00'),
(701, '120001-4290-2008', 'hoist', 'gh2', 'guldmann', '', '2008-10-01', '2000-01-01', '2011-06-15', 'physiotherapy', '2000-01-01', '', '', '', '0000-00-00'),
(702, '120001-4124-2008', 'hoist', 'gh2', 'guldmann', '', '2008-10-01', '2000-01-01', '2011-06-15', 'relaxation area', '2000-01-01', '', '', '', '0000-00-00'),
(703, '120001-4138-2008', 'hoist', 'gh2', 'guldmann', '', '2008-10-01', '2000-01-01', '2011-06-15', 'special bathroom', '2000-01-01', '', '', '', '0000-00-00'),
(704, '68-1000', 'changing bench', 'vario', 'ropox', '', '2005-10-15', '2000-01-01', '2006-10-15', '', '2000-01-01', '', '', '', '0000-00-00'),
(705, '117260-1102-2007', 'hoist', 'gl3', 'guldmann', '', '2008-02-27', '2000-01-01', '2013-01-23', 'an coim in mor', '2000-01-01', '', '', '', '0000-00-00'),
(706, '7-1000', 'hoist', 'gh2', 'guldmann', '', '2003-01-01', '2000-01-01', '2004-01-01', '', '2000-01-01', '', '', '', '0000-00-00'),
(707, '1.20001E+13', 'hoist', 'gh2-dc', 'guldmann', '', '2005-08-29', '2000-01-01', '2015-11-28', '', '2000-01-01', '', '', '28/11/14 thorough service carried out,replace batteries at next service', '0000-00-00'),
(708, '58-1000', 'shower chair', 'hmn', 'hmn', '', '2005-08-29', '2000-01-01', '2000-01-01', '', '2000-01-01', '', '', '', '0000-00-00'),
(709, '57-1000', 'v-amat', 'v-amat', 'spahn reha', '', '2005-08-29', '2000-01-01', '2000-01-01', '', '2000-01-01', '', '', '', '0000-00-00'),
(710, '', 'stairlift', 'hw-10', 'hawle', '', '2006-07-05', '2000-01-01', '2000-01-01', '', '2000-01-01', '', '', '', '0000-00-00'),
(711, '5911', 'v-amat', 'vamat', 'spahn reha', '', '2009-01-26', '2000-01-01', '2000-01-01', '', '2000-01-01', '', '', '', '0000-00-00'),
(712, '120001-1328-2007', 'hoist', 'gh2', 'guldmann', '', '2007-03-08', '2000-01-01', '2011-03-10', '', '2000-01-01', '', '', '', '0000-00-00'),
(713, '', 'chair', 'cura', 'cura seating', '', '2013-12-11', '2000-01-01', '2014-12-11', 'kilcornan centre', '2000-01-01', '', '', 'ref: john mcdonagh', '0000-00-00'),
(714, '120001-1208-2006', 'hoist', 'gh1', 'guldmann', '', '2007-03-16', '2000-01-01', '2013-10-01', 'doysiam', '2000-01-01', '', '', '', '0000-00-00'),
(715, '48208', 'hoist', 'gh1', 'guldmann', '', '2011-11-23', '2000-01-01', '2013-10-01', '', '2000-01-01', '', '', '', '0000-00-00'),
(716, '48239', 'hoist', 'gh1', 'guldmann', '', '2011-11-23', '2000-01-01', '2013-10-01', '', '2000-01-01', '', '', '', '0000-00-00'),
(717, '17637', '4m x 2.5m', 'gh1', 'guldmann', '', '2013-07-31', '2000-01-01', '2014-07-31', 'ballindereen house', '2000-01-01', '', '', '', '0000-00-00'),
(718, '120001-1134-2008', 'hoist', 'gh2', 'guldmann', '', '2008-02-06', '2000-01-01', '2013-10-01', 'drumacoo house', '2000-01-01', '', '', '', '0000-00-00'),
(719, '120001-1135-2008', 'hoist', 'gh2', 'guldmann', '', '2008-02-06', '2000-01-01', '2013-10-01', 'drumacoo house', '2000-01-01', '', '', '', '0000-00-00'),
(720, '120001-1301-2007', '2.477m x 7.75m', 'gh2', 'guldmann', '', '2012-12-07', '2000-01-01', '2013-12-07', 'bathroom', '2000-01-01', '', '', '', '0000-00-00'),
(721, 'movedtobungalow13on20/06/2007', 'hoist', 'gh2', 'guldmann', '', '2000-01-01', '2000-01-01', '2000-01-01', 'bunglow 2', '2000-01-01', '', '', '', '0000-00-00'),
(722, '120001-1301-2007', 'hoist', 'gh2', 'guldmann', '', '2007-08-30', '2000-01-01', '2011-09-14', 'bunglow 4', '2000-01-01', '', '', '', '0000-00-00'),
(723, 'Systemremovedandreinstalledinbunglow4Kilcor', 'hoist', 'gh2', 'guldmann', '', '2007-02-19', '2000-01-01', '2000-01-01', 'tara house', '2000-01-01', '', '', '', '0000-00-00'),
(724, '120001-2839-2003', 'hoist', 'gh2', 'guldmann', '', '2003-10-03', '2000-01-01', '2011-09-14', 'bathroom bungalow 4', '2000-01-01', '', '', '', '0000-00-00'),
(725, '120001-2796-2003', 'hoist', 'gh2', 'guldmann', '', '2003-08-12', '2000-01-01', '2011-09-14', 'bunglow 4', '2000-01-01', '', '', '', '0000-00-00'),
(726, '120001-1215-2008', 'hoist', 'gh2-dc', 'guldmann', '', '2008-02-06', '2000-01-01', '2013-10-01', 'drumacoo house', '2000-01-01', '', '', '', '0000-00-00'),
(727, '120001-4759-2009', 'hoist', 'gh2-dc', 'guldmann', '', '2009-12-16', '2000-01-01', '2013-10-01', 'doysiam', '2000-01-01', '', '', '', '0000-00-00'),
(728, '82147', '3.452 x 2.84m', 'gh3', 'guldmann', '', '2012-12-07', '2000-01-01', '2013-12-07', 'gus room', '2000-01-01', '', '', '', '0000-00-00'),
(729, '82135', '4.066m x 4.814m', 'gh3', 'guldmann', '', '2012-12-07', '2000-01-01', '2013-12-07', 'sun room', '2000-01-01', '', '', '', '0000-00-00'),
(730, '120001-2839-2003', '1.551m x 3.202', 'gh3', 'guldmann', '', '2012-12-07', '2000-01-01', '2013-12-07', 'bathroom', '2000-01-01', '', '', '', '0000-00-00'),
(731, '0192-49.07', 'bathtub', 'k2', 'beka', '', '2007-02-26', '2000-01-01', '2013-10-01', 'doy siam house', '2000-01-01', '', '', '', '0000-00-00'),
(732, '0059-0404', 'bathtub', 'k2', 'beka', '', '2004-01-22', '2000-01-01', '2010-02-26', 'bungalow 13', '2000-01-01', '', '', '', '0000-00-00'),
(733, '0058.04.04', 'bathtub', 'k2', 'beka', '', '2004-01-22', '2000-01-01', '2010-02-26', 'bunglow 9', '2000-01-01', '', '', '', '0000-00-00'),
(734, '0157-05.07', 'bathtub', 'k2', 'beka', '', '2000-01-01', '2000-01-01', '2015-01-22', 'moneymore house', '2000-01-01', '', '', '', '0000-00-00'),
(735, '28-1000or3062', 'v-amat', 'v-amat', 'spahn reha', '', '2004-01-22', '2000-01-01', '2010-02-26', 'toilet, coil coille, ktc', '2000-01-01', '', '', '', '0000-00-00'),
(736, '0156-05.07', 'bathtub', 'k2', 'beka', '', '2000-01-01', '2000-01-01', '2014-10-30', 'lochaun house', '2000-01-01', '', '', '', '0000-00-00'),
(737, '0191-49.07', 'bathtub', 'k2', 'beka', '', '2007-02-26', '2000-01-01', '2013-10-02', 'doy siam house', '2000-01-01', '', '', '', '0000-00-00'),
(738, '0190-49.07', 'bathtub', 'k2', 'beka', '', '2007-02-26', '2000-01-01', '2012-02-26', 'rose lodge/stone lodge', '2000-01-01', '', '', '', '0000-00-00'),
(739, '111-1000', 'shower bed', 'aqualine', 'ropox', '', '2006-05-11', '2000-01-01', '2007-05-11', '', '2000-01-01', '', '', '', '0000-00-00'),
(740, '112-1000', 'washbasin', 'flexi', 'ropox', '', '2006-05-11', '2000-01-01', '2007-05-11', '', '2000-01-01', '', '', '', '0000-00-00'),
(741, '120001-1380-2006', 'hoist', 'gh2', 'guldmann', '', '2006-05-11', '2000-01-01', '2016-01-12', '', '2000-01-01', '', '', '12/1/15 service carried out and hand control replaced', '0000-00-00'),
(742, '110-1000', 'bathtub', 'k2', 'beka', '', '2006-05-11', '2000-01-01', '2007-05-11', '', '2000-01-01', '', '', '', '0000-00-00'),
(743, '120001-5049-2009', 'gh2-dc', '11m x 4m maxi & mini rails', 'guldmann', '', '2010-06-08', '2000-01-01', '2014-07-15', 'county hall', '2015-07-15', '', '', 'hoist turned off on arrival, carried out service', '0000-00-00'),
(744, '', 'stairlift', '140 deluxe', 'meditek', '', '2006-10-13', '2000-01-01', '2000-01-01', 'castle street', '2000-01-01', '', '', '', '0000-00-00'),
(745, '12000-2332-2007', 'hoist', 'gh2 dc', 'guldmann', '', '2007-05-22', '2000-01-01', '2010-11-02', '', '2000-01-01', '', '', '', '0000-00-00'),
(746, '120001-1952-2007', 'hoist', 'gh2+2r', 'guldmann', '', '2007-04-19', '2000-01-01', '2008-04-19', '', '2000-01-01', '', '', '', '0000-00-00'),
(747, '120001-2128-2002', 'hoist', 'gh2', 'guldmann', '', '2003-02-06', '2000-01-01', '2006-11-09', 'high rd,', '2000-01-01', '', '', 'hoist not in use', '0000-00-00'),
(748, 'xxxxx', 'shower bed', 'aqualine 1.4', 'ropox', '', '2007-07-25', '2000-01-01', '2014-10-30', 'burren view day care centre', '2000-01-01', '', '', '', '0000-00-00'),
(749, '40-14706-9', 'kitchen', 'flexi sink', 'ropox', '', '2007-07-25', '2000-01-01', '2012-06-16', 'burren view day care centre', '2000-01-01', '', '', '', '0000-00-00'),
(750, '120001-3177-2010', 'hoist', 'gh2', 'guldmann', '', '2010-11-03', '2000-01-01', '2015-08-29', 'woodlands centre', '2015-07-16', '', '', '29/8/14 serviced by scott, full service and replaced batteries', '0000-00-00'),
(751, '120001-2722-2006', 'hoist', 'gh2-dc', 'guldmann', '', '2007-07-25', '2000-01-01', '2014-10-30', 'burren view day care centre', '2000-01-01', '', '', '', '0000-00-00'),
(752, '120001-1343-2010', 'hoist', 'gh2', 'guldmann', '', '2010-03-31', '2000-01-01', '2016-01-14', 'beaufort house', '2015-07-10', '', '', '28/09/2015 - ian carried out full inspection', '0000-00-00'),
(753, '120001-1318-2010', 'hoist', 'gh2', 'guldmann', '', '2010-03-31', '2000-01-01', '2016-01-14', 'beaufort house', '2015-07-10', '', '', '28/09/2015 - ian carried out full inspection', '0000-00-00'),
(754, '120001-3033-2010', 'hoist', 'gh2', 'guldmann', '', '2010-03-31', '2000-01-01', '2016-01-14', 'beaufort house', '2015-07-10', '', '', '28/09/2015 - ian carried out full inspection', '0000-00-00'),
(755, '120001-1321-2010', 'hoist', 'gh2', 'guldmann', '', '2010-03-31', '2000-01-01', '2016-01-14', '', '2015-07-10', '', '', '29/09/2015 inspection carruied out by ian, new handset installed', '0000-00-00'),
(756, '120001-1344-2010', 'hoist', 'gh2', 'guldmann', '', '2010-03-31', '2000-01-01', '2016-01-14', 'beaufort house', '2015-07-10', '', '', '28/09/2015 - ian carried out full inspection', '0000-00-00'),
(757, '120001-1324-2010', 'hoist', 'gh2', 'guldmann', '', '2010-03-31', '2000-01-01', '2016-01-14', 'beaufort house', '2015-07-10', '', '', '28/09/2015 - ian carried out full inspection', '0000-00-00'),
(758, '120001-1339-2010', 'hoist', 'gh2', 'guldmann', '', '2010-03-31', '2000-01-01', '2016-01-14', 'beaufort house', '2015-07-10', '', '', '28/09/2015 - ian carried out full inspection', '0000-00-00'),
(759, '120001-1336-2010', 'hoist', 'gh2', 'guldmann', '', '2010-03-31', '2000-01-01', '2016-01-14', 'beaufort house', '2015-07-10', '', '', '28/09/2015 - ian carried out full inspection', '0000-00-00'),
(760, '120001-1334-2010', 'hoist', 'gh2', 'guldmann', '', '2010-03-31', '2000-01-01', '2016-01-16', 'beaufort house', '2015-07-10', '', '', '28/09/2015 - ian carried out full inspection', '0000-00-00'),
(761, '120001-1328-2010', 'hoist', 'gh2', 'guldmann', '', '2010-03-31', '2000-01-01', '2016-01-14', 'beaufort house', '2015-07-10', '', '', '28/09/2015 - ian carried out full inspection', '0000-00-00'),
(762, '120001-1341-2010', 'hoist', 'gh2', 'guldmann', '', '2010-03-31', '2000-01-01', '2016-01-14', 'beaufort house', '2015-07-10', '', '', '28/09/2015 - ian carried out full inspection', '0000-00-00'),
(763, '120001-1310-2010', 'hoist', 'gh2', 'guldmann', '', '2010-03-31', '2000-01-01', '2016-01-14', 'beaufort house', '2015-07-10', '', '', '28/09/2015 - ian carried out full inspection', '0000-00-00'),
(764, '120001-1331-2010', 'hoist', 'gh2', 'guldmann', '', '2010-03-31', '2000-01-01', '2016-01-14', 'beaufort house', '2015-07-10', '', '', '28/09/2015 - ian carried out full inspection', '0000-00-00'),
(765, '120001-1338-2010', 'hoist', 'gh2', 'guldmann', '', '2010-03-31', '2000-01-01', '2016-01-19', 'beaufort house', '2015-07-10', '', '', '28/09/2015 - ian carried out full inspection', '0000-00-00'),
(766, '120001-1312-2010', 'hoist', 'gh2', 'guldmann', '', '2010-03-31', '2000-01-01', '2016-01-14', 'beaufort house', '2015-07-10', '', '', '28/09/2015 - ian carried out full inspection', '0000-00-00'),
(767, '120001-1325-2010', 'hoist', 'gh2', 'guldmann', '', '2010-03-31', '2000-01-01', '2016-01-14', 'beaufort house', '2000-01-01', '', '', '28/09/2015 - ian carried out full inspection', '0000-00-00'),
(768, '120001-1351-2010', 'hoist', 'gh2-dc', 'guldmann', '', '2010-03-31', '2000-01-01', '2016-01-14', 'beaufort house', '2015-07-10', '', '', '28/09/2015 - ian carried out full inspection', '0000-00-00'),
(769, '120001-1346-2010', 'hoist', 'gh5', 'guldmann', '', '2010-03-31', '2000-01-01', '2016-01-14', 'beaufort house', '2015-07-10', '', '', '28/09/2015 - ian carried out full inspection', '0000-00-00'),
(770, '120001-1313-2010', 'hoist', 'gh7', 'guldmann', '', '2010-03-31', '2000-01-01', '2016-01-14', 'beaufort house', '2015-07-10', '', '', '28/09/2015 - ian carried out full inspection', '0000-00-00'),
(771, '120001-5051-2009', 'hoist', 'gh8', 'guldmann', '', '2010-03-31', '2000-01-01', '2016-01-14', 'beaufort house', '2015-07-10', '', '', '28/09/2015 - ian carried out full inspection', '0000-00-00'),
(772, '120001-2564-2009', 'hoist', 'gh9', 'guldmann', '', '2010-03-31', '2000-01-01', '2016-01-14', 'beaufort house', '2015-07-10', '', '', '28/09/2015 - ian carried out full inspection', '0000-00-00'),
(773, '120001-1352-2010', 'hoist', 'gh2-dc', 'guldmann', '', '2010-03-31', '2000-01-01', '2016-01-14', 'beaufort house', '2015-07-10', '', '', '28/09/2015 - ian carried out full inspection', '0000-00-00'),
(774, '048650.14', 'bath', 'espirit 500', 'beka', '', '2015-08-19', '2000-01-01', '2016-08-19', '', '2016-08-19', '', '', '19/8/2015 - ruiri installed, tested and commissioned bath tub', '0000-00-00'),
(775, '', 'sink', 'flexi sink', 'ropox', '', '2015-08-19', '2000-01-01', '2016-08-19', '', '2016-08-19', '', '', '19/8/2015 - ruiri installed and commissioned and tested sink (height adjustable)', '0000-00-00'),
(776, '84014', 'hoist', 'gh3 250kg with combi locks', 'guldmann', '', '2015-08-26', '2000-01-01', '2016-08-26', '', '2016-08-26', '', '', '26/8/2015 commissioned hoist, combi locks and rail system - all good working order', '0000-00-00'),
(777, '', 'shower chair', 'paediatric', 'hmn', '', '2015-08-19', '2000-01-01', '2016-08-19', '', '2016-08-19', '', '', 'vincent delivered the shower chair', '0000-00-00'),
(778, '', 'shower trolley', 'sina', 'beka', '', '2015-08-19', '2000-01-01', '2016-08-19', '', '2016-08-19', '', '', '19/8/2015 - ruiri delivered shower trolley', '0000-00-00'),
(779, '7555', 'v-amat', 'v-amat', 'spahn reha', '', '2015-08-19', '2000-01-01', '2016-08-19', '', '2016-08-19', '', '', '19/8/2015 - ruiri installed, tested and commissioned vamat', '0000-00-00'),
(780, '', 'v-amat', 'v-amat', 'spahn reha', '', '2008-01-17', '2000-01-01', '2000-01-01', '', '2000-01-01', '', '', '', '0000-00-00'),
(781, 'tba', '9.6m x 4.7 onto 4m x 4m onto 4m', 'gh3', 'guldmann', '', '2014-05-12', '2000-01-01', '2015-05-12', '', '2000-01-01', '', '', '', '0000-00-00'),
(782, '0217.27.08', 'bathtub', 'k2', 'beka', '', '2008-10-28', '2000-01-01', '2015-06-18', '', '2000-01-01', '', '', '', '0000-00-00'),
(783, '0221.33.08', 'bathtub', 'k2', 'beka', '', '2008-10-28', '2000-01-01', '2015-06-18', '', '2000-01-01', '', '', '', '0000-00-00'),
(784, '0220.33.08', 'bathtub', 'k2', 'beka', '', '2008-10-28', '2000-01-01', '2015-06-18', '', '2000-01-01', '', '', '', '0000-00-00'),
(785, '120001-3414-2004', 'hoist', 'gh2', 'guldmann', '', '2005-01-18', '2000-01-01', '2016-05-26', 'morrisons island', '2000-01-01', '', '', '26/5/15 full servie carried out', '0000-00-00'),
(786, 'xxxxxx', 'washbasin', 'manual', 'ropox', '', '2009-09-30', '2000-01-01', '2010-09-30', '', '2000-01-01', '', '', '', '0000-00-00'),
(787, '99355', 'hoist', 'gh1', 'guldmann', '', '2015-10-22', '2000-01-01', '2016-10-22', 'colla road', '2000-01-01', '', '', '22/10/2015 ian and ruiri installed 5m x 3m room cover with double combi lock onto 3x4m room cover', '0000-00-00'),
(788, '04111718', 'aerolet', 've-va', 'economic holland', '', '2011-06-13', '2000-01-01', '2017-02-01', '', '2000-01-01', '', '', '03/02/16 hc21 serviced service date moved foward a year ...dawn', '0000-00-00'),
(789, '119-1000', 'bathtub', 'aqualine', 'ropox', '', '2006-05-19', '2000-01-01', '2013-08-09', 'newtown', '2000-01-01', '', '', '', '0000-00-00'),
(790, '113-1000', 'bathtub', 'aqualine', 'ropox', '', '2006-05-12', '2000-01-01', '2013-08-09', 'newtown', '2000-01-01', '', '', '', '0000-00-00'),
(791, '41753', 'hoist 2m x 7m partial room cover', 'gh3', 'guldmann', '', '2014-10-21', '2000-01-01', '2015-10-21', 'blanchardstown', '2000-01-01', '', '', '21/10/14 - installation done by scott and ian - plus sling and multi purpose sling', '0000-00-00'),
(792, '120001-4289-2008', 'hoist', 'gh2', 'guldmann', '', '2009-07-21', '2000-01-01', '2011-05-10', '', '2000-01-01', '', '', '', '0000-00-00'),
(793, '5669', 'v-amat', 'vamat', 'spahn reha', '', '2009-07-21', '2000-01-01', '2011-05-10', '', '2000-01-01', '', '', '', '0000-00-00'),
(794, '40-30626-8', 'changing bench', 'vario', 'spahn reha', '', '2009-07-21', '2000-01-01', '2011-05-10', '', '2000-01-01', '', '', '', '0000-00-00'),
(795, '', 'stairlift', '140 deluxe', 'meditek', '', '2006-11-01', '2000-01-01', '2000-01-01', '', '2000-01-01', '', '', '', '0000-00-00'),
(796, '', 'erfi system', 'si centre', 'erfi', '', '2008-04-08', '2000-01-01', '2000-01-01', 'carrignabhfear', '2000-01-01', '', '', '', '0000-00-00'),
(797, '94937', '3m x 4m on b rails', 'gh1', 'guldmann', '', '2013-02-08', '2000-01-01', '2016-12-02', 'o''brien street', '2000-01-01', '', '', '02/12/15 ian carried out thorough service', '0000-00-00'),
(798, '2833', 'v-amat', 'v-amat', 'spahn reha', '', '2000-01-01', '2000-01-01', '2000-01-01', 'o''brien street', '2000-01-01', '', '', '22/9 /15 no longer in use', '0000-00-00'),
(799, '2946', 'v-amat', 'v-amat', 'spahn reha', '', '2000-01-01', '2000-01-01', '2000-01-01', 'laurell', '2000-01-01', '', '', '229/2015 no longer in use', '0000-00-00'),
(800, '2933', 'v-amat', 'v-amat', 'spahn reha', '', '2000-01-01', '2000-01-01', '2000-01-01', 'hollies', '2000-01-01', '', '', '22/9/15 no longer in use', '0000-00-00'),
(801, '120001-2581-2008', '3.109m x 2.441m room cover', 'gh2+2r', 'guldmann', '', '2011-09-14', '2000-01-01', '2016-09-14', '', '2000-01-01', '', '', '14/09/2015 ruiri carried out full service', '0000-00-00'),
(802, '0467', 'changing bench', 'vario', 'ropox', '', '2007-08-10', '2000-01-01', '2011-08-29', '', '2000-01-01', '', '', '', '0000-00-00'),
(803, 'xx', 'bathtub', 'k2', 'beka', '', '2010-04-01', '2000-01-01', '2011-03-31', '', '2000-01-01', '', '', '', '0000-00-00'),
(804, 'xx', 'bathtub', 'k2', 'beka', '', '2010-04-01', '2000-01-01', '2011-03-31', '', '2000-01-01', '', '', '', '0000-00-00'),
(805, '0249.07.09', 'bathtub', 'k2-spa', 'beka', '', '2009-10-16', '2000-01-01', '2013-07-26', '', '2000-01-01', '', '', '', '0000-00-00'),
(806, '0276.33.09', 'bathtub', 'k2', 'beka', '', '2010-04-01', '2016-03-22', '2016-09-22', 'top floor', '2000-01-01', '', '', '22/09/2015 full service carried out', '0000-00-00'),
(807, '0279.33.09', 'bathtub', 'k2', 'beka', '', '2010-04-01', '2016-03-22', '2016-09-22', 'block 2 shournagh, 2nd floor', '2000-01-01', '', '', '22/09/2015 full service carried out', '0000-00-00'),
(808, '0278.33.09', 'bathtub', 'k2 invita', 'beka', '', '2010-04-01', '2016-03-22', '2016-09-22', 'block 1 bride, ground floor', '2000-01-01', '', '', '22/09/2015 full service carried out by ian', '0000-00-00'),
(809, '0277.33.09', 'bathtub', 'k2 invita', 'beka', '', '2010-04-01', '2016-03-22', '2016-09-22', '', '2000-01-01', '', '', '22/09/2016 full service carried out', '0000-00-00'),
(810, 'x', 'bath', 'k2', 'beka', '', '2011-11-28', '2000-01-01', '2012-11-27', 'home for the elderly', '2000-01-01', '', '', '', '0000-00-00'),
(811, '087646.11', 'bath', 'k2', 'beka', '', '2011-11-28', '2000-01-01', '2015-05-01', 'home for the elderly', '2000-01-01', '', '', '27/3/13 colin did full inspection, needs new actuator.', '0000-00-00'),
(812, 'x', 'bath', 'k2', 'beka', '', '2011-11-28', '2000-01-01', '2012-11-27', 'home for the elderly', '2000-01-01', '', '', '', '0000-00-00'),
(813, 'x', 'bath', 'k2', 'beka', '', '2011-11-28', '2000-01-01', '2012-11-27', 'home for the elderly', '2000-01-01', '', '', '', '0000-00-00'),
(814, '0289.44.09', 'bathtub', 'k2', 'beka', '', '2009-11-04', '2000-01-01', '2013-03-01', '', '2000-01-01', '', '', '', '0000-00-00'),
(815, '0290.44.09', 'bathtub', 'k2', 'beka', '', '2009-11-04', '2000-01-01', '2010-11-03', '', '2000-01-01', '', '', '', '0000-00-00'),
(816, '0267.22.09', 'bathtub', 'k2-spa', 'beka', '', '2009-10-16', '2000-01-01', '2013-07-26', '', '2000-01-01', '', '', '', '0000-00-00'),
(817, '120001-2723-2006', 'hoist', 'gh2', 'guldmann', '', '2006-12-01', '2000-01-01', '2009-02-07', 'nagle centre', '2000-01-01', '', '', '', '0000-00-00'),
(818, '66683', 'hoist', 'gh1', 'guldmann', '', '2015-08-10', '2016-02-10', '2016-08-10', '(ref johns court, the steeples)', '2016-08-10', '', '', '10/08/2015 ruiri installed 3.5m straight track on gh1 hoist', '0000-00-00'),
(819, '120001-3302-2007', 'hoist', 'gh2', 'guldmann', '', '2007-08-23', '2000-01-01', '2010-09-10', '', '2000-01-01', '', '', '', '0000-00-00'),
(820, '35771', 'gh1', '3m straight track', 'guldmann', '', '2011-06-16', '2000-01-01', '2016-10-08', 'thomas david', '2000-01-01', '', '', '8/10/2015 thorough service carried out by ian', '0000-00-00'),
(821, 'R344/0301', 'stairlift', 'hw-10', 'hawle', '', '2006-04-07', '2000-01-01', '2009-08-13', '', '2000-01-01', '', '', '', '0000-00-00'),
(822, '170-1000', 'bathtub', 'k2', 'beka', '', '2007-11-14', '2000-01-01', '2008-11-14', 'roslea road', '2000-01-01', '', '', '', '0000-00-00'),
(823, '0293.46.09', 'bathtub', 'k2', 'beka', '', '2010-06-02', '2000-01-01', '2011-06-01', 'roslea road', '2000-01-01', '', '', '', '0000-00-00'),
(824, '0182.41.07', 'hoist', 'gh2', 'guldmann', '', '2000-01-01', '2000-01-01', '2000-01-01', 'roslea road', '2000-01-01', '', '', '', '0000-00-00'),
(825, '67-1000/', 'changing bench', 'vario', 'ropox', '', '2005-10-13', '2000-01-01', '2016-10-08', 'thomas david', '2000-01-01', '', '', 'lift unit s/n 0288 - this is not same serial number - serviced by ian', '0000-00-00'),
(826, '88-1000(00910905)', 'bathtub', 'k2', 'beka', '', '2005-02-10', '2000-01-01', '2015-11-17', '', '2000-01-01', '', '', '17/11/2014  ian carried out thorough service', '0000-00-00'),
(827, '', 'toilet', 'samoa', 'clos o mat', '', '2000-01-01', '2000-01-01', '2015-11-17', '', '2000-01-01', '', '', '17/11/2014  ian released air.', '0000-00-00'),
(828, '', 'erfi system', 'erfi', 'erfi', '', '2010-07-07', '2000-01-01', '2011-07-06', '', '2000-01-01', '', '', '', '0000-00-00'),
(829, '120001-1233-2007', 'hoist', 'gh2', 'guldmann', '', '2007-03-21', '2000-01-01', '2016-12-01', '', '2000-01-01', '', '', '10/12/15 ian carried out through service & cleaned the pickup on the hoist', '0000-00-00'),
(830, '17669', '6m x 4m', 'gh3', 'guldmann', '', '2013-10-29', '2000-01-01', '2014-10-29', 'teach failte', '2000-01-01', '', '', '', '0000-00-00'),
(831, '0081-1103', 'hoist', 'gl3', 'guldmann', '', '2004-01-01', '2000-01-01', '2009-04-17', 'lavanagh centre', '2000-01-01', '', '', '', '0000-00-00'),
(832, '87-1000', 'v-amat', 'v-amat', 'spahn reha', '', '2006-02-02', '2000-01-01', '2007-02-02', '', '2000-01-01', '', '', '', '0000-00-00'),
(833, '0181', 'aqualine', '1.6', 'ropox', '', '2008-03-05', '2000-01-01', '2011-06-16', 'convent of mercy', '2000-01-01', '', '', '', '0000-00-00'),
(834, '120001-1296-2008', 'hoist', 'gh2', 'guldmann', '', '2008-03-05', '2000-01-01', '2012-06-16', 'convent of mercy', '2000-01-01', '', '', '', '0000-00-00'),
(835, '12001-3816-2007', 'hoist', 'gh2', 'guldmann', '', '2007-09-26', '2000-01-01', '2009-09-11', '', '2000-01-01', '', '', '', '0000-00-00'),
(836, '120001-3738-2006', 'hoist', 'gh2', 'guldmann', '', '2006-11-23', '2000-01-01', '2017-02-01', '', '2000-01-01', '', '', 'device already serviced by another agent service date moved forward a year...dawn', '0000-00-00'),
(837, '04954', '4.2m x 4m room cover', 'gh3', 'guldmann', '', '2011-09-28', '2000-01-01', '2012-09-27', 'house 2', '2000-01-01', '', '', '', '0000-00-00'),
(838, 'N40.1964', 'aqualine', '1.8', 'ropox', '', '2010-06-21', '2000-01-01', '2011-06-21', '', '2000-01-01', '', '', '', '0000-00-00'),
(839, '120001-1567-2010', 'gh2', '3m straight track', 'guldmann', '', '2010-06-21', '2000-01-01', '2012-08-08', '', '2000-01-01', '', '', '', '0000-00-00'),
(840, '120001-4282-2008', 'hoist', 'gantry gh2-ac', 'guldmann', '', '2009-04-01', '2000-01-01', '2010-03-31', '', '2000-01-01', '', '', '', '0000-00-00'),
(841, 'TBA', 'hoist', 'gantry gh1', 'guldmann', '', '2014-09-02', '2000-01-01', '2015-09-02', 'south west wing', '2000-01-01', '', '', '2.9m gantry system -installed by scott', '0000-00-00'),
(842, '0540', 'vario', '1.6', 'ropox', '', '2006-10-03', '2000-01-01', '2013-09-12', '', '2000-01-01', '', '', '', '0000-00-00'),
(843, '120001-3301-2006', 'hoist', 'gh2', 'guldmann', '', '2006-10-03', '2000-01-01', '2015-07-01', '', '2000-01-01', '', '', '', '0000-00-00'),
(844, '', 'v-amat', 'vamat', 'spahn reha', '', '2006-10-03', '2000-01-01', '2009-12-03', '', '2000-01-01', '', '', '', '0000-00-00'),
(845, '', 'changing bench', 'vario', 'ropox', '', '2006-10-03', '2000-01-01', '2015-07-01', '', '2000-01-01', '', '', '', '0000-00-00'),
(846, 'S265', 'vamat', '', 'spahn reha', '', '2006-10-03', '2000-01-01', '2012-09-20', '', '2000-01-01', '', '', '', '0000-00-00'),
(847, '120001-4723-2007', 'hoist', 'gh2', 'guldmann', '', '2008-01-16', '2000-01-01', '2009-01-15', 'the beeches', '2000-01-01', '', '', '', '0000-00-00'),
(848, '4025560-100', 'changing bench', 'vario', 'ropox', '', '2005-10-20', '2000-01-01', '2009-09-15', 'bonnington', '2000-01-01', '', '', '', '0000-00-00'),
(849, '120001-0230-2001', 'hoist', 'gh2', 'guldmann', '', '2002-03-29', '2000-01-01', '2017-02-01', '', '2000-01-01', '', '', 'device already serviced by another agent service date moved forward a year...dawn', '0000-00-00'),
(850, '120001-1356-2002', 'hoist', 'gh2', 'guldmann', '', '2002-03-29', '2000-01-01', '2017-02-01', '', '2000-01-01', '', '', 'device already serviced by another agent service date moved forward a year....dawn', '0000-00-00'),
(851, '27-1000', 'v-amat', 'v-amat', 'spahn reha', '', '2004-01-01', '2000-01-01', '2000-01-01', '', '2000-01-01', '', '', '', '0000-00-00'),
(852, '120001-2263-2007', 'hoist', 'gh2', 'guldmann', '', '2009-09-30', '2000-01-01', '2011-06-09', '', '2000-01-01', '', '', '', '0000-00-00'),
(853, '120001-4308-2005', 'hoist', 'gh2', 'guldmann', '', '2005-12-15', '2000-01-01', '2017-01-01', '', '2000-01-01', '', '', 'device already serviced by another agent service date moved forward a year....dawn', '0000-00-00'),
(854, '120001-3909-2003', 'hoist', 'gh2', 'guldmann', '', '2004-03-22', '2000-01-01', '2015-03-09', 'care abbey', '2000-01-01', '', '', '', '0000-00-00'),
(855, '36-1000', 'bathtub', 'k2', 'beka', '', '2004-03-22', '2000-01-01', '2005-03-22', 'care abbey', '2000-01-01', '', '', '', '0000-00-00'),
(856, '37-1000', 'shower trolley', 'multicare', 'beka', '', '2004-03-22', '2000-01-01', '2005-03-22', 'care abbey', '2000-01-01', '', '', '', '0000-00-00'),
(857, '120001-3908-2003', 'hoist', 'gh2', 'guldmann', '', '2003-02-26', '2000-01-01', '2014-10-17', 'care abbey', '2000-01-01', '', '', '', '0000-00-00'),
(858, '15639', 'gh3', '6m x 4m room cover on b rails', 'guldmann', '', '2011-06-22', '2000-01-01', '2012-06-21', '93 killarden heights', '2000-01-01', '', '', '', '0000-00-00'),
(859, '15579', 'hoist', 'gh3 200 110 0000', 'guldmann', '', '2011-04-14', '2000-01-01', '2012-04-13', '28 kilcronan crescent', '2000-01-01', '', '', '', '0000-00-00'),
(860, '211115689', 'screen', 'nightingale 5 section', 'eganmed', '', '2011-04-14', '2000-01-01', '2012-04-13', '28 kilcronan crescent', '2000-01-01', '', '', '', '0000-00-00'),
(861, '211115689', 'shower trolley', 'sina', 'beka', '', '2011-04-14', '2000-01-01', '2012-04-13', '28 kilcronan crescent', '2000-01-01', '', '', '', '0000-00-00'),
(862, '3584111', 'k3', 'bath tub', 'beka', '', '2012-03-23', '2000-01-01', '2013-03-22', 'malahide road', '2000-01-01', '', '', '', '0000-00-00'),
(863, '120001-3347-2003', 'hoist', 'gh2', 'guldmann', '', '2003-11-20', '2000-01-01', '2012-09-12', '', '2000-01-01', '', '', '', '0000-00-00'),
(864, '115-1000', 'shower bed', 'aqualine', 'ropox', '', '2006-05-17', '2000-01-01', '2014-06-06', '', '2000-01-01', '', '', '', '0000-00-00'),
(865, '0239.04.09', 'bathtub', 'k2', 'beka', '', '2009-03-05', '2016-03-09', '2016-09-04', 'st. mary''s orthopaedic hospital', '2000-01-01', '', '', '04/09/2015 bath thoroughly serviced', '0000-00-00'),
(866, '120001-3413-2004', 'hoist', 'gh2', 'guldmann', '', '2004-12-17', '2000-01-01', '2011-09-20', 'lota,', '2008-10-24', '', '', '', '0000-00-00'),
(867, '120001-2087-2004', 'hoist', 'gh2', 'guldmann', '', '2004-07-27', '2000-01-01', '2011-05-04', '', '2000-01-01', '', '', '', '0000-00-00'),
(868, '120001-1336-2005', 'hoist', 'gh2-dc', 'guldmann', '', '2005-09-21', '2000-01-01', '2006-09-21', '', '2000-01-01', '', '', '', '0000-00-00'),
(869, '120001-1014-2007', 'gh2', '5m straight track', 'guldmann', '', '2014-05-01', '2000-01-01', '2017-02-01', '', '2000-01-01', '', '', 'device already serviced by another agent service date moved forward a year...dawn', '0000-00-00'),
(870, '120001-0465-2004', 'hoist', 'gh2', 'guldmann', '', '2004-02-11', '2000-01-01', '2013-11-09', '', '2000-01-01', '', '', '', '0000-00-00');
INSERT INTO `stock` (`stockid`, `serialid`, `name`, `model`, `manufacturer`, `product_description`, `installation_date`, `inspection_date`, `service_date`, `location`, `contract_renewal_date`, `contract_type`, `funded_by`, `last_results`, `next_service`) VALUES
(871, '08398', 'hoist', 'gh3 200 110 0000', 'guldmann', '', '2011-03-21', '2000-01-01', '2013-09-26', 'phoenix lodge', '2000-01-01', '', '', '', '0000-00-00'),
(872, '120001-1659-2007', 'hoist', 'gh2', 'guldmann', '', '2007-03-14', '2000-01-01', '2013-07-02', '', '2000-01-01', '', '', '', '0000-00-00'),
(873, '120001-1230-2007', 'hoist', 'gh2', 'guldmann', '', '2007-02-06', '2000-01-01', '2010-10-01', '', '2000-01-01', '', '', '', '0000-00-00'),
(874, '0032-0502', 'hoist', 'gl3', 'guldmann', '', '2003-01-01', '2000-01-01', '2006-06-10', 'woodvale rd', '2000-01-01', '', '', '', '0000-00-00'),
(875, '0360.41', 'k2', 'k2-spa', 'beka', '', '2011-11-17', '2000-01-01', '2012-11-16', 'portrane road', '2000-01-01', '', '', '', '0000-00-00'),
(876, '', 'stairlift', 'hw-10', 'hawle', '', '2006-06-16', '2000-01-01', '2000-01-01', '', '2000-01-01', '', '', '', '0000-00-00'),
(877, '120001-3648', 'gh2', '5m x4m onto 4m x 3m double', 'guldmann', '', '2011-03-01', '2000-01-01', '2012-03-01', '', '2000-01-01', '', '', '', '0000-00-00'),
(878, '0458.48.09', 'avero', 'avero classic', 'beka', '', '2011-03-01', '2000-01-01', '2012-03-01', '', '2000-01-01', '', '', '', '0000-00-00'),
(879, '', 'screens', '9 section white', 'silentia', '', '2009-04-22', '2000-01-01', '2000-01-01', 'st mary''s rd', '2000-01-01', '', '', '', '0000-00-00'),
(880, '120001-4517-2007', 'hoist', 'gh2', 'guldmann', '', '2008-03-20', '2000-01-01', '2014-01-29', 'st mary''s rd', '2000-01-01', '', '', '', '0000-00-00'),
(881, '120001-4516-2007', 'hoist', 'gh2', 'guldmann', '', '2008-03-20', '2000-01-01', '2014-03-04', 'st mary''s rd', '2000-01-01', '', '', '', '0000-00-00'),
(882, '120001-4513-2007', 'hoist', 'gh2', 'guldmann', '', '2008-03-20', '2000-01-01', '2014-03-04', 'st mary''s rd', '2000-01-01', '', '', '', '0000-00-00'),
(883, '120001-0072-2001', 'hoist', 'gh2', 'guldmann', '', '2002-02-01', '2000-01-01', '2014-03-05', 'st mary''s rd', '2000-01-01', '', '', '', '0000-00-00'),
(884, '120001-0074-2001', 'hoist', 'gh2', 'guldmann', '', '2003-01-01', '2000-01-01', '2016-12-04', 'st mary''s rd', '2000-01-01', '', '', '04/12/2015 installed 2 new rails upgrading system to room cover & 13 hoist services', '0000-00-00'),
(885, '120001-0080-2001', 'hoist', 'gh2', 'guldmann', '', '2002-02-01', '2000-01-01', '2014-03-04', 'st mary''s rd', '2000-01-01', '', '', '', '0000-00-00'),
(886, '120001-0081-2001', 'hoist', 'gh2', 'guldmann', '', '2003-01-01', '2000-01-01', '2014-03-04', 'st mary''s rd', '2000-01-01', '', '', '', '0000-00-00'),
(887, '120001-0082-2001', 'hoist', 'gh2', 'guldmann', '', '2002-02-01', '2000-01-01', '2014-12-12', 'st mary''s rd', '2000-01-01', '', '', '', '0000-00-00'),
(888, '120001-1605-2005', 'hoist', 'gh2', 'guldmann', '', '2008-05-28', '2000-01-01', '2014-03-04', 'st mary''s rd', '2000-01-01', '', '', '', '0000-00-00'),
(889, '120001-1606-2005', 'hoist', 'gh2', 'guldmann', '', '2006-02-01', '2000-01-01', '2014-03-04', 'st mary''s rd', '2000-01-01', '', '', '', '0000-00-00'),
(890, '120001-4519-2007', 'hoist', 'gh2', 'guldmann', '', '2008-03-20', '2000-01-01', '2014-03-04', 'st mary''s rd', '2000-01-01', '', '', '', '0000-00-00'),
(891, '4-1000', 'v-amat', 'v-amat', 'spahn reha', '', '2003-01-01', '2000-01-01', '2007-06-28', 'st mary''s rd', '2000-01-01', '', '', '', '0000-00-00'),
(892, '120001-4478-2010', 'hoist', 'gh2 ac', 'guldmann', '', '2011-02-24', '2000-01-01', '2014-03-04', 'st mary''s rd', '2000-01-01', '', '', '', '0000-00-00'),
(893, '120001-4479-2010', 'hoist', 'gh2 ac', 'guldmann', '', '2011-02-24', '2000-01-01', '2014-03-04', 'st mary''s rd', '2000-01-01', '', '', '', '0000-00-00'),
(894, '120001-0640-2003', 'hoist', 'gh2', 'guldmann', '', '2003-04-23', '2000-01-01', '2004-04-22', '', '2000-01-01', '', '', '', '0000-00-00'),
(895, '152-1000', 'v-amat', 'v-amat', 'spahn reha', '', '2007-04-30', '2000-01-01', '2000-01-01', '', '2000-01-01', '', '', '', '0000-00-00'),
(896, '', 'erfi system', '', 'erfi', '', '2013-08-27', '2000-01-01', '2000-01-01', '', '2000-01-01', '', '', '', '0000-00-00'),
(897, 'N401151', 'vario', '1.6', 'ropox', '', '2000-01-01', '2000-01-01', '2015-02-20', '', '2000-01-01', '', '', 'new vario mattress purchased may 2014', '0000-00-00'),
(898, '309110679', 'shower trolley', 'sina', 'beka', '', '2009-02-05', '2000-01-01', '2010-02-05', 'st brendan''s', '2000-01-01', '', '', '', '0000-00-00'),
(899, '120001-1160-2005', 'hoist', 'gh2', 'guldmann', '', '2005-02-25', '2000-01-01', '2011-02-08', 'st brendan''s', '2000-01-01', '', '', '', '0000-00-00'),
(900, '120001-3833-2005', 'hoist', 'gh2', 'guldmann', '', '2005-02-25', '2000-01-01', '2011-02-09', 'st brendan''s', '2000-01-01', '', '', '', '0000-00-00'),
(901, '309110680', 'shower trolley', 'sina', 'beka', '', '2009-02-05', '2000-01-01', '2010-02-05', 'st brendan''s', '2000-01-01', '', '', '', '0000-00-00'),
(902, 'xxxx', 'hoist', 'mobile', 'guldmann', '', '2005-02-25', '2000-01-01', '2011-06-18', 'st brendan''s', '2000-01-01', '', '', '', '0000-00-00'),
(903, '6334', 'v-amat', 'vmat', 'spahn reha', '', '2000-01-01', '2000-01-01', '2016-08-25', '', '2000-01-01', '', '', '25/8/2015 ruiri carried out full service', '0000-00-00'),
(904, '120001-4441-2008', 'hoist', 'gh2', 'guldmann', '', '2008-11-20', '2000-01-01', '2009-11-19', '', '2000-01-01', '', '', '', '0000-00-00'),
(905, '120001-1095-2007', 'hoist', 'gh2', 'guldmann', '', '2007-05-14', '2000-01-01', '2016-03-31', '', '2000-01-01', '', '', '31/3/15 scott and ian did thorough service', '0000-00-00'),
(906, '1883', 'hoist', 'gh2', 'guldmann', '', '2007-05-14', '2000-01-01', '2016-03-31', 'ballyraine industrial estate', '2000-01-01', '', '', '31/3/15 scott and ian carried out full service.', '0000-00-00'),
(907, '120001-1943-2007', 'hoist', 'gh2', 'guldmann', '', '2007-05-14', '2000-01-01', '2015-02-13', 'ballyraine industrial estate', '2000-01-01', '', '', '31/03/15 - this s/n is not matching what the engineer has on his report 1883 - changed fields back and duplicated record', '0000-00-00'),
(908, '0139.16.06', 'bath', 'k2 + spa', 'beka', '', '2007-05-14', '2000-01-01', '2016-03-31', '', '2000-01-01', '', '', '31/3/16 ian and scott did full service', '0000-00-00'),
(909, '120001-2567-2008', 'hoist', 'gh2-dc', 'guldmann', '', '2008-09-18', '2016-03-17', '2016-09-17', 'seamus quirke rd', '2000-01-01', '', '', '17/9/2015 installed ip rated box iwht plug in charging system and 2 batteries', '0000-00-00'),
(910, '0176', 'vario 1.6', 'vario', 'ropox', '', '2003-01-01', '2000-01-01', '2014-12-16', 'abbeydorney', '2000-01-01', '', '', '', '0000-00-00'),
(911, '', 'stairlift', 'hw-10', 'hawle', '', '2006-08-29', '2000-01-01', '2000-01-01', '', '2000-01-01', '', '', '', '0000-00-00'),
(912, '', 'screens', '15 sec. h1.85, l 3.75', 'silentia', '', '2008-04-11', '2000-01-01', '2000-01-01', 'meenanillar', '2010-03-08', '', '', '', '0000-00-00'),
(913, '120001-2726-2005', 'hoist', 'gh2-dc', 'guldmann', '', '2008-04-11', '2000-01-01', '2016-02-06', 'meenanillar', '2000-01-01', '', '', 'full inspection and load test carried out by scott and ian 31/3/15', '0000-00-00'),
(914, '120001-2152-2007', 'hoist', 'gh2-dc', 'guldmann', '', '2009-02-18', '2000-01-01', '2016-02-06', 'meenanillar', '2000-01-01', '', '', '31/3/15 full inspectoion and load test carried out by scott and ian', '0000-00-00'),
(915, '120001-3111-2008', 'hoist', 'gh2-dc', 'guldmann', '', '2009-02-19', '2000-01-01', '2016-02-06', 'meenanillar', '2000-01-01', '', '', 'thorough inspection carried out and load test  by scott and ian  31/3/15', '0000-00-00'),
(916, '168-1000', 'bathtub', 'sanus', 'beka', '', '2007-11-15', '2000-01-01', '2008-11-15', '', '2000-01-01', '', '', '', '0000-00-00'),
(917, '77-1000', 'bathtub', 'k2', 'beka', '', '2005-12-06', '2000-01-01', '2013-04-24', '', '2000-01-01', '', '', '', '0000-00-00'),
(918, '0742', 'bathtub', 'sonas', 'beka', '', '2005-12-06', '2000-01-01', '2013-04-24', '', '2000-01-01', '', '', '', '0000-00-00'),
(919, '2009100164-0001', 'bed', 'stetica', 'wi-bo', '', '2015-09-20', '2000-01-01', '2015-12-12', '', '2000-01-01', '', '', '12/12/14 supplied wibo stetica bed and new mattrass', '0000-00-00'),
(920, '120001-2060-2004', 'hoist', 'gh2-dc', 'guldmann', '', '2005-01-30', '2000-01-01', '2008-10-18', 'activation unit', '2000-01-01', '', '', '', '0000-00-00'),
(921, '3160', 'v-amat', 'vamat', 'spahn reha', '', '2011-03-15', '2000-01-01', '2014-09-30', '', '2000-01-01', '', '', '', '0000-00-00'),
(922, '120001-2926-2007', 'hoist', 'gh2', 'guldmann', '', '2007-04-04', '2000-01-01', '2011-09-14', 'st patrick national school', '2000-01-01', '', '', '', '0000-00-00'),
(923, '120001-1224-2007', 'hoist', 'gh2', 'guldmann', '', '2007-04-04', '2000-01-01', '2011-09-14', 'st patrick national school', '2000-01-01', '', '', '', '0000-00-00'),
(924, 'N41-3329', 'changing bench', 'vario 1.6', 'ropox', '', '2015-09-02', '2000-01-01', '2016-09-02', 'grace park', '2000-01-01', '', '', '02/09/2015 deliver and install vario 1.6 and mattress', '0000-00-00'),
(925, '120001-2636-2004', 'hoist', 'gh2', 'guldmann', '', '2004-10-13', '2000-01-01', '2015-03-20', 'fia nua house 1', '2000-01-01', '', '', '', '0000-00-00'),
(926, '120001-4280-2008', 'hoist', 'gh2 ac', 'guldmann', '', '2008-08-11', '2000-01-01', '2016-11-10', 'ballynagarra', '2000-01-01', '', '', '10/11/2015 - thorough service carried out.', '0000-00-00'),
(927, '103606556', 'changing bench', 'vario', 'ropox', '', '2003-03-29', '2000-01-01', '2014-03-19', 'ballynagarra', '2000-01-01', '', '', '', '0000-00-00'),
(928, '120001-3494-2003', 'hoist', 'gh2', 'guldmann', '', '2004-02-12', '2000-01-01', '2016-11-10', 'ballynagarra', '2000-01-01', '', '', '10/11/2015 - service carried out by ian -', '0000-00-00'),
(929, '120001-xxxx-2009', 'hoist', 'gh2', 'guldmann', '', '2009-08-11', '2000-01-01', '2010-08-10', 'ballynagarra', '2000-01-01', '', '', '', '0000-00-00'),
(930, 'N40-0895', 'changing bench', 'vario', 'ropox', '', '2010-05-19', '2000-01-01', '2014-03-19', 'ballynagarra', '2000-01-01', '', '', '', '0000-00-00'),
(931, '120001-0792-2003', 'hoist', 'gh2', 'guldmann', '', '2003-05-08', '2000-01-01', '2007-03-08', 'independent living unit, stockman''s lane', '2000-01-01', '', '', '', '0000-00-00'),
(932, '0720-1000', 'changing bench', 'vario', 'ropox', '', '2005-10-20', '2000-01-01', '2015-10-24', 'sp3', '2000-01-01', '', '', '19/08/2015 johnrrepaired the bench, was slipping - handset lead was obstructing the table', '0000-00-00'),
(933, '239295', 'chair', 'cura', 'cura seating', '', '2014-01-24', '2000-01-01', '2015-01-24', 'st. michael''s', '2000-01-01', '', '', '', '0000-00-00'),
(934, '56876', 'hoist', 'gh1', 'guldmann', '', '2012-05-28', '2000-01-01', '2014-06-05', 'renmore', '2000-01-01', '', '', '', '0000-00-00'),
(935, '56877', 'hoist', 'gh3', 'guldmann', '', '2012-05-28', '2000-01-01', '2014-06-05', 'renmore', '2000-01-01', '', '', '', '0000-00-00'),
(936, '0692.39.11', 'avero classic', 'classic', 'beka', '', '2011-10-11', '2000-01-01', '2012-10-10', 'st michaels bungalow', '2000-01-01', '', '', '', '0000-00-00'),
(937, '120001-3162-2003', 'hoist', 'gh2', 'guldmann', '', '2003-10-01', '2000-01-01', '2014-12-09', 'john paul centre', '2000-01-01', '', '', '', '0000-00-00'),
(938, '', 'chair', 'cura', 'cura seating', '', '2013-11-11', '2000-01-01', '2014-11-11', 'st michael''s', '2000-01-01', '', '', '', '0000-00-00'),
(939, '120001-1088-2008', 'hoist', 'gh2-dc', 'guldmann', '', '2014-04-02', '2000-01-01', '2015-04-02', 'eden house', '2000-01-01', '', '', '04/11/14 mariusz carried our full repair, combi lock blocked up by a large amount of dust', '0000-00-00'),
(940, '120001-3058-2004', 'hoist', 'gh2-dc', 'guldmann', '', '2004-11-29', '2000-01-01', '2015-04-02', 'shalom', '2000-01-01', '', '', '', '0000-00-00'),
(941, '120001-4293-2006', 'hoist', 'gh2-dc', 'guldmann', '', '2006-12-09', '2000-01-01', '2015-04-02', 'shalom', '2000-01-01', '', '', '', '0000-00-00'),
(942, '120001-3163-2003', 'hoist', 'gh2', 'guldmann', '', '2003-10-02', '2000-01-01', '2015-04-03', 'john paul centre', '2000-01-01', '', '', 'hoist checked due to water damage, no problems, all tested', '0000-00-00'),
(943, '', 'chair', 'cura', 'cura seating', '', '2013-12-11', '2000-01-01', '2014-12-11', 'john paul services', '2000-01-01', '', '', 'ref: christine kelly', '0000-00-00'),
(944, '120001-4277-2006', 'hoist', 'gh2-dc', 'guldmann', '', '2006-12-09', '2000-01-01', '2015-04-02', 'shalom', '2000-01-01', '', '', '', '0000-00-00'),
(945, '141-1000', 'hoist', 'gh2-dc', 'guldmann', '', '2006-12-04', '2000-01-01', '2007-12-04', 'john paul centre', '2000-01-01', '', '', '', '0000-00-00'),
(946, '56875', 'hoist', 'gh3', 'guldmann', '', '2012-05-28', '2000-01-01', '2014-06-05', 'renmore', '2000-01-01', '', '', '', '0000-00-00'),
(947, '1052-2004', 'guldmann hoist', 'switch track', 'guldmann', '', '2000-01-01', '2000-01-01', '2015-03-20', 'st agnes house', '2000-01-01', '', '', '', '0000-00-00'),
(948, '', 'chair', 'wheelchair', 'cura seating', '', '2015-02-19', '2000-01-01', '2016-02-19', '', '2000-01-01', '', '', 'cura chair delivered 19/2/2015', '0000-00-00'),
(949, '', 'chair', 'wheelchair', 'cura seating', '', '2013-11-12', '2000-01-01', '2014-11-12', '', '2000-01-01', '', '', 'ref: brian costello', '0000-00-00'),
(950, '120001-1016-2007', 'hoist', 'gh2', 'guldmann', '', '2007-01-19', '2000-01-01', '2015-04-03', 'st stephen''s', '2000-01-01', '', '', '', '0000-00-00'),
(951, '120001-1017-2007', 'hoist', 'gh2', 'guldmann', '', '2008-01-19', '2000-01-01', '2015-04-03', 'st stephen''s', '2000-01-01', '', '', '', '0000-00-00'),
(952, '120001-1019-2007', 'hoist', 'gh2', 'guldmann', '', '2007-01-19', '2000-01-01', '2015-04-24', 'st michael''s house', '2000-01-01', '', '', '', '0000-00-00'),
(953, '29-1000', 'changing bench', 'bench', 'ropox', '', '2004-01-22', '2000-01-01', '2010-03-06', 'st. michaels', '2000-01-01', '', '', '', '0000-00-00'),
(954, '120001-1743-2004', 'hoist', 'gh2', 'guldmann', '', '2004-07-07', '2000-01-01', '2015-07-30', 'st. agnes', '2015-07-30', '', '', '23/9/14 ian replaced end covers, requires new pick up and needs new charge station', '0000-00-00'),
(955, '120001-3150-2007', 'hoist', 'gh2', 'guldmann', '', '2007-08-01', '2000-01-01', '2015-04-02', 'st peters', '2000-01-01', '', '', '', '0000-00-00'),
(956, '120001-0639-2003', 'hoist', 'gh2', 'guldmann', '', '2003-09-26', '2000-01-01', '2015-04-02', 'bathroom st. michael''s', '2000-01-01', '', '', '', '0000-00-00'),
(957, '120001-4534-2007', 'hoist', 'gh2-dc', 'guldmann', '', '2007-12-18', '2000-01-01', '2015-04-02', 'shalom house', '2000-01-01', '', '', '', '0000-00-00'),
(958, '120001-3471-2003', 'hoist', 'gh2-powerdrive', 'guldmann', '', '2003-10-01', '2000-01-01', '2015-04-02', 'st. peters', '2000-01-01', '', '', '', '0000-00-00'),
(959, '113461-1069-2007', 'digital scales', '250kg', 'guldmann', '', '2007-01-01', '2000-01-01', '2014-06-05', 'st peters ward', '2000-01-01', '', '', '', '0000-00-00'),
(960, '120001-1090-2009', 'hoist', 'gh2', 'guldmann', '', '2010-02-16', '2000-01-01', '2014-02-15', 'st michaels bungalow', '2000-01-01', '', '', '', '0000-00-00'),
(961, '18-1000', 'hoist', 'gh2', 'guldmann', '', '2003-09-26', '2000-01-01', '2004-09-25', 'bathroom st. agne''s', '2000-01-01', '', '', '', '0000-00-00'),
(962, '120001-1746-2004', 'hoist', 'gh2', 'guldmann', '', '2004-07-07', '2000-01-01', '2015-04-02', 'st. agnes', '2000-01-01', '', '', '', '0000-00-00'),
(963, 'xxxx', 'bed', 'sentida', 'wi-bo', '', '2010-07-01', '2000-01-01', '2011-06-30', 'john paul centre', '2000-01-01', '', '', '', '0000-00-00'),
(964, '120001-4533-2007', 'hoist', 'gh2-dc', 'guldmann', '', '2008-02-08', '2000-01-01', '2015-04-02', 'eden house', '2000-01-01', '', '', 'scott replaced handset', '0000-00-00'),
(965, '120001-4539-2007', 'hoist', 'gh2-dc', 'guldmann', '', '2008-02-08', '2000-01-01', '2015-03-28', 'eden house', '2000-01-01', '', '', 'replaced the handset', '0000-00-00'),
(966, '120001-2661-2002', 'hoist', 'gh2-dc', 'guldmann', '', '2004-01-22', '2000-01-01', '2014-11-09', 'st. michaels house', '2000-01-01', '', '', '', '0000-00-00'),
(967, '120001-1018-2007', 'hoist', 'gh2', 'guldmann', '', '2007-01-19', '2000-01-01', '2015-04-03', 'st stephen''s', '2000-01-01', '', '', '', '0000-00-00'),
(968, 'N40-0979', 'shower bed', 'aqualine 1.4', 'ropox', '', '2012-01-24', '2000-01-01', '2013-01-23', 'stepping stones', '2000-01-01', '', '', '', '0000-00-00'),
(969, '0100', 'changing bench', 'vario', 'ropox', '', '2004-07-06', '2000-01-01', '2011-02-01', 'stepping stones', '2000-01-01', '', '', '', '0000-00-00'),
(970, '120001-1589-2004-0', 'hoist', 'gh2', 'guldmann', '', '2004-07-06', '2000-01-01', '2013-01-23', 'stepping stones', '2000-01-01', '', '', '', '0000-00-00'),
(971, '52-1000', 'hoist', 'gh2-dc', 'guldmann', '', '2005-03-23', '2000-01-01', '2006-03-23', '', '2000-01-01', '', '', '', '0000-00-00'),
(972, '', 'stairlift', '140 deluxe', 'meditek', '', '2006-11-20', '2000-01-01', '2000-01-01', 'templeogue', '2000-01-01', '', '', '', '0000-00-00'),
(973, 'N40-1141', '1.6m aqualine', 'aqualine', 'ropox', '', '2012-08-21', '2000-01-01', '2014-11-01', 'enniskeane', '2000-01-01', '', '', '', '0000-00-00'),
(974, '56935', '3m straight track', 'gh1', 'guldmann', '', '2012-08-21', '2000-01-01', '2013-08-21', 'enniskeane', '2000-01-01', '', '', '', '0000-00-00'),
(975, '120001-1025-2007', 'hoist', 'gh2', 'guldmann', '', '2007-02-20', '2000-01-01', '2016-03-30', '', '2000-01-01', '', '', '30/3/15 scott and ian carried out full service', '0000-00-00'),
(976, '120001-0110-2006', 'hoist', 'mobile', 'guldmann', '', '2000-01-01', '2000-01-01', '2016-03-30', '', '2000-01-01', '', '', '30/3/2015 actuator and legs may also need replacing , test to be completed once new batteries and motor have been installed.', '0000-00-00'),
(977, 'N41-3253', 'nursing table', 'vario', 'ropox', '', '2014-09-18', '2000-01-01', '2015-09-18', 'togher', '2000-01-01', '', '', '18/09/2014  installation of vario bench', '0000-00-00'),
(978, '', 'stairlift', 'hw-10', 'hawle', '', '2006-11-11', '2000-01-01', '2000-01-01', '', '2000-01-01', '', '', '', '0000-00-00'),
(979, '', 'eganmed screens', '9 panel', 'eganmed', '', '2015-04-23', '2000-01-01', '2016-04-23', '', '2016-04-23', '', '', '23/4/15 scott and ian installed screen', '0000-00-00'),
(980, '', 'erfi system', '', 'erfi', '', '2013-08-28', '2000-01-01', '2000-01-01', '', '2000-01-01', '', '', '', '0000-00-00'),
(981, '', 'changing bench', 'vario', 'spahn reha', '', '2008-09-24', '2000-01-01', '2011-03-07', '', '2000-01-01', '', '', '', '0000-00-00'),
(982, '', 'stairlift', '140 deluxe', 'meditek', '', '2006-07-03', '2000-01-01', '2000-01-01', '', '2000-01-01', '', '', '', '0000-00-00'),
(983, '120001-4137-2008', 'hoist', 'gh2-dc', 'guldmann', '', '2009-12-14', '2000-01-01', '2010-12-13', '', '2000-01-01', '', '', '', '0000-00-00'),
(984, '120001-2981-2003', 'hoist', 'gh2', 'guldmann', '', '2004-04-14', '2000-01-01', '2006-07-26', '', '2000-01-01', '', '', '', '0000-00-00'),
(985, '120001-1733-2002', 'hoist', 'gh2', 'guldmann', '', '2002-07-30', '2000-01-01', '2009-03-12', 'drumraymond house', '2000-01-01', '', '', '', '0000-00-00'),
(986, '12071-1196-2001', 'hoist', 'gl3', 'guldmann', '', '2002-07-30', '2000-01-01', '2006-10-18', 'drumraymond house', '2000-01-01', '', '', '', '0000-00-00'),
(987, '137-1000', 'bathtub', 'k2', 'beka', '', '2006-08-24', '2000-01-01', '2007-08-24', '', '2000-01-01', '', '', '', '0000-00-00'),
(988, '120001-0178-2004', 'hoist', 'gh2', 'guldmann', '', '2008-06-07', '2000-01-01', '2009-05-15', 'ardeen cheshire home', '2000-01-01', '', '', '', '0000-00-00'),
(989, '120001-4125-2008', 'hoist', 'gh2-dc', 'guldmann', '', '2008-10-07', '2000-01-01', '2009-10-07', 'ardeen cheshire home', '2000-01-01', '', '', '', '0000-00-00'),
(990, '120001-1082-2007', 'hoist', 'gh2', 'guldmann', '', '2007-05-21', '2000-01-01', '2016-09-24', 'st. gabriels ward', '2000-01-01', '', '', '24/9/15 - ian carried out full service', '0000-00-00'),
(991, '120001-1083-2007', 'hoist', 'gh2-dc', 'guldmann', '', '2007-05-21', '2000-01-01', '2016-09-24', 'st. gabriels ward', '2000-01-01', '', '', '24/09/2015 ian carried out full service', '0000-00-00'),
(992, '163-1000', 'shower bed', 'vario', 'ropox', '', '2007-09-13', '2000-01-01', '2008-09-13', '', '2000-01-01', '', '', '', '0000-00-00'),
(993, '120001-0368-2004', 'hoist', 'gh2', 'guldmann', '', '2004-03-05', '2000-01-01', '2008-06-12', 'room 4', '2000-01-01', '', '', '', '0000-00-00'),
(994, '120001-0463-2004', 'hoist', 'gh2', 'guldmann', '', '2004-03-05', '2000-01-01', '2008-06-12', 'room 10', '2000-01-01', '', '', '', '0000-00-00'),
(995, '120001-1336-2004', 'hoist', 'gh2', 'guldmann', '', '2007-01-11', '2000-01-01', '2008-06-12', 'room 1', '2000-01-01', '', '', '', '0000-00-00'),
(996, '120001-2079-2004', 'hoist', 'gh2', 'guldmann', '', '2004-08-23', '2000-01-01', '2008-06-12', 'room 2', '2000-01-01', '', '', '', '0000-00-00'),
(997, '120001-2085-2004', 'hoist', 'gh2', 'guldmann', '', '2004-03-05', '2000-01-01', '2008-06-12', 'room 3', '2000-01-01', '', '', '', '0000-00-00'),
(998, '120001-2117-2004', 'hoist', 'gh2', 'guldmann', '', '2004-08-25', '2000-01-01', '2008-06-12', 'room 12', '2000-01-01', '', '', '', '0000-00-00'),
(999, '120001-2685-2004', 'hoist', 'gh2', 'guldmann', '', '2004-03-05', '2000-01-01', '2008-06-12', 'room 8', '2000-01-01', '', '', '', '0000-00-00'),
(1000, '120001-2982-2003', 'hoist', 'gh2', 'guldmann', '', '2004-03-05', '2000-01-01', '2008-06-12', 'room 7', '2000-01-01', '', '', '', '0000-00-00'),
(1001, '120001-3411-2004', 'hoist', 'gh2', 'guldmann', '', '2005-03-01', '2000-01-01', '2012-05-03', '', '2000-01-01', '', '', '', '0000-00-00'),
(1002, '170', 'sunrise oxford', 'mobile', '', '', '2000-01-01', '2000-01-01', '2016-09-09', 'bantry road', '2000-01-01', '', '', '9/9/2015 serviced by ian - new castor required with brake', '0000-00-00'),
(1003, '170', 'sunrise oxford', '', '', '', '2000-01-01', '2000-01-01', '2015-09-09', 'bantry road', '2000-01-01', '', '', '9/9/2015 serviced by ian - 2 new rear wheels with brakes required', '0000-00-00'),
(1004, '140', 'sunrise oxford', '', '', '', '2000-01-01', '2000-01-01', '2016-09-09', 'bantry road', '2000-01-01', '', '', '09/09/2015 serviced by ian', '0000-00-00'),
(1005, '3356-2008', 'gh2 dc', 'gh2 dc', 'guldmann', '', '2008-09-29', '2000-01-01', '2016-07-30', '30 westbourne terrace-john maguire', '2000-01-01', '', '', '01/12/2015 cleaned pick up repair by ian', '0000-00-00'),
(1006, '3209L10055', 'hoist', 'pool', 'beka', '', '2009-08-13', '2000-01-01', '2014-12-09', 'attfinlay', '2000-01-01', '', '', '', '0000-00-00'),
(1007, '91-1000', 'changing bench', 'vario', 'ropox', '', '2006-03-02', '2000-01-01', '2007-03-02', 'duagh', '2000-01-01', '', '', '', '0000-00-00'),
(1008, '', 'stairlift', 'hw-10', 'hawle', '', '2006-10-10', '2000-01-01', '2000-01-01', '', '2000-01-01', '', '', '', '0000-00-00'),
(1009, 'xxxx', 'hoist', 'gl3 - mobile', 'guldmann', '', '2010-12-14', '2000-01-01', '2011-12-13', 'rathcoole', '2000-01-01', '', '', '', '0000-00-00'),
(1010, '120001-2173-2008', 'hoist', 'gh2', 'guldmann', '', '2008-04-08', '2000-01-01', '2016-05-12', 'old conaught avenue', '2000-01-01', '', '', '15/5/15 full service carried out batteries tested ok', '0000-00-00'),
(1011, '63999', 'hoist', 'gh1', 'guldmann', '', '2014-11-10', '2000-01-01', '2015-11-10', '', '2000-01-01', '', '', '10/11/14 mariusz, scott, ian did 3m x3m instalation, b rail, 4 wall profiles', '0000-00-00'),
(1012, '15-1000-3979', 'v-amat', 'v-amat', 'spahn reha', '', '2003-08-05', '2000-01-01', '2015-09-16', 'westcourt', '2000-01-01', '', '', '27/7/15 - ruairi went to repair vamat but advised new seals and new element required', '0000-00-00'),
(1013, '120001-2394-2008', 'hoist', 'gh2-dc', 'guldmann', '', '2008-09-04', '2000-01-01', '2013-04-24', 'classroom 14', '2000-01-01', '', '', '', '0000-00-00'),
(1014, '120001-2393-2008', 'hoist', 'gh2-dc', 'guldmann', '', '2008-09-04', '2000-01-01', '2013-04-24', 'shower room', '2000-01-01', '', '', '', '0000-00-00'),
(1015, '120001-1836-2008', 'hoist', 'gh2-dc', 'guldmann', '', '2008-09-04', '2000-01-01', '2013-04-24', '', '2000-01-01', '', '', '', '0000-00-00'),
(1016, 'needtogobackforthis', 'changing bench', 'vario', 'ropox', '', '2008-09-04', '2000-01-01', '2013-04-24', 'shower room', '2000-01-01', '', '', '', '0000-00-00'),
(1017, 'needtogobackforthis', 'flexi wash basin', 'vario', 'ropox', '', '2008-09-23', '2000-01-01', '2009-09-04', 'shower room', '2000-01-01', '', '', '', '0000-00-00'),
(1018, '12000-2845-2007', 'hoist', 'gh2', 'guldmann', '', '2007-10-23', '2000-01-01', '2008-10-23', '', '2000-01-01', '', '', '', '0000-00-00'),
(1019, '120001-1115-2008', 'hoist', 'gh2 f', 'guldmann', '', '2008-08-27', '2000-01-01', '2010-09-10', 'balgaddy', '2000-01-01', '', '', '', '0000-00-00'),
(1020, '120001-1116-2008', 'hoist', 'gh2 f', 'guldmann', '', '2008-08-27', '2000-01-01', '2010-09-10', 'balgaddy', '2000-01-01', '', '', '', '0000-00-00'),
(1021, '12461-2048-2008', 'flexi trolley anchor', 'gh2 f', 'guldmann', '', '2008-08-27', '2000-01-01', '2009-08-27', 'a.0.04 (block a, floor 0, room 4)', '2000-01-01', '', '', '', '0000-00-00'),
(1022, '12461-2058-2008', 'flexi trolley anchor', 'gh2 f', 'guldmann', '', '2008-08-27', '2000-01-01', '2009-08-27', 'b.0.02 (block b, floor 0, room 2)', '2000-01-01', '', '', '', '0000-00-00'),
(1023, '12461-2054-2008', 'flexi trolley anchor', 'gh2 f', 'guldmann', '', '2008-08-27', '2000-01-01', '2009-08-27', 'b.0.04 (block b, floor 0, room 4)', '2000-01-01', '', '', '', '0000-00-00'),
(1024, '12461-2056-2008', 'flexi trolley anchor', 'gh2 f', 'guldmann', '', '2008-08-27', '2000-01-01', '2009-08-27', 'c.0.04 (block c, floor 0, room 4)', '2000-01-01', '', '', '', '0000-00-00'),
(1025, '12461-2050-2008', 'flexi trolley anchor', 'gh2 f', 'guldmann', '', '2008-08-27', '2000-01-01', '2009-08-27', 'c.0.05a (block c, floor 0, room 5a)', '2000-01-01', '', '', '', '0000-00-00'),
(1026, '12461-2057-2008', 'flexi trolley anchor', 'gh2 f', 'guldmann', '', '2008-08-27', '2000-01-01', '2009-08-27', 'c.0.06a', '2000-01-01', '', '', '', '0000-00-00'),
(1027, '12461-2061-2008', 'flexi trolley anchor', 'gh2 f', 'guldmann', '', '2008-08-27', '2000-01-01', '2009-08-27', 'c.0.07a', '2000-01-01', '', '', '', '0000-00-00'),
(1028, '12461-2059-2008', 'flexi trolley anchor', 'gh2 f', 'guldmann', '', '2008-08-27', '2000-01-01', '2009-08-27', 'c.1.09', '2000-01-01', '', '', '', '0000-00-00'),
(1029, '12461-2063-2008', 'flexi trolley anchor', 'gh2 f', 'guldmann', '', '2008-08-27', '2000-01-01', '2009-08-27', 'c.1.08', '2000-01-01', '', '', '', '0000-00-00'),
(1030, '12461-2051-2008', 'flexi trolley anchor', 'gh2 f', 'guldmann', '', '2008-08-27', '2000-01-01', '2009-08-27', 'c.1.06', '2000-01-01', '', '', '', '0000-00-00'),
(1031, '12461-2049-2008', 'flexi trolley anchor', 'gh2 f', 'guldmann', '', '2008-08-27', '2000-01-01', '2009-08-27', 'b.1.09', '2000-01-01', '', '', '', '0000-00-00'),
(1032, '12461-2055-2008', 'flexi trolley anchor', 'gh2 f', 'guldmann', '', '2008-08-27', '2000-01-01', '2009-08-27', 'b.1.04', '2000-01-01', '', '', '', '0000-00-00'),
(1033, '12461-2064-2008', 'flexi trolley anchor', 'gh2 f', 'guldmann', '', '2008-08-27', '2000-01-01', '2009-08-27', 'b.1.03', '2000-01-01', '', '', '', '0000-00-00'),
(1034, '12461-2048-2008', 'flexi trolley anchor', 'gh2 f', 'guldmann', '', '2008-08-27', '2000-01-01', '2009-08-27', 'a.2.03', '2000-01-01', '', '', '', '0000-00-00'),
(1035, '12461-2053-2008', 'flexi trolley anchor', 'gh2 f', 'guldmann', '', '2008-08-27', '2000-01-01', '2009-08-27', 'b.2.02', '2000-01-01', '', '', '', '0000-00-00'),
(1036, '12461-2060-2008', 'flexi trolley anchor', 'gh2 f', 'guldmann', '', '2008-08-27', '2000-01-01', '2009-08-27', 'b.2.04', '2000-01-01', '', '', '', '0000-00-00'),
(1037, '12461-2052-2008', 'flexi trolley anchor', 'gh2 f', 'guldmann', '', '2008-08-27', '2000-01-01', '2009-08-27', 'b.2.09', '2000-01-01', '', '', '', '0000-00-00'),
(1038, '120001-3116-2008', 'hoist', 'gh2-dc', 'guldmann', '', '2008-08-27', '2000-01-01', '2010-09-10', 'b.1.02', '2000-01-01', '', '', '', '0000-00-00'),
(1039, '120001-3113-2008', 'hoist', 'gh2-dc', 'guldmann', '', '2008-08-27', '2000-01-01', '2010-09-10', 'b.1.05', '2000-01-01', '', '', '', '0000-00-00'),
(1040, '120001-3121-2008', 'hoist', 'gh2-dc', 'guldmann', '', '2008-08-27', '2000-01-01', '2010-09-10', 'b.1.07', '2000-01-01', '', '', '', '0000-00-00'),
(1041, '120001-3120-2008', 'hoist', 'gh2-dc', 'guldmann', '', '2008-08-27', '2000-01-01', '2010-09-10', 'b.1.10', '2000-01-01', '', '', '', '0000-00-00'),
(1042, '120001-1112-2008', 'hoist', 'gh2f', 'guldmann', '', '2008-08-27', '2000-01-01', '2011-08-13', 'stewarts training and resource center', '2000-01-01', '', '', '', '0000-00-00'),
(1043, '', 'shower chair', 'el-tns', 'hmn', '', '2000-01-01', '2000-01-01', '2008-08-19', '', '2000-01-01', '', '', '', '0000-00-00'),
(1044, '0845.33.07', 'bath', 'fb500e bath', 'beka', '', '2007-09-14', '2000-01-01', '2016-09-30', 'sacred heart school', '2000-01-01', '', '', '30/9/15 ruiri fully serviced the bath', '0000-00-00'),
(1045, '4409160937', 'hoist', 'senta', 'beka', '', '2007-09-14', '2000-01-01', '2016-11-02', 'sacred heart centre', '2000-01-01', '', '', '02/11/2015 thorough service carried out by ruiri', '0000-00-00'),
(1046, '120001-3221-2005', 'hoist', 'gh2-dc', 'guldmann', '', '2005-10-11', '2000-01-01', '2006-10-11', '', '2000-01-01', '', '', '', '0000-00-00'),
(1047, '100481-2497', 'flex step', 'flexstep', 'liftup', '', '2011-02-22', '2000-01-01', '2015-07-17', '', '2000-01-01', '', '', '16/7/14 thorough service carried out by scott', '0000-00-00'),
(1048, '120001-1320-2010', 'hoist', 'gh2', 'guldmann', '', '2010-03-31', '2016-07-29', '2016-01-14', '', '2015-07-10', '', '', '29/9/2015 - inspection carried out by ian, 2 batteries replaced', '0000-00-00'),
(1049, '120001-1335-2010', 'hoist', 'gh2', 'guldmann', '', '2010-03-31', '2000-01-01', '2016-01-14', 'beaufort house', '2015-07-10', '', '', '28/09/2015 - ian carried out full inspection', '0000-00-00'),
(1050, '120001-1317-2010', 'hoist', 'gh2', 'guldmann', '', '2010-03-31', '2000-01-01', '2016-01-14', 'beaufort house', '2015-07-10', '', '', '28/09/2015 - ian carried out full inspection', '0000-00-00'),
(1051, '120001-1342-2010', 'hoist', 'gh2', 'guldmann', '', '2010-03-31', '2000-01-01', '2016-01-14', 'beaufort house', '2015-07-10', '', '', '28/09/2015 - ian carried out full inspection', '0000-00-00'),
(1052, '120001-1326-2010', 'hoist', 'gh2', 'guldmann', '', '2010-03-31', '2000-01-01', '2016-01-14', 'beaufort house', '2015-07-10', '', '', '28/09/2015 - ian carried out full inspection', '0000-00-00'),
(1053, '120001-1327-2010', 'hoist', 'gh2', 'guldmann', '', '2010-03-31', '2000-01-01', '2016-01-14', '', '2015-07-10', '', '', '28/9/2015 inspection carried out by ian,', '0000-00-00'),
(1054, '120001-1323-2010', 'hoist', 'gh2', 'guldmann', '', '2010-03-31', '2000-01-01', '2016-01-14', 'beaufort house', '2015-07-10', '', '', '28/09/2015 - ian carried out full inspection', '0000-00-00'),
(1055, '120001-1329-2010', 'hoist', 'gh2', 'guldmann', '', '2010-03-31', '2000-01-01', '2016-01-14', 'beaufort house', '2015-07-10', '', '', '28/09/2015 - ian carried out full inspection', '0000-00-00'),
(1056, '120001-1316-2010', 'hoist', 'gh2', 'guldmann', '', '2010-03-31', '2000-01-01', '2016-01-14', 'beaufort house', '2015-07-10', '', '', '28/09/2015 - ian carried out full inspection', '0000-00-00'),
(1057, '120001-1314-2010', 'hoist', 'gh2', 'guldmann', '', '2010-03-31', '2000-01-01', '2016-01-14', 'beaufort house', '2015-07-10', '', '', '28/09/2015 - ian carried out full inspection', '0000-00-00'),
(1058, '120001-1345-2010', 'hoist', 'gh2', 'guldmann', '', '2010-03-31', '2000-01-01', '2016-01-14', 'beaufort house', '2015-07-10', '', '', '28/09/2015 - ian carried out full inspection', '0000-00-00'),
(1059, '120001-1332-2010', 'hoist', 'gh2', 'guldmann', '', '2010-03-31', '2000-01-01', '2016-01-14', 'beaufort house', '2015-07-10', '', '', '28/09/2015 - ian carried out full inspection', '0000-00-00'),
(1060, '120001-1333-2010', 'hoist', 'gh2', 'guldmann', '', '2010-03-31', '2000-01-01', '2016-01-14', 'beaufort house', '2015-07-10', '', '', '27/10/2015 hoist thoroughly checked and handset replaced', '0000-00-00'),
(1061, '120001-1319-2010', 'hoist', 'gh2', 'guldmann', '', '2010-03-31', '2000-01-01', '2016-01-14', 'beaufort house', '2015-07-10', '', '', '28/09/2015 - ian carried out full inspection', '0000-00-00'),
(1062, '120001-1315-2010', 'hoist', 'gh2', 'guldmann', '', '2010-03-31', '2000-01-01', '2016-01-14', '', '2015-07-10', '', '', '28/09/15  inspection carried out by ian - batteries replaced', '0000-00-00'),
(1063, '120001-1330-2010', 'hoist', 'gh2', 'guldmann', '', '2010-03-31', '2000-01-01', '2016-01-14', 'beaufort house', '2015-07-10', '', '', '07/01/2016 ian replaced batterys', '0000-00-00'),
(1064, '120001-1311-2010', 'hoist', 'gh2', 'guldmann', '', '2010-04-22', '2000-01-01', '2016-01-14', 'beaufort house', '2015-08-12', '', '', '28/09/2015 - ian carried out full service', '0000-00-00'),
(1065, '120001-2063-2011', 'hoist', 'gh2', 'guldmann', '', '2010-03-31', '2000-01-01', '2012-08-14', '', '2000-01-01', '', '', '', '0000-00-00'),
(1066, '120001-1348-2010', 'hoist', 'gh2-dc', 'guldmann', '', '2010-03-31', '2000-01-01', '2016-01-14', 'beaufort house', '2015-07-10', '', '', '28/09/2015 - ian carried out full inspection', '0000-00-00'),
(1067, '120001-1350-2010', 'hoist', 'gh2-dc', 'guldmann', '', '2010-03-31', '2000-01-01', '2016-01-14', 'beaufort house', '2015-07-10', '', '', '28/09/2015 - ian carried out full inspection', '0000-00-00'),
(1068, '120001-1349-2010', 'hoist', 'gh2-dc', 'guldmann', '', '2010-03-31', '2000-01-01', '2016-01-14', '', '2015-07-10', '', '', '28/9/2015 inspection carried out by ian', '0000-00-00'),
(1069, '120001-1353-2010', 'hoist', 'gh2-dc', 'guldmann', '', '2010-03-31', '2000-01-01', '2011-03-30', '', '2000-01-01', '', '', '', '0000-00-00'),
(1070, '120001-2565-2009', 'hoist', 'gh3', 'guldmann', '', '2010-03-31', '2000-01-01', '2011-03-30', '', '2000-01-01', '', '', '', '0000-00-00'),
(1071, '120001-1340-2010', 'hoist', 'gh4', 'guldmann', '', '2010-03-31', '2000-01-01', '2016-01-14', 'beaufort house', '2015-08-12', '', '', '28/09/2015 - ian carried out full inspection', '0000-00-00'),
(1072, '120001-1337-2010', 'hoist', 'gh6', 'guldmann', '', '2010-03-31', '2000-01-01', '2016-01-14', 'beaufort house', '2000-01-01', '', '', '28/09/2015 - ian carried out full inspection', '0000-00-00'),
(1073, '120001-3883-2003', 'hoist', 'gh2-ac', 'guldmann', '', '2008-04-02', '2000-01-01', '2012-10-26', '', '2000-01-01', '', '', '', '0000-00-00'),
(1074, '', 'nursing table', 'vario', 'ropox', '', '2008-04-02', '2000-01-01', '2009-04-01', '', '2000-01-01', '', '', '', '0000-00-00'),
(1075, '120001-0263-2004', 'hoist', 'gh2-dc', 'guldmann', '', '2004-03-11', '2000-01-01', '2016-06-17', '', '2000-01-01', '', '', '17/8/2015 - replaced hand controller', '0000-00-00'),
(1076, '120001-3473-2010', 'hoist', 'gh2-dc', 'guldmann', '', '2011-04-06', '2000-01-01', '2015-04-03', '', '2000-01-01', '', '', '', '0000-00-00'),
(1077, '146-1000', 'changing bench', 'bench', 'ropox', '', '2007-02-22', '2000-01-01', '2008-02-22', '', '2000-01-01', '', '', '', '0000-00-00'),
(1078, '120001-5026-2006', 'hoist', 'gh2', 'guldmann', '', '2008-03-25', '2000-01-01', '2009-03-24', '7 melrose gardens', '2000-01-01', '', '', '', '0000-00-00'),
(1079, '35776', 'gh1', '3m straight track', 'guldmann', '', '2011-06-02', '2000-01-01', '2014-04-12', '', '2000-01-01', '', '', '', '0000-00-00'),
(1080, 'ropox', 'kitchen', 'bench', 'ropox', '', '2008-10-24', '2000-01-01', '2009-10-23', '', '2000-01-01', '', '', '', '0000-00-00'),
(1081, '120001-1220-2007', 'hoist', 'gh2', 'guldmann', '', '2007-03-07', '2000-01-01', '2008-03-07', '', '2000-01-01', '', '', '', '0000-00-00'),
(1082, '120001-1220-2007-0', 'hoist', 'gh2-dc', 'guldmann', '', '2007-03-22', '2000-01-01', '2017-02-01', '', '2000-01-01', '', '', 'device already service by other agent service date moved forward a year ..dawn', '0000-00-00'),
(1083, '', 'stairlift', '140 deluxe', 'meditek', '', '2006-09-27', '2000-01-01', '2000-01-01', '', '2000-01-01', '', '', '', '0000-00-00'),
(1084, '120001-3356-2008', 'hoist', 'gh2-dc', 'guldmann', '', '2008-09-29', '2000-01-01', '2009-09-28', '30 westbourne', '2000-01-01', '', '', '', '0000-00-00'),
(1085, '120001-0725-2003', 'hoist', 'gh2+2r', 'guldmann', '', '2004-05-31', '2000-01-01', '2000-01-01', '', '2000-01-01', '', '', '', '0000-00-00'),
(1086, '39-1000', 'v-amat', 'v-amat', 'spahn reha', '', '2004-05-31', '2000-01-01', '2006-08-02', '', '2000-01-01', '', '', '', '0000-00-00'),
(1087, '120001-2774-2006', 'hoist', 'gh2-dc', 'guldmann', '', '2006-10-24', '2000-01-01', '2007-10-24', '', '2000-01-01', '', '', '', '0000-00-00'),
(1088, '120001-1382-2002', 'hoist', 'gh2', 'guldmann', '', '2001-12-01', '2000-01-01', '2013-06-22', '', '2000-01-01', '', '', '03/02/16 hse has this serviced so service date moved forward a year.. dawn', '0000-00-00'),
(1089, '200-110-0000-08401', '5m x 2m room cover', 'gh3', 'guldmann', '', '2011-08-31', '2000-01-01', '2016-06-03', '', '2000-01-01', '', '', '03/06/2015 thorough service carried out by ruari', '0000-00-00'),
(1090, 'N410870', 'changing bench', 'hudson', 'ropox', '', '2011-08-31', '2000-01-01', '2016-06-03', '', '2000-01-01', '', '', '3/6/15 ruari serviced changing bench', '0000-00-00'),
(1091, '3.71151E+31', 'flexi worktops', 'kitframe', 'ropox', '', '2007-02-07', '2000-01-01', '2012-02-27', '', '2000-01-01', '', '', '14/9/2015 - replace intelligent box on adjustable sink', '0000-00-00'),
(1092, '166-1000', 'v-amat', 'v-amat', 'spahn reha', '', '2007-09-19', '2000-01-01', '2000-01-01', '', '2000-01-01', '', '', '', '0000-00-00'),
(1093, '155-1000', 'v-amat', 'v-amat', 'spahn reha', '', '2007-05-25', '2000-01-01', '2008-07-25', '', '2000-01-01', '', '', '', '0000-00-00'),
(1094, '140257', 'toilet', 'vamat', 'spahn reha', '', '2015-01-19', '2000-01-01', '2016-01-19', '', '2000-01-01', '', '', 'ian installed vamat, no valve available from hose so could not connect to water, plumber requiredto put a t into water for hose', '0000-00-00'),
(1095, '120001-1036-2007', 'hoist', 'gh2', 'guldmann', '', '2007-04-17', '2000-01-01', '2016-01-13', '', '2000-01-01', '', '', '13/1/2015 mariusz did thorough service', '0000-00-00'),
(1096, '153-1000', 'v-amat', 'v-amat', 'spahn reha', '', '2007-05-04', '2000-01-01', '2000-01-01', '', '2000-01-01', '', '', '', '0000-00-00'),
(1097, '120001-3845-2005', 'hoist', 'gh2-dc', 'guldmann', '', '2005-11-15', '2000-01-01', '2016-11-10', '1 connels road', '2000-01-01', '', '', '10/11/2015 - thorough service carried out by ian', '0000-00-00'),
(1098, '0-066', 'shower bed', '1.8 aqualine', 'ropox', '', '2004-09-07', '2000-01-01', '2011-09-13', '', '2000-01-01', '', '', '', '0000-00-00'),
(1099, '2642', 'sink', 'flexi', 'ropox', '', '2004-09-07', '2000-01-01', '2011-09-13', '', '2000-01-01', '', '', '', '0000-00-00'),
(1100, '120001-2179-2004', 'hoist', 'gh2', 'guldmann', '', '2004-09-07', '2000-01-01', '2011-09-13', '', '2000-01-01', '', '', '', '0000-00-00'),
(1101, 'H97138800006', 'nursing bed', 'sentida', 'wi-bo', '', '2010-02-08', '2000-01-01', '2011-02-07', 'room 15', '2000-01-01', '', '', '', '0000-00-00'),
(1102, '', 'bed', 'sentida', 'wi-bo', '', '2010-04-01', '2000-01-01', '2012-02-21', '129 south circular road', '2000-01-01', '', '', '', '0000-00-00'),
(1103, '0081-1103', 'hoist', 'gl3', 'guldmann', '', '2004-01-01', '2000-01-01', '2007-03-10', 'lavanagh centre', '2000-01-01', '', '', '', '0000-00-00'),
(1104, '120001-1223-2007', 'hoist', 'ac', 'guldmann', '', '2008-02-25', '2000-01-01', '2009-02-24', 'moyvane', '2000-01-01', '', '', '', '0000-00-00'),
(1105, '', 'nursing table', 'vario', 'ropox', '', '2008-02-25', '2000-01-01', '2000-01-01', 'moyvane', '2000-01-01', '', '', '', '0000-00-00'),
(1106, 's/n5739', 'vamat', 'vamat', 'spahn reha', '', '2009-10-01', '2000-01-01', '2013-12-06', '', '2000-01-01', '', '', '', '0000-00-00'),
(1107, '3627', 'v-amat', 'v-amat', 'spahn reha', '', '2000-01-01', '2000-01-01', '2014-12-04', '', '2000-01-01', '', '', '', '0000-00-00'),
(1108, 'N-41/3972', 'changing bench', 'vario', 'ropox', '', '2015-11-26', '2000-01-01', '2016-11-26', 'chapel lane', '2016-11-26', '', '', '26/11/2015 ropox bench delivered and installed', '0000-00-00'),
(1109, '120001-2280-2004-0', 'hoist', 'gh2', 'guldmann', '', '2007-09-20', '2000-01-01', '2015-04-30', '', '2000-01-01', '', '', '', '0000-00-00'),
(1110, '165-1000', 'changing bench', 'vario', 'ropox', '', '2007-09-20', '2000-01-01', '2015-04-30', '', '2000-01-01', '', '', '', '0000-00-00'),
(1111, '120001-4613-2006-00', 'hoist', 'gh2', 'guldmann', '', '2008-08-18', '2000-01-01', '2016-09-09', 'new road', '2000-01-01', '', '', '09/09/2015 thorough service carried out by ian', '0000-00-00'),
(1112, '5732', 'v-amat', 'vamat', 'spahn reha', '', '2008-08-18', '2016-03-09', '2016-09-09', 'new road', '2000-01-01', '', '', '9/9/2015 thorough service on vamat', '0000-00-00'),
(1113, 'n40-0201', 'changing bench', 'vario', 'ropox', '', '2008-08-18', '2016-03-09', '2016-09-09', 'new road', '2000-01-01', '', '', '9/9/2015 thorough service carried out', '0000-00-00'),
(1114, '134-1000', 'v-amat', 'v-amat', 'spahn reha', '', '2000-01-01', '2000-01-01', '1900-12-30', '', '2000-01-01', '', '', '', '0000-00-00'),
(1115, '0115-2007', 'nursing table', 'vario nursing table', 'ropox', '', '2008-02-25', '2000-01-01', '2015-03-14', '7 countess grove', '2000-01-01', '', '', '', '0000-00-00'),
(1116, '17633', 'hoist', 'gh1', 'guldmann', '', '2013-08-14', '2000-01-01', '2014-08-14', 'st. rita''s room, st. catherine''s ward', '2000-01-01', '', '', '', '0000-00-00'),
(1117, '120001-2086-2004', 'hoist', 'gh2', 'guldmann', '', '2004-08-30', '2000-01-01', '2014-02-01', '', '2000-01-01', '', '', '', '0000-00-00'),
(1118, '120001-4387-2005', 'hoist', 'gh2', 'guldmann', '', '2006-01-24', '2000-01-01', '2014-12-17', 'day care centre', '2000-01-01', '', '', '', '0000-00-00'),
(1119, '120001-4391-2005', 'hoist', 'gh2', 'guldmann', '', '2006-01-24', '2000-01-01', '2014-10-09', 'bathroom', '2000-01-01', '', '', '', '0000-00-00'),
(1120, '0110', 'shower/changing bench', 'aqualine', 'ropox', '', '2011-08-09', '2000-01-01', '2016-03-30', 'gweedore road', '2000-01-01', '', '', '30/3/15 scott and ian carried out thorough service', '0000-00-00'),
(1121, '120001-1022-2007', 'hoist', 'gh2', 'guldmann', '', '2007-03-13', '2000-01-01', '2012-04-28', 'woodlands 28', '2000-01-01', '', '', '', '0000-00-00'),
(1122, '120001-1246-2007', 'hoist', 'gh2', 'guldmann', '', '2007-02-13', '2000-01-01', '2013-04-22', 'palmerstown', '2000-01-01', '', '', '', '0000-00-00'),
(1123, '120001-0109-2003', 'hoist', 'gh2', 'guldmann', '', '2003-02-13', '2000-01-01', '2013-12-02', '', '2000-01-01', '', '', '', '0000-00-00'),
(1124, '120001-0146-2003', 'hoist', 'gh2-dc', 'guldmann', '', '2003-02-13', '2000-01-01', '2013-12-02', '', '2000-01-01', '', '', '', '0000-00-00'),
(1125, '', 'toilet', 'vamat', 'spahn reha', '', '2010-10-13', '2000-01-01', '2011-10-12', '', '2000-01-01', '', '', '', '0000-00-00'),
(1126, '088.51.09', 'bathtub', 'avero classic', 'beka', '', '2011-02-08', '2000-01-01', '2011-02-07', 'ballytrim house', '2000-01-01', '', '', '', '0000-00-00'),
(1127, '', 'stairlift', 'hw-10', 'hawle', '', '2006-11-27', '2000-01-01', '2009-07-17', '', '2000-01-01', '', '', '', '0000-00-00'),
(1128, '', 'stairlift', '140 deluxe', 'meditek', '', '2006-11-20', '2000-01-01', '2000-01-01', '', '2000-01-01', '', '', '', '0000-00-00'),
(1129, '', 'chair', 'air chair', 'care & assist', '', '2012-09-14', '2000-01-01', '2000-01-01', '', '2000-01-01', '', '', '', '0000-00-00'),
(1130, '2205610019', 'pool side hoist', 'beka hoist', 'beka', '', '2008-03-22', '2000-01-01', '2015-06-06', '', '2000-01-01', '', '', '', '0000-00-00'),
(1131, '120001-1094-2007', 'hoist', 'gh2-dc', 'guldmann', '', '2008-02-22', '2000-01-01', '2016-03-09', '', '2000-01-01', '', '', '25/8/15 - hoist was not lifting properly, batteries replaced', '0000-00-00'),
(1132, '120001-4364-2008', 'hoist', 'gh2', 'guldmann', '', '2009-07-15', '2000-01-01', '2010-07-15', '', '2000-01-01', '', '', '', '0000-00-00'),
(1133, '120001-4283-2008', 'hoist', 'gh2', 'guldmann', '', '2009-08-17', '2000-01-01', '2016-04-27', '', '2000-01-01', '', '', '27/4/15 full service carried out', '0000-00-00'),
(1134, '40-30626-8(N40-1148)', 'changing bench', 'vario', 'ropox', '', '2009-08-17', '2000-01-01', '2016-04-27', '', '2000-01-01', '', '', '10/09/2015 ian repaired vario bench, slipping due to parts coming part on the frame', '0000-00-00'),
(1135, '', 'stairlift', 'hw-10', 'hawle', '', '2000-01-01', '2000-01-01', '2000-01-01', '', '2000-01-01', '', '', '', '0000-00-00'),
(1136, '120001-3875-2007', 'gh3', '8m x 4m onto 6m single combi onto 4m', 'guldmann', '', '2011-07-13', '2000-01-01', '2000-01-01', '', '2000-01-01', '', '', 'ref: kathy cunningham, rosaveel', '0000-00-00'),
(1137, 'tba', 'cura', 'cura bariatric', 'cura seating', '', '2011-07-13', '2000-01-01', '2000-01-01', '', '2000-01-01', '', '', 'ref: kathy cunningham, rosaveel', '0000-00-00'),
(1138, '120001-2172-2004', 'hoist', 'gh2', 'guldmann', '', '2004-09-07', '2000-01-01', '2009-04-10', 'crana road', '2000-01-01', '', '', '', '0000-00-00'),
(1139, '', 'screens', '15 sec. h1.85, l 3.75', 'silentia', '', '2010-08-11', '2000-01-01', '2000-01-01', 'st canice road', '2000-01-01', '', '', '', '0000-00-00'),
(1140, '01927', 'hoist', 'gh3+ 250-110-1110', 'guldmann', '', '2010-08-11', '2000-01-01', '2012-06-02', 'st canice road', '2000-01-01', '', '', '5/3/15 arjo engineer requested 2 x  pcb s pricing for this unit.', '0000-00-00'),
(1141, 'MY02191105', 'hoist', 'gl3', 'guldmann', '', '2005-12-16', '2000-01-01', '2014-08-29', 'service for the older people', '2000-01-01', '', '', '', '0000-00-00'),
(1142, '1204705', 'bathtub', 'k2', 'beka', '', '2005-12-16', '2000-01-01', '2012-05-03', 'service for the older people', '2000-01-01', '', '', '', '0000-00-00'),
(1143, '120001-3183-2010', 'hoist', 'gh2', 'guldmann', '', '2010-07-29', '2000-01-01', '2016-12-02', 'bathroom', '2000-01-01', '', '', '02/12/2015 thorough service carried out by ian', '0000-00-00'),
(1144, '120001-3412-2004', 'hoist', 'gh2', 'guldmann', '', '2005-02-09', '2000-01-01', '2007-02-09', 'lota', '2000-01-01', '', '', '', '0000-00-00'),
(1145, '', 'hoist', 'gh3 200 110 0000', 'guldmann', '', '2011-03-08', '2000-01-01', '2013-03-13', '', '2000-01-01', '', '', '', '0000-00-00'),
(1146, '120001-1615-2011', 'room cover', 'gh2', 'guldmann', '', '2011-02-21', '2000-01-01', '2013-02-20', '', '2000-01-01', '', '', '', '0000-00-00'),
(1147, '120001-1611-2004', 'hoist', 'gh2', 'guldmann', '', '2004-07-27', '2000-01-01', '2012-06-14', '', '2000-01-01', '', '', '', '0000-00-00'),
(1148, '120001-3921-2003', 'hoist', 'gh2+2r', 'guldmann', '', '2004-03-04', '2000-01-01', '2016-11-17', 'strawhall industrial est', '2000-01-01', '', '', '17/11/2015 thorough service carried - cleaned and lubricated pick up and dc charger', '0000-00-00'),
(1149, '0243', 'changing bench', 'vario', 'ropox', '', '2000-01-01', '2000-01-01', '2016-12-02', 'mercy community college', '2000-01-01', '', '', '2/12/15 service carried out by ian', '0000-00-00'),
(1150, '40-3062-8', 'nursing table', 'vario 1.7', 'ropox', '', '2010-08-25', '2000-01-01', '2011-08-24', 'annacurragh', '2000-01-01', '', '', '', '0000-00-00'),
(1151, '3362', 'v-amat', 'vamat', 'spahn reha', '', '2009-08-19', '2000-01-01', '2010-08-19', '', '2000-01-01', '', '', '', '0000-00-00'),
(1152, 'assetno001065', 'mobile hoist', 'gl2', 'guldmann', '', '2000-01-01', '2000-01-01', '2015-11-27', 'the forge', '2000-01-01', '', '', '27/11/14 thorough service carried out by mariusz', '0000-00-00'),
(1153, '117260-0047-0404', 'mobile hoist', 'gl2', 'guldmann', '', '2000-01-01', '2000-01-01', '2014-10-29', 'the forge', '2000-01-01', '', '', '', '0000-00-00'),
(1154, '120001-3723-2006', 'hoist', 'gh2', 'guldmann', '', '2006-10-25', '2000-01-01', '2000-01-01', '', '2000-01-01', '', '', '', '0000-00-00'),
(1155, '120001-3723-2006-7', 'hoist', 'gh2', 'guldmann', '', '2007-04-25', '2000-01-01', '2008-04-25', '', '2000-01-01', '', '', '', '0000-00-00'),
(1156, '', 'shower trolley', 'sina', 'beka', '', '2015-01-23', '2000-01-01', '2016-01-23', 'waterford regional hospital', '2000-01-01', '', '', 'delivered', '0000-00-00'),
(1157, '', 'bed', 'sentida', 'wi-bo', '', '2011-12-14', '2000-01-01', '2000-01-01', 'north gate bridge', '2000-01-01', '', '', '', '0000-00-00'),
(1158, '120001-1635-2004', 'hoist', 'gh2', 'guldmann', '', '2006-10-18', '2000-01-01', '2013-09-26', 'block 1, sarsfield park,', '2000-01-01', '', '', '', '0000-00-00'),
(1159, '120001-3871-2006', 'hoist', 'gh2', 'guldmann', '', '2006-10-18', '2000-01-01', '2013-09-26', 'block 1, sarsfield park,', '2000-01-01', '', '', '', '0000-00-00'),
(1160, '120001-3874-2006', 'hoist', 'gh2', 'guldmann', '', '2006-10-18', '2000-01-01', '2013-09-26', 'block 1, sarsfield park,', '2000-01-01', '', '', '', '0000-00-00'),
(1161, '120001-3870-2006', 'hoist', 'gh2', 'guldmann', '', '2006-10-18', '2000-01-01', '2010-04-06', 'block 1, sarsfield park,', '2000-01-01', '', '', '', '0000-00-00'),
(1162, '120001-3869-2006', 'hoist', 'gh2', 'guldmann', '', '2006-10-18', '2000-01-01', '2013-09-26', 'block 1, sarsfield park,', '2000-01-01', '', '', '', '0000-00-00'),
(1163, '120001-3872-2006', 'hoist', 'gh2', 'guldmann', '', '2006-10-18', '2000-01-01', '2013-09-26', 'block 1, sarsfield park,', '2000-01-01', '', '', '', '0000-00-00'),
(1164, '120001-3868-2006', 'hoist', 'gh2', 'guldmann', '', '2006-10-18', '2000-01-01', '2013-09-26', 'block 1, sarsfield park,', '2000-01-01', '', '', '', '0000-00-00'),
(1165, '120001-3873-2006', 'hoist', 'gh2', 'guldmann', '', '2006-10-18', '2000-01-01', '2013-09-26', 'block 1, sarsfield park,', '2000-01-01', '', '', '', '0000-00-00'),
(1166, '120001-4084-2006', 'hoist', 'gh2', 'guldmann', '', '2007-01-18', '2000-01-01', '2016-05-12', '', '2000-01-01', '', '', '15/01/2016 replaced battery', '0000-00-00');
INSERT INTO `stock` (`stockid`, `serialid`, `name`, `model`, `manufacturer`, `product_description`, `installation_date`, `inspection_date`, `service_date`, `location`, `contract_renewal_date`, `contract_type`, `funded_by`, `last_results`, `next_service`) VALUES
(1167, '11xxx-00116', 'hoist', 'gl3', 'guldmann', '', '2006-09-01', '2000-01-01', '2014-03-17', '', '2000-01-01', '', '', '', '0000-00-00'),
(1168, '11xxx-1105-2007', 'hoist', 'gl3', 'guldmann', '', '2008-08-26', '2000-01-01', '2014-06-18', '', '2000-01-01', '', '', '', '0000-00-00'),
(1169, '11xxx-0085-2007', 'hoist', 'gl3', 'guldmann', '', '2007-08-20', '2000-01-01', '2011-08-20', 'adult intellectural disabiltiy services', '2000-01-01', '', '', '', '0000-00-00'),
(1170, '1113461-1125-2008', 'scales', '250kg', 'guldmann', '', '2008-08-26', '2000-01-01', '2014-07-10', '', '2015-07-10', '', '', 'serviced by mariusz collected for callibration, returned after callibration, all ok', '0000-00-00'),
(1171, '1113461-1124-2008', 'scales', '250kg', 'guldmann', '', '2008-08-26', '2000-01-01', '2009-08-25', '', '2000-01-01', '', '', '', '0000-00-00'),
(1172, '1113461-1120-2008', 'scales', '250kg', 'guldmann', '', '2008-08-26', '2000-01-01', '2014-05-31', '', '2000-01-01', '', '', '', '0000-00-00'),
(1173, '1113461-1128-2008', 'scales', '250kg', 'guldmann', '', '2008-08-26', '2000-01-01', '2011-08-27', '', '2000-01-01', '', '', '', '0000-00-00'),
(1174, '1113461-1121-2008', 'scales', '250kg', 'guldmann', '', '2008-08-26', '2000-01-01', '2014-03-17', '', '2000-01-01', '', '', '', '0000-00-00'),
(1175, '1113461-1123-2008', 'scales', '250kg', 'guldmann', '', '2008-08-26', '2000-01-01', '2014-03-17', '', '2000-01-01', '', '', '', '0000-00-00'),
(1176, '120001-3815-2008', 'hoist', 'gh2', 'guldmann', '', '2008-08-26', '2000-01-01', '2016-05-26', 'room 36, tara ward', '2015-01-10', '', '', '26/5/15 full servie carried out', '0000-00-00'),
(1177, '120001-3786-2008', 'hoist', 'gh2', 'guldmann', '', '2008-08-26', '2000-01-01', '2016-05-26', 'room 8, oisin ward', '2015-07-10', '', '', '26/5/15 full servie carried out', '0000-00-00'),
(1178, '120001-3794-2008', 'hoist', 'gh2', 'guldmann', '', '2008-08-26', '2000-01-01', '2016-05-26', 'room 3, connell ward', '2015-08-12', '', '', '26/5/15 full servie carried out full servie carried out', '0000-00-00'),
(1179, '120001-3792-2008', 'hoist', 'gh2', 'guldmann', '', '2008-08-26', '2000-01-01', '2016-05-26', 'independent suite room, oisin ward', '2015-08-12', '', '', '26/5/15 full servie carried out', '0000-00-00'),
(1180, '120001-3804-2008', 'hoist', 'gh2', 'guldmann', '', '2008-08-26', '2000-01-01', '2016-05-26', 'room 25, tara ward', '2015-07-29', '', '', '26/5/15 full servie carried out', '0000-00-00'),
(1181, '120001-3803-2008', 'hoist', 'gh2', 'guldmann', '', '2008-08-26', '2000-01-01', '2016-05-26', 'room 39, tara ward', '2015-07-29', '', '', '26/5/15 full servie carried out', '0000-00-00'),
(1182, '120001-3816-2008', 'hoist', 'gh2', 'guldmann', '', '2008-08-26', '2000-01-01', '2016-05-26', 'room 23, ailbhe ward', '2000-01-01', '', '', '26/5/15 full servie carried out', '0000-00-00'),
(1183, '120001-3810-2008', 'hoist', 'gh2', 'guldmann', '', '2008-08-26', '2000-01-01', '2016-05-26', 'room 25, ailbhe ward', '2000-01-01', '', '', '18/12/15 new batteries installed by ian', '0000-00-00'),
(1184, '120001-3798-2008', 'hoist', 'gh2', 'guldmann', '', '2008-08-26', '2000-01-01', '2016-05-26', 'room 27, ailbhe ward', '2000-01-01', '', '', '26/5/15 full servie carried out', '0000-00-00'),
(1185, '120001-3806-2008', 'hoist', 'gh2', 'guldmann', '', '2008-08-26', '2000-01-01', '2016-05-26', 'room 29, ailbhe ward', '2000-01-01', '', '', '26/5/15 full servie carried out', '0000-00-00'),
(1186, '120001-3784-2008', 'hoist', 'gh2', 'guldmann', '', '2008-08-26', '2000-01-01', '2016-05-26', 'room 31, ailbhe ward', '2000-01-01', '', '', '26/5/15 full servie carried out', '0000-00-00'),
(1187, '120001-3785-2008', 'hoist', 'gh2', 'guldmann', '', '2008-08-26', '2000-01-01', '2016-05-26', 'room 33, ailbhe ward', '2000-01-01', '', '', '26/5/15 full servie carried out', '0000-00-00'),
(1188, '120001-3793-2008', 'hoist', 'gh2', 'guldmann', '', '2008-08-26', '2000-01-01', '2016-05-26', 'room 39, ailbhe ward', '2000-01-01', '', '', '21/01/2016 new handset installed', '0000-00-00'),
(1189, '120001-3796-2008', 'hoist', 'gh2', 'guldmann', '', '2008-08-26', '2000-01-01', '2016-05-26', 'room 40, ailbhe ward', '2000-01-01', '', '', '26/5/15 full servie carried out', '0000-00-00'),
(1190, '120001-3811-2008', 'hoist', 'gh2', 'guldmann', '', '2008-08-26', '2000-01-01', '2016-05-26', 'bathroom, ailbhe ward', '2000-01-01', '', '', '26/5/15 full servie carried out', '0000-00-00'),
(1191, '120001-3509-2008', 'hoist', 'gh2', 'guldmann', '', '2008-08-26', '2000-01-01', '2014-09-24', 'room 6, connell ward', '2000-01-01', '', '', '', '0000-00-00'),
(1192, '120001-3795-2008', 'hoist', 'gh2', 'guldmann', '', '2008-08-26', '2000-01-01', '2016-05-26', 'room 7, connell ward', '2000-01-01', '', '', '26/5/15 replaced landset full servie carried out', '0000-00-00'),
(1193, '120001-3805-2008', 'hoist', 'gh2', 'guldmann', '', '2008-08-26', '2000-01-01', '2016-05-26', 'room 9, connell ward', '2000-01-01', '', '', '26/5/15 full servie carried out', '0000-00-00'),
(1194, '120001-3812-2008', 'hoist', 'gh2', 'guldmann', '', '2008-08-26', '2000-01-01', '2015-05-26', 'room 12, connell ward', '2000-01-01', '', '', '26/5/15 full servie carried out', '0000-00-00'),
(1195, '120001-3800-2008', 'hoist', 'gh2', 'guldmann', '', '2008-08-26', '2000-01-01', '2016-05-26', 'room 16, connell ward', '2000-01-01', '', '', '26/5/15 full servie carried out', '0000-00-00'),
(1196, '120001-3801-2008', 'hoist', 'gh2', 'guldmann', '', '2008-08-26', '2000-01-01', '2016-05-26', 'room 18, connell ward', '2000-01-01', '', '', '26/5/15 full servie carried out', '0000-00-00'),
(1197, '120001-3807-2008', 'hoist', 'gh2', 'guldmann', '', '2008-08-26', '2000-01-01', '2016-05-26', 'room 19, connell ward', '2000-01-01', '', '', '22/12/15 ian replaced batteries', '0000-00-00'),
(1198, '120001-3783-2008', 'hoist', 'gh2', 'guldmann', '', '2008-08-26', '2000-01-01', '2016-05-26', 'bathroom, connell ward', '2000-01-01', '', '', '26/5/15 full servie carried out', '0000-00-00'),
(1199, '120001-3799-2008', 'hoist', 'gh2', 'guldmann', '', '2008-08-26', '2000-01-01', '2015-09-17', 'room 2, oisin ward', '2000-01-01', '', '', '17/9/14 scott did full service', '0000-00-00'),
(1200, '120001-3788-2008', 'hoist', 'gh2', 'guldmann', '', '2008-08-26', '2000-01-01', '2016-05-26', 'room 6, oisin ward', '2000-01-01', '', '', '26/5/15 full servie carried out', '0000-00-00'),
(1201, '120001-3791-2008', 'hoist', 'gh2', 'guldmann', '', '2008-08-26', '2000-01-01', '2015-09-17', 'room 12, oisin ward', '2000-01-01', '', '', '17/9/14 scott carried out full service', '0000-00-00'),
(1202, '120001-3790-2008', 'hoist', 'gh2', 'guldmann', '', '2008-08-26', '2000-01-01', '2016-05-26', 'room 15, oisin ward', '2000-01-01', '', '', '26/5/15 full servie carried out', '0000-00-00'),
(1203, '120001-3789-2008', 'hoist', 'gh2', 'guldmann', '', '2008-08-26', '2000-01-01', '2016-05-26', 'room 18, oisin ward', '2000-01-01', '', '', '26/5/15 full servie carried out', '0000-00-00'),
(1204, '120001-3802-2008', 'hoist', 'gh2', 'guldmann', '', '2008-08-26', '2000-01-01', '2016-05-26', 'room 19, oisin ward', '2000-01-01', '', '', '26/5/15 full servie carried out', '0000-00-00'),
(1205, '120001-3787-2008', 'hoist', 'gh2', 'guldmann', '', '2008-08-26', '2000-01-01', '2016-05-26', 'bathroom, oisin ward', '2000-01-01', '', '', '26/5/15 full servie carried out', '0000-00-00'),
(1206, '120001-3818-2008', 'hoist', 'gh2', 'guldmann', '', '2008-08-26', '2000-01-01', '2016-05-26', 'room 23, tara ward', '2000-01-01', '', '', '26/5/15 full servie carried out', '0000-00-00'),
(1207, '120001-3817-2008', 'hoist', 'gh2', 'guldmann', '', '2008-08-26', '2000-01-01', '2016-05-26', 'room 27, tara ward', '2000-01-01', '', '', '26/5/15 full servie carried out', '0000-00-00'),
(1208, '120001-3814-2008', 'hoist', 'gh2', 'guldmann', '', '2008-08-26', '2000-01-01', '2014-09-24', 'room 29, tara ward', '2000-01-01', '', '', '', '0000-00-00'),
(1209, '120001-3808-2008', 'hoist', 'gh2', 'guldmann', '', '2008-08-26', '2000-01-01', '2016-05-26', 'room 31, tara ward', '2000-01-01', '', '', '26/5/15 full servie carried out', '0000-00-00'),
(1210, '120001-3813-2008', 'hoist', 'gh2', 'guldmann', '', '2008-08-26', '2000-01-01', '2016-05-26', 'room 33, tara ward', '2000-01-01', '', '', '29/07/2015 - returned repair hoist and replaced pcb', '0000-00-00'),
(1211, '120001-3809-2008', 'hoist', 'gh2', 'guldmann', '', '2008-08-26', '2000-01-01', '2016-05-26', 'bathroom, tara ward', '2000-01-01', '', '', '26/5/15 full servie carried out', '0000-00-00'),
(1212, '11xxx-1914-2008', 'hoist', 'gl3', 'guldmann', '', '2008-08-26', '2000-01-01', '2014-03-17', '', '2000-01-01', '', '', '', '0000-00-00'),
(1213, '11xxx-1912-2008', 'hoist', 'gl3', 'guldmann', '', '2008-08-26', '2000-01-01', '2014-03-17', '', '2000-01-01', '', '', '', '0000-00-00'),
(1214, '11xxx-1911-2008', 'hoist', 'gl3', 'guldmann', '', '2008-08-26', '2000-01-01', '2014-03-17', '', '2000-01-01', '', '', '', '0000-00-00'),
(1215, '11xxx-1915-2008', 'hoist', 'gl3', 'guldmann', '', '2008-08-26', '2000-01-01', '2014-03-17', '', '2000-01-01', '', '', '', '0000-00-00'),
(1216, '11xxx-1913-2008', 'hoist', 'gl3', 'guldmann', '', '2008-08-26', '2000-01-01', '2009-08-25', '', '2000-01-01', '', '', '', '0000-00-00'),
(1217, '11xxx-0085-2008', 'hoist', 'gl3', 'guldmann', '', '2008-08-26', '2000-01-01', '2014-03-17', '', '2000-01-01', '', '', '', '0000-00-00'),
(1218, '11xxx-1517-2009', 'hoist', 'gl3', 'guldmann', '', '2009-07-01', '2000-01-01', '2014-03-17', 'setanta', '2000-01-01', '', '', '', '0000-00-00'),
(1219, '11xxx-1515-2009', 'hoist', 'gl3', 'guldmann', '', '2009-07-01', '2000-01-01', '2014-06-18', '', '2000-01-01', '', '', '', '0000-00-00'),
(1220, '11xxx-1516-2009', 'hoist', 'gl3', 'guldmann', '', '2009-07-01', '2000-01-01', '2014-03-17', 'bebhin ward', '2000-01-01', '', '', '', '0000-00-00'),
(1221, '11xxx-1518-2009', 'hoist', 'gl3', 'guldmann', '', '2009-07-01', '2000-01-01', '2011-03-07', 'bebhin ward', '2000-01-01', '', '', '', '0000-00-00'),
(1222, '11xxx-1519-2009', 'hoist', 'gl3', 'guldmann', '', '2009-07-01', '2000-01-01', '2014-03-17', 'setanta 1st floor', '2000-01-01', '', '', '', '0000-00-00'),
(1223, '11xxx-1622-2009', 'hoist', 'gl3', 'guldmann', '', '2009-08-17', '2000-01-01', '2014-03-17', 'cuan aoibheann unit', '2000-01-01', '', '', '', '0000-00-00'),
(1224, 'GL302412006', 'hoist', 'gl3', 'guldmann', '', '2006-12-10', '2000-01-01', '2011-10-08', 'phoenix park', '2000-01-01', '', '', '', '0000-00-00'),
(1225, '2430906', 'hoist', 'gl3', 'guldmann', '', '2006-12-10', '2000-01-01', '2014-03-17', 'phoenix park', '2000-01-01', '', '', '30/11/2015 repair done to mobile hoist new arm fitted on right side by ian', '0000-00-00'),
(1226, '0241.05.09', 'bathtub', 'k2', 'beka', '', '2009-02-25', '2000-01-01', '2010-02-25', '', '2000-01-01', '', '', '', '0000-00-00'),
(1227, '0242.05.09', 'bathtub', 'k2', 'beka', '', '2009-02-25', '2000-01-01', '2000-01-01', '', '2000-01-01', '', '', '', '0000-00-00'),
(1228, '120001-0112-2006', 'hoist', 'gh2', 'guldmann', '', '2006-01-01', '2000-01-01', '2009-06-05', 'st mary''s', '2000-01-01', '', '', '', '0000-00-00'),
(1229, 'GL301260306', 'hoist', 'gl3', 'guldmann', '', '2006-03-07', '2000-01-01', '2014-03-17', 'kinvara', '2000-01-01', '', '', '', '0000-00-00'),
(1230, '01091106', 'hoist', 'gl3', 'guldmann', '', '2000-01-01', '2000-01-01', '2009-06-15', 'cedar', '2000-01-01', '', '', '', '0000-00-00'),
(1231, '117260-1105-2007', 'hoist', 'gl3', 'guldmann', '', '2006-12-10', '2000-01-01', '2011-08-09', 'chapel vale', '2000-01-01', '', '', '', '0000-00-00'),
(1232, 'GL301162005', 'hoist', 'gl3', 'guldmann', '', '2006-12-10', '2000-01-01', '2013-06-27', 'phoenix park', '2000-01-01', '', '', '', '0000-00-00'),
(1233, 'GL10750206', 'hoist', 'gl3', 'guldmann', '', '2006-12-10', '2000-01-01', '2014-03-14', 'phoenix ward', '2000-01-01', '', '', '', '0000-00-00'),
(1234, '0085-1103', 'hoist', 'gl3', 'guldmann', '', '2008-08-20', '2000-01-01', '2014-03-17', 'conall', '2000-01-01', '', '', '', '0000-00-00'),
(1235, '1121106', 'hoist', 'gl3', 'guldmann', '', '2006-12-10', '2000-01-01', '2014-03-17', 'cedar ward', '2000-01-01', '', '', '', '0000-00-00'),
(1236, '20942008', 'hoist', 'gl3', 'guldmann', '', '2006-12-10', '2000-01-01', '2014-03-17', 'chapel view -female', '2000-01-01', '', '', '', '0000-00-00'),
(1237, '2410906', 'hoist', 'gl3', 'guldmann', '', '2006-12-10', '2000-01-01', '2014-03-27', 'bebhin ward 4', '2000-01-01', '', '', '', '0000-00-00'),
(1238, 'C9708IE', 'hoist', 'corner bath', 'vita aktiva', '', '2014-12-15', '2000-01-01', '2015-12-15', '', '2000-01-01', '', '', '15/12/14 delivered by ian, installation to be completed by builder, electrical fault delaye hoist install. two slings and manual', '0000-00-00'),
(1239, '68353', 'hoist', 'gh3', 'guldmann', '', '2014-12-15', '2000-01-01', '2015-12-15', '', '2000-01-01', '', '', '15/12/14 6x3m room cover installed by ian', '0000-00-00'),
(1240, '2014006594-0002', 'bed', 'sentida', 'wi-bo', '', '2015-12-09', '2000-01-01', '2016-12-09', '', '2016-12-09', '', '', '09/12/2015 - air mattress and bed delivered and working', '0000-00-00'),
(1241, '120001-1431-2005', 'hoist', 'gh2', 'guldmann', '', '2005-04-28', '2000-01-01', '2015-07-15', 'the valley', '2000-01-01', '', '', '09/07/2014 thorough service carried out by scott/ian, batteries tested', '0000-00-00'),
(1242, '120001-1421-2005', 'hoist', 'gh2', 'guldmann', '', '2005-04-28', '2000-01-01', '2014-07-10', '', '2000-01-01', '', '', '', '0000-00-00'),
(1243, '120001-3776-2006', 'hoist', 'gh2-dc', 'guldmann', '', '2006-05-04', '2000-01-01', '2015-10-14', 'junior room', '2000-01-01', '', '', '14/10/14 mariusz carried out full service and replaced two batteries', '0000-00-00'),
(1244, '120001-4231-2007', 'hoist', 'gh2-dc', 'guldmann', '', '2007-12-17', '2000-01-01', '2015-10-14', 'killmullen lane', '2000-01-01', '', '', '14/10/2014 mariusz did thorough service and replaced faulty hand control', '0000-00-00'),
(1245, '90-1000', 'shower trolley', 'shower trolley', 'chiltern', '', '2006-02-21', '2000-01-01', '2007-02-21', 'junior room', '2000-01-01', '', '', '', '0000-00-00'),
(1246, '6358', 'v-amat', 'vamat', 'spahn reha', '', '2011-09-15', '2000-01-01', '2016-09-30', '', '2000-01-01', '', '', '30/09/2015 - ian carried out full service, slight crack on casing repaired, if it gets worse will need replacing', '0000-00-00'),
(1247, '143-1000', 'hoist', 'gh2', 'guldmann', '', '2006-11-13', '2000-01-01', '2007-11-13', 'killmullen lane', '2000-01-01', '', '', '', '0000-00-00'),
(1248, '120001-3099-2007', 'hoist', 'gh2', 'guldmann', '', '2007-07-31', '2000-01-01', '2015-10-14', 'killmullen lane', '2000-01-01', '', '', '14/10/2014 mariusz carried out full service', '0000-00-00'),
(1249, '120001-4474-2010', 'hoist', 'gh2', 'guldmann', '', '2011-04-21', '2000-01-01', '2015-10-14', 'killmullen lane', '2000-01-01', '', '', '30/9/2015 ian cleaned charging lines', '0000-00-00'),
(1250, '120001-1580-2007', 'hoist', 'gh2-dc', 'guldmann', '', '2007-04-12', '2000-01-01', '2016-04-23', 'killmullen lane', '2000-01-01', '', '', '30/09/2015 ian replaced batteries and transformer', '0000-00-00'),
(1251, '15644', 'hoist', 'gh3 200 110 0000', 'guldmann', '', '2011-10-19', '2000-01-01', '2015-10-14', 'killmullen lane', '2000-01-01', '', '', '14/10/14 thorough service carried out by mariusz batteries ok', '0000-00-00'),
(1252, '1.8m', 'changing bench', 'static freeway', 'freeway', '', '2011-10-19', '2000-01-01', '2015-10-14', 'killmullen lane', '2000-01-01', '', '', '14/10/14 mariusz carried out full service on bench trolley (homecroft manufacturer)', '0000-00-00'),
(1253, '', 'stairlift', '140 deluxe', 'meditek', '', '2006-09-26', '2000-01-01', '2000-01-01', 'st. leo''s convent', '2000-01-01', '', '', '', '0000-00-00'),
(1254, '120001-4920-2006', 'hoist', 'gh2-dc', 'guldmann', '', '2007-06-06', '2000-01-01', '2015-01-22', 'bayview respite house', '2000-01-01', '', '', '', '0000-00-00'),
(1255, '30626-8', 'changing bench', 'vario', 'ropox', '', '2010-08-30', '2000-01-01', '2011-08-29', 'bartelmy', '2000-01-01', '', '', '', '0000-00-00'),
(1256, '120001-1136-2005', 'hoist', 'gh2 f', 'guldmann', '', '2006-06-15', '2000-01-01', '2015-07-03', '', '2000-01-01', '', '', '15/10/14 - thoroughly repaired hoist, replaced two batteries, and provided new hand control', '0000-00-00'),
(1257, '', 'screen', '12 section', 'silentia', '', '2011-12-02', '2000-01-01', '2012-12-01', '', '2000-01-01', '', '', '', '0000-00-00'),
(1258, '120001-4255-2008', 'hoist', 'gh2-dc', 'guldmann', '', '2009-04-08', '2000-01-01', '2010-04-08', '', '2000-01-01', '', '', '', '0000-00-00'),
(1259, '17641', '2m x 2m', 'gh!', 'guldmann', '', '2014-01-08', '2000-01-01', '2015-01-08', '', '2000-01-01', '', '', '', '0000-00-00'),
(1260, '5318', 'v-amat', 'v-amat', 'spahn reha', '', '2000-01-01', '2000-01-01', '9999-11-30', '', '2000-01-01', '', '', '', '0000-00-00'),
(1261, '98-1000', 'shower bed', 'aqualine', 'ropox', '', '2006-04-06', '2000-01-01', '2000-01-01', '', '2000-01-01', '', '', '', '0000-00-00'),
(1262, '120001-1135-2005', 'hoist', 'gh2 f', 'guldmann', '', '2007-07-10', '2000-01-01', '2000-01-01', '', '2000-01-01', '', '', 'removed 03/04/2008', '0000-00-00'),
(1263, '120001-4306-2005', 'hoist', 'gh2', 'guldmann', '', '2008-03-14', '2000-01-01', '2009-03-13', '', '2000-01-01', '', '', '', '0000-00-00'),
(1264, '97941', 'hoist', 'gh3', 'guldmann', '', '2015-10-20', '2000-01-01', '2016-10-20', 'derrygrath', '2016-10-20', '', '', 'gh3 onto 5x5 b rail system installed by ian', '0000-00-00'),
(1265, '97945', 'hoist', 'gh3', 'guldmann', '', '2015-10-20', '2000-01-01', '2016-10-20', 'derrygrath', '2016-10-20', '', '', 'installation of 6x6 room cover onto 4 x 4 room cover with 90 degree bend', '0000-00-00'),
(1266, '35777', 'gh1', 'gh1 on 3m gantry system', 'guldmann', '', '2011-05-31', '2000-01-01', '2012-05-30', 'briarhill business park', '2000-01-01', '', '', '', '0000-00-00'),
(1267, '', 'kitchen', 'flexi sink', 'ropox', '', '2000-01-01', '2000-01-01', '2015-02-04', 'ballyfermot', '2000-01-01', '', '', '', '0000-00-00'),
(1268, '15576', 'hoist', 'gh3 200 110 0000', 'guldmann', '', '2011-04-21', '2000-01-01', '2015-03-25', '', '2000-01-01', '', '', '', '0000-00-00'),
(1269, '120001-1423-2005', 'hoist', 'gh2', 'guldmann', '', '2005-10-12', '2000-01-01', '2008-09-13', '', '2000-01-01', '', '', '', '0000-00-00'),
(1270, '94942', 'gh1', 'gh1', 'guldmann', '', '2013-01-22', '2000-01-01', '2016-09-15', '3 the willows', '2000-01-01', '', '', '15/09/2015 ruiri carried out full service', '0000-00-00'),
(1271, '700904', 'bed', 'flexuz', 'guldmann', '', '2004-09-01', '2000-01-01', '2011-09-15', 'morrisons island', '2000-01-01', '', '', '', '0000-00-00'),
(1272, '2012081490-001-002-003', 'bed', 'contempora', 'wi-bo', '', '2012-10-04', '2000-01-01', '2013-10-04', 'bungalow 12', '2000-01-01', '', '', '', '0000-00-00'),
(1273, '', '', 'vario', 'beka', '', '2013-06-01', '2000-01-01', '2015-06-20', '', '2000-01-01', '', '', '', '0000-00-00'),
(1274, '', 'dynamic stairlift trainer', 'dst', 'dpe medical limited', '', '2008-02-18', '2000-01-01', '2009-02-17', 'local health office', '2000-01-01', '', '', '', '0000-00-00'),
(1275, 'N40-0765', 'aqualine', '1.8', 'ropox', '', '2012-01-04', '2000-01-01', '2014-02-05', 'vevay crescent', '2000-01-01', '', '', '', '0000-00-00'),
(1276, '56897', '3m x 2.5m', 'gh3', 'guldmann', '', '2012-01-04', '2000-01-01', '2015-10-15', 'vevay crescent', '2000-01-01', '', '', '15/10/14 -thorough service carried out by mariusz, serial number given on hsr differed to model number used so i changed it', '0000-00-00'),
(1277, '56919', '3m x3m room cover', 'gh1 200 110 0000', 'guldmann', '', '2011-11-29', '2000-01-01', '2012-11-28', '', '2000-01-01', '', '', '', '0000-00-00'),
(1278, '', 'wall to stud si base concept', 'frame', 'erfi', '', '2015-02-02', '2000-01-01', '2016-02-02', 'croilar an mistealach', '2016-02-02', '', '', '2/2/15 ian and scott installed system', '0000-00-00'),
(1279, '120001-3430-2009', 'hoist', 'gh2hd 2+2r', 'guldmann', '', '2010-01-19', '2000-01-01', '2011-01-18', 'athlone hospital', '2000-01-01', '', '', '', '0000-00-00'),
(1280, '120001-3431-2009', 'hoist', 'gh2hd 2+2r', 'guldmann', '', '2010-01-19', '2000-01-01', '2011-01-18', 'athlone hospital', '2000-01-01', '', '', '', '0000-00-00'),
(1281, '120001-3429-2009', 'hoist', 'gh2hd 2+2r', 'guldmann', '', '2010-01-19', '2000-01-01', '2011-01-18', 'athlone hospital', '2000-01-01', '', '', '', '0000-00-00'),
(1282, '552551', 'gh1', 'gh1 200 110 0000', 'guldmann', '', '2011-06-21', '2000-01-01', '2013-05-04', 'portlaoise', '2000-01-01', '', '', '', '0000-00-00'),
(1283, '', 'gh1', 'gh1 200 110 0000', 'guldmann', '', '2011-03-30', '2000-01-01', '2013-03-30', 'portlaoise', '2000-01-01', '', '', '', '0000-00-00'),
(1284, '120001-3474-2010', 'gh2', '6x3m room cover on midi rails', 'guldmann', '', '2010-12-13', '2000-01-01', '2016-05-08', '', '2000-01-01', '', '', '11/11/15 ian carried out thorough inspection', '0000-00-00'),
(1285, '', 'bathtub', 'clara', 'beka', '', '2011-05-27', '2000-01-01', '2012-05-21', 'grantstown', '2000-01-01', '', '', '', '0000-00-00'),
(1286, '30-66xxx-5', 'kitchen', 'flexi', 'ropox', '', '2011-10-04', '2000-01-01', '2012-10-03', '', '2000-01-01', '', '', '', '0000-00-00'),
(1287, '120001-3178-2010', 'hoist', 'gh2', 'guldmann', '', '2010-11-11', '2000-01-01', '2011-11-10', 'paddock lane', '2000-01-01', '', '', '', '0000-00-00'),
(1288, '', 'brains of the operation', '', '', '', '2000-01-01', '2000-01-01', '2000-01-01', '7 kilnagleary business park', '2000-01-01', '', '', '', '0000-00-00'),
(1289, '', 'brains of the operation', '12001-1424', '', '', '2000-01-01', '2000-01-01', '2000-01-01', '', '2000-01-01', '', '', '', '0000-00-00'),
(1290, 'TBA', 'changing bench', 'vario', 'ropox', '', '2014-10-29', '2000-01-01', '2015-10-29', 'vicarstown', '2000-01-01', '', '', '29/10/14 - ian and scott installed changing bench - no s/n on ewr', '0000-00-00'),
(1291, '120001-1654-2007', 'hoist', 'gh2', 'guldmann', '', '2007-04-16', '2000-01-01', '2013-12-12', '', '2000-01-01', '', '', '', '0000-00-00'),
(1292, '149-1000', 'v-amat', 'v-amat', 'spahn reha', '', '2007-05-16', '2000-01-01', '2007-05-16', '', '2000-01-01', '', '', '', '0000-00-00'),
(1293, '148-1000', 'changing bench', 'vario', 'ropox', '', '2007-05-16', '2000-01-01', '2013-12-12', '', '2000-01-01', '', '', '', '0000-00-00'),
(1294, '66676', 'hoist', 'gh1 3m straight track', 'guldmann', '', '2015-02-25', '2000-01-01', '2016-02-25', '', '2016-02-25', '', '', 'scott and ian installed the gh1 hoist onto 3m straight track - b rail', '0000-00-00'),
(1295, '120001-3656-2008', 'hoist', '4m straight track', 'guldmann', '', '2008-07-22', '2016-09-01', '2016-03-24', 'st. theresa''s ward', '2000-01-01', '', '', '2/12/2015 replaced pcb', '0000-00-00'),
(1296, '120001-3655-2008', 'hoist', '4x6m room cover dc on jumbo rails', 'guldmann', '', '2008-07-22', '2000-01-01', '2016-03-24', 'room 20 st marys unit', '2000-01-01', '', '', '08/01/2016 cord & clip reattached to hoist', '0000-00-00'),
(1297, '120001-2150-2007', 'hoist', '8x4m room cover dc on jumbo rails', 'guldmann', '', '2009-04-20', '2000-01-01', '2016-04-03', 'room 26', '2000-01-01', '', '', '23/11/15 ruiri replaced lifting strap', '0000-00-00'),
(1298, '66694', 'hoist', 'gh1', 'guldmann', '', '2015-07-06', '2016-01-06', '2016-07-06', 'room 24 - single room', '2000-01-01', '', '', '01/09/2015 - thorough inspection carried out by ruiri', '0000-00-00'),
(1299, '120001-2187-2008', 'hoist', 'gh2-ac', 'guldmann', '', '2008-07-08', '2000-01-01', '2016-03-24', 'st. theresa''s ward', '2000-01-01', '', '', '01/09/2015 ruiri carried out thorough inspection', '0000-00-00'),
(1300, '0037-2011-0044-2011', 'screens', 'nightingale', 'eganmed', '', '2010-12-17', '2000-01-01', '2011-12-16', '', '2000-01-01', '', '', '', '0000-00-00'),
(1301, '', 'stairlift', 'hw-10', 'hawle', '', '2006-11-27', '2000-01-01', '2000-01-01', '', '2000-01-01', '', '', '', '0000-00-00'),
(1302, '120001-2315-2005', 'hoist', 'gh2-dc', 'guldmann', '', '2005-02-20', '2016-01-27', '2016-07-27', 'padre pia ward', '2000-01-01', '', '', '27/7/2015 - no fault lcoated but thorough service carried out by ian', '0000-00-00'),
(1303, '120001-4104-2006', 'hoist', 'gh2', 'guldmann', '', '2006-12-04', '2000-01-01', '2012-08-02', 'ashbrook house', '2000-01-01', '', '', '', '0000-00-00'),
(1304, '120001-3048-2007', 'double combi hoist', 'gh2-dc', 'guldmann', '', '2007-08-31', '2000-01-01', '2012-08-02', 'ashbrook house', '2000-01-01', '', '', '', '0000-00-00'),
(1305, '120001-4284-2008', 'hoist', 'gh2', 'guldmann', '', '2009-09-16', '2000-01-01', '2012-08-02', 'boc day center', '2000-01-01', '', '', 'no service required for 2013 - hoist not in use as per email from geraldine connolly', '0000-00-00'),
(1306, '44-1000', 'hoist', 'gh2', 'guldmann', '', '2004-07-14', '2000-01-01', '2014-08-28', '', '2000-01-01', '', '', '', '0000-00-00'),
(1307, 'N40-0204', 'changing bench', 'vario', 'ropox', '', '2008-09-08', '2000-01-01', '2016-10-08', 'curraheen road', '2000-01-01', '', '', '08/10/2015 deinstall and reinstall in another classroom', '0000-00-00'),
(1308, '120001-1013-2007', 'hoist', 'gh2', 'guldmann', '', '2007-02-20', '2000-01-01', '2016-03-30', 'dromore lower', '2000-01-01', '', '', '15/7/15 - clive removed hoist, took it away to repair it and returned it, working 100%', '0000-00-00'),
(1309, '120001-3506-2007', 'hoist', 'gh2-dc', 'guldmann', '', '2007-09-05', '2000-01-01', '2009-08-27', 'room 2', '2000-01-01', '', '', '10/11/14 replaced batteries and transformer - this has been installed in ashbury by another company, not certified by us', '0000-00-00'),
(1310, 'GH3-250-110-1000', 'hoist', 'gh3', 'guldmann', '', '2010-12-14', '2000-01-01', '2011-12-14', 'room 2', '2000-01-01', '', '', '', '0000-00-00'),
(1311, '07070', 'hoist', 'gh3 200-110-0000', 'guldmann', '', '2010-08-18', '2000-01-01', '2015-07-10', 'room 5', '2015-06-25', '', '', 'returned hoist after thorough repairbatteries to be replaced next service,re-installed lifting tape and collected spare hoist', '0000-00-00'),
(1312, '07074', 'hoist', 'gh3 200-110-0000', 'guldmann', '', '2010-08-18', '2000-01-01', '2014-08-17', '', '2000-01-01', '', '', '', '0000-00-00'),
(1313, '07078', 'hoist', 'gh3 200-110-0000', 'guldmann', '', '2010-09-14', '2000-01-01', '2013-02-09', '', '2000-01-01', '', '', '', '0000-00-00'),
(1314, '12827', 'hoist', 'gh3-250-110-1000', 'guldmann', '', '2010-12-14', '2000-01-01', '2014-08-12', 'room 3', '2015-08-12', '', '', 'hoist repaired - mains powered off', '0000-00-00'),
(1315, '15702', 'hoist', 'gh3-250-110-1000', 'guldmann', '', '2010-12-14', '2000-01-01', '2013-09-12', 'room 4', '2000-01-01', '', '', 'needs to be reinstalled and commissioned by ourselves - 10/11/14 travel rail is to short and has been incorrectly  fixed-mariusz', '0000-00-00'),
(1316, '12823', 'hoist', 'gh3-250-110-1000', 'guldmann', '', '2010-12-14', '2000-01-01', '2014-12-14', '', '2000-01-01', '', '', '', '0000-00-00'),
(1317, '120001-3775-2006', 'hoist', 'gh2-dc', 'guldmann', '', '2006-10-19', '2000-01-01', '2009-08-27', '', '2000-01-01', '', '', '', '0000-00-00'),
(1318, '120001-4276-2006', 'hoist', 'gh2-dc', 'guldmann', '', '2005-07-27', '2000-01-01', '2014-08-26', '', '2000-01-01', '', '', '', '0000-00-00'),
(1319, '', 'shower screen', 'akw', '', '', '2012-07-25', '2000-01-01', '2013-07-25', '', '2000-01-01', '', '', '', '0000-00-00'),
(1320, '0767.12.12', 'avero classic', 'avero classic', 'beka', '', '2012-03-30', '2000-01-01', '2013-03-29', '', '2000-01-01', '', '', '', '0000-00-00'),
(1321, '46102', '4m b rails straight track', 'gh1', 'guldmann', '', '2012-05-23', '2000-01-01', '2016-11-23', '', '2000-01-01', '', '', '23/11/2015 thorough service carried out by ruiri', '0000-00-00'),
(1322, '1356-2002', '3m midi straight track', 'gh2', 'guldmann', '', '2012-05-23', '2000-01-01', '2013-05-22', '', '2000-01-01', '', '', '', '0000-00-00'),
(1323, '0230-2001', '7m x 3m room cover', 'gh2', 'guldmann', '', '2012-05-23', '2000-01-01', '2013-05-22', '', '2000-01-01', '', '', '', '0000-00-00'),
(1324, '95002', 'gh1', 'guldmann', 'guldmann', '', '2013-05-01', '2016-06-16', '2016-12-21', 'room 12 upstairs, 2nd ward', '2000-01-01', '', '', '21/12/2015 service carried out', '0000-00-00'),
(1325, '94992', 'gh1', 'guldmann', 'guldmann', '', '2013-05-01', '2016-06-16', '2016-12-21', 'room 9 upstairs, 2nd ward', '2000-01-01', '', '', '21/12/2015 ian did full service', '0000-00-00'),
(1326, '94996', 'gh1', 'guldmann', 'guldmann', '', '2013-05-01', '2016-06-16', '2016-12-21', 'room 1 upstairs', '2000-01-01', '', '', '21/12/2015 ian did full service', '0000-00-00'),
(1327, '95000', 'gh1', 'guldmann', 'guldmann', '', '2013-05-01', '2016-06-16', '2016-12-21', 'room r 124', '2000-01-01', '', '', '21/12/2015 ian did full service', '0000-00-00'),
(1328, '94994', 'gh1', 'guldmann', 'guldmann', '', '2013-05-01', '2016-06-16', '2016-12-21', 'room 8 upstairs, 2nd ward', '2000-01-01', '', '', '21/12/2015 ian did full service', '0000-00-00'),
(1329, '97438', 'gh1', 'guldmann', 'guldmann', '', '2013-05-01', '2016-06-16', '2016-12-21', 'room r 51', '2000-01-01', '', '', '21/12/2015 ian did full service', '0000-00-00'),
(1330, '04854', 'gh1', 'guldmann', 'guldmann', '', '2013-05-01', '2016-06-16', '2016-12-21', 'room r 28', '2000-01-01', '', '', '21/12/2015 ian did full service', '0000-00-00'),
(1331, '94995', 'gh1', 'guldmann', 'guldmann', '', '2013-05-01', '2016-06-16', '2016-12-21', 'room 6 upstairs, 2nd ward', '2000-01-01', '', '', '21/12/2015 ian carried out full service', '0000-00-00'),
(1332, '97437', 'gh1', 'guldmann', 'guldmann', '', '2013-05-01', '2016-06-15', '2016-12-21', 'room 4', '2000-01-01', '', '', '21/12/2015  thorough service done', '0000-00-00'),
(1333, '94983', 'gh1', 'guldmann', 'guldmann', '', '2013-05-01', '2016-06-15', '2016-12-21', 'room 13 upstairs, 2nd ward', '2000-01-01', '', '', '21/12/2015 ian did full service', '0000-00-00'),
(1334, '94988', 'gh1', 'guldmann', 'guldmann', '', '2013-05-01', '2016-06-15', '2016-12-21', 'room r 123', '2000-01-01', '', '', '21/12/2015 full service done by ian', '0000-00-00'),
(1335, '97459', 'gh1', 'guldmann', 'guldmann', '', '2013-05-01', '2016-06-15', '2016-12-21', 'room r 58', '2000-01-01', '', '', '21/12/2015 ian did thorough service', '0000-00-00'),
(1336, '94982', 'gh1', 'guldmann', 'guldmann', '', '2013-05-01', '2016-06-15', '2016-12-21', 'room 10 upstairs, 2nd ward', '2000-01-01', '', '', '21/12/2015 ian did full service', '0000-00-00'),
(1337, '97444', 'gh1', 'guldmann', 'guldmann', '', '2013-05-01', '2016-06-15', '2016-12-21', 'room r 50', '2000-01-01', '', '', '21/12/2015 ian did full service', '0000-00-00'),
(1338, '94991', 'gh1', 'guldmann', 'guldmann', '', '2013-05-01', '2016-06-15', '2016-12-21', 'room 3 upstairs, 2nd ward', '2000-01-01', '', '', '21/12/2015 ian did full service', '0000-00-00'),
(1339, '94986', 'gh1', 'guldmann', 'guldmann', '', '2013-05-01', '2016-06-15', '2016-12-21', 'room 7 upstairs, 2nd ward', '2000-01-01', '', '', '21/12/2015 ian did full service', '0000-00-00'),
(1340, '97448', 'gh1', 'guldmann', 'guldmann', '', '2013-05-01', '2016-06-15', '2016-12-21', 'room r 54', '2000-01-01', '', '', '21/12/2015 ian completed full service', '0000-00-00'),
(1341, '97452', 'gh1', 'guldmann', 'guldmann', '', '2013-05-01', '2016-06-15', '2016-12-21', 'room r 44 wc', '2000-01-01', '', '', '21/12/20154 ian did full service', '0000-00-00'),
(1342, '94998', 'gh1', 'guldmann', 'guldmann', '', '2013-05-01', '2016-06-15', '2016-12-21', 'room 14 upstairs, 2nd ward', '2000-01-01', '', '', '21/12/2015 ian did full service', '0000-00-00'),
(1343, '95001', 'gh1', 'guldmann', 'guldmann', '', '2013-05-01', '2016-06-15', '2016-12-21', 'room 11 upstairs, 2nd ward', '2000-01-01', '', '', '21/12/2015 thorough service carried', '0000-00-00'),
(1344, '94980', 'gh1', 'guldmann', 'guldmann', '', '2013-05-01', '2016-06-15', '2016-12-21', 'room 4 upstairs, 2nd ward', '2000-01-01', '', '', '21/12/2015 ian did full service', '0000-00-00'),
(1345, '97447', 'gh1', 'guldmann', 'guldmann', '', '2013-05-01', '2016-06-15', '2016-12-21', 'room r 21', '2000-01-01', '', '', '21/12/2015 ian did full service', '0000-00-00'),
(1346, '97446', 'gh1', 'guldmann', 'guldmann', '', '2013-05-01', '2016-06-15', '2016-12-21', 'room r 106 physiotherapy', '2000-01-01', '', '', '21/12/15 ian carried out full service', '0000-00-00'),
(1347, '97445', 'gh1', 'guldmann', 'guldmann', '', '2013-05-01', '2016-06-15', '2016-12-21', 'room r 61', '2000-01-01', '', '', '21/12/2015 ian carried out full service', '0000-00-00'),
(1348, '04850', 'gh1', 'guldmann', 'guldmann', '', '2013-05-01', '2016-06-15', '2016-12-21', 'room r 24', '2000-01-01', '', '', '21/12/2015 ian did full service', '0000-00-00'),
(1349, '94985', 'gh1', 'guldmann', 'guldmann', '', '2013-05-01', '2016-06-15', '2016-12-21', 'room 2 upstairs, 2nd ward', '2000-01-01', '', '', '21/12/2015 ian did full service', '0000-00-00'),
(1350, '95003', 'gh1', 'guldmann', 'guldmann', '', '2013-05-01', '2016-06-15', '2016-12-21', 'room r 142', '2000-01-01', '', '', '21/12/2015 ian did full service', '0000-00-00'),
(1351, '97455', 'gh1', 'guldmann', 'guldmann', '', '2013-05-01', '2016-06-15', '2016-12-21', 'room r 31', '2000-01-01', '', '', '21/12/2015 ian did full service', '0000-00-00'),
(1352, '97450', 'gh1', 'guldmann', 'guldmann', '', '2013-05-01', '2016-06-15', '2016-12-21', 'room r 43', '2000-01-01', '', '', '21/12/2015 ian arried out full service', '0000-00-00'),
(1353, '97449', 'gh1', 'guldmann', 'guldmann', '', '2013-05-01', '2016-06-14', '2016-12-21', 'room assisted toilet, upstairs', '2000-01-01', '', '', '21/12/15 ian did full service', '0000-00-00'),
(1354, '94989', 'gh1', 'guldmann', 'guldmann', '', '2013-05-01', '2016-06-14', '2016-12-21', 'room 5 upstairs, 2nd ward', '2000-01-01', '', '', '21/12/2015 ian did full service', '0000-00-00'),
(1355, '94990', 'gh1', 'guldmann', 'guldmann', '', '2013-05-01', '2016-06-14', '2016-12-21', 'room r 132', '2000-01-01', '', '', '21/12/2015 ian did full service', '0000-00-00'),
(1356, '94987', 'gh1', 'guldmann', 'guldmann', '', '2013-05-01', '2016-06-14', '2016-12-21', 'room 15 upstairs, 2nd ward', '2000-01-01', '', '', '21/12/2015 ian did full service', '0000-00-00'),
(1357, '97453', 'gh1', 'guldmann', 'guldmann', '', '2013-05-01', '2016-06-09', '2016-12-21', 'room assisted bathroom, downstairs', '2000-01-01', '', '', '21/12/2015 ian did full service', '0000-00-00'),
(1358, '04853', 'gh1', 'guldmann', 'guldmann', '', '2013-05-01', '2016-06-08', '2016-12-21', 'room r 63', '2000-01-01', '', '', '21/12/2015 ian did full service', '0000-00-00'),
(1359, '94997', 'gh1', 'guldmann', 'guldmann', '', '2013-05-01', '2016-06-08', '2016-12-21', 'room 5, top floor,', '2000-01-01', '', '', '21/12/2015 ian did full service', '0000-00-00'),
(1360, '97454', 'gh1', 'guldmann', 'guldmann', '', '2013-05-01', '2000-01-01', '2016-12-21', 'room 18 downstairs', '2000-01-01', '', '', '21/12/2015 ian carried out full service', '0000-00-00'),
(1361, '97442', 'gh1', 'guldmann', 'guldmann', '', '2013-05-01', '2000-01-01', '2015-12-16', 'room r 36', '2000-01-01', '', '', '16/12/14 scott and ian did full service', '0000-00-00'),
(1362, '04849', 'gh1', 'guldmann', 'guldmann', '', '2013-05-01', '2000-01-01', '2016-12-21', 'room r 55', '2000-01-01', '', '', '21/12/2015 thorough service carried out', '0000-00-00'),
(1363, '0401.12.12', 'k2', 'guldmann', 'beka', '', '2000-01-01', '2000-01-01', '2014-10-31', '', '2000-01-01', '', '', '', '0000-00-00'),
(1364, '94993', 'gh1', 'guldmann', 'guldmann', '', '2013-05-01', '2000-01-01', '2015-12-16', 'room assisted bathroom upstairs, 2nd ward', '2000-01-01', '', '', '16/12/14 scott and ian did full service', '0000-00-00'),
(1365, '94981', 'gh1', 'guldmann', 'guldmann', '', '2013-05-01', '2000-01-01', '2016-12-21', 'room 4 top floor', '2000-01-01', '', '', '21/12/15 ian carried out full service', '0000-00-00'),
(1366, '97443', 'gh1', 'guldmann', 'guldmann', '', '2013-05-01', '2000-01-01', '2015-12-16', 'room r 109 wc', '2000-01-01', '', '', '116/12/14 scott and ian did full service', '0000-00-00'),
(1367, '94999', 'gh1', 'guldmann', 'guldmann', '', '2013-05-01', '2000-01-01', '2016-12-21', 'room 12 upstairs, 2nd ward', '2000-01-01', '', '', '21/12/15 ian did full service', '0000-00-00'),
(1368, '97458', 'gh1', 'guldmann', 'guldmann', '', '2013-05-01', '2000-01-01', '2016-12-21', 'room 16 downstairs', '2000-01-01', '', '', '21/12/2015 ian did full service', '0000-00-00'),
(1369, '97441', 'gh1', 'guldmann', 'guldmann', '', '2013-05-01', '2000-01-01', '2016-12-21', 'room 9 downstairs', '2000-01-01', '', '', '21/12/2015 thorough service carried out by ian', '0000-00-00'),
(1370, '94457', 'gh1', 'guldmann', 'guldmann', '', '2013-04-30', '2000-01-01', '2014-12-17', 'room 7', '2000-01-01', '', '', '', '0000-00-00'),
(1371, '97458', 'gh1', 'guldmann', 'guldmann', '', '2013-04-30', '2000-01-01', '2014-12-17', 'room 16 downstairs', '2000-01-01', '', '', '', '0000-00-00'),
(1372, '97451', 'gh1', 'guldmann', 'guldmann', '', '2013-05-01', '2000-01-01', '2016-12-21', 'assisted toilet downstairs', '2000-01-01', '', '', '21/12/2015 ian carried out full service', '0000-00-00'),
(1373, '97457', 'gh1', 'guldmann', 'guldmann', '', '2013-05-01', '2000-01-01', '2016-12-21', 'room r 32', '2000-01-01', '', '', '21/12/2015 thorough service carried out by ian', '0000-00-00'),
(1374, 'N40-0768', 'shower bed', 'aqualine', 'ropox', '', '2008-11-27', '2000-01-01', '2016-03-31', '', '2000-01-01', '', '', '31/03/2015 scott and ian carried out full service', '0000-00-00'),
(1375, '120001-1096-2007', 'hoist', 'gh2', 'guldmann', '', '2007-02-21', '2016-02-10', '2016-08-10', 'snoozelan room', '2000-01-01', '', '', '10/9/2015 - ruiri carried out fullservice and replaced hand controller', '0000-00-00'),
(1376, '120001-2970-2004', 'hoist', 'gh2', 'guldmann', '', '2004-12-08', '2000-01-01', '2016-03-30', 'gweedore road', '2015-07-24', '', '', '07/09/2015 - tested hoist and removed hoist - ruiri brought it back to cork - new one quoted for.', '0000-00-00'),
(1377, '120001-1011-2003', 'hoist', 'gh2', 'guldmann', '', '2005-01-11', '2000-01-01', '2016-03-31', 'single bedroom', '2000-01-01', '', '', '31/03/2015 scott and ian carried out full service, batteries to be replaced at next service', '0000-00-00'),
(1378, '120001-2659-2002', 'hoist', 'gh2', 'guldmann', '', '2002-11-07', '2000-01-01', '2016-03-30', 'sitting room', '2000-01-01', '', '', '31/3/15 scott and ian carried out full service', '0000-00-00'),
(1379, '120001-2662-2002', 'hoist', 'gh2', 'guldmann', '', '2002-11-07', '2000-01-01', '2016-03-31', 'double room', '2000-01-01', '', '', 'batteries replaced', '0000-00-00'),
(1380, 'N41-0871', 'shower/changing bench', 'hudson', 'ropox', '', '2011-08-09', '2000-01-01', '2016-03-30', 'gweedore road', '2000-01-01', '', '', '30/3/15 scott and ian carried out thorough service', '0000-00-00'),
(1381, '1954256008772', 'weighing chair', 'seca', '', '', '2007-06-12', '2000-01-01', '2016-03-30', 'gweedore road', '2000-01-01', '', '', '30/3/15 ian and scott carried out full service', '0000-00-00'),
(1382, '63684', 'v-amat', 'vamat', 'spahn reha', '', '2000-01-01', '2000-01-01', '2015-08-28', 'gweedore road', '2000-01-01', '', '', '28/08/2014 scott serviced vamat', '0000-00-00'),
(1383, '2831', 'v-amat', 'vamat', 'spahn reha', '', '2007-06-12', '2000-01-01', '2016-09-10', 'gweedore road', '2000-01-01', '', '', '10/09/2015 - thorough service carried out by ruiri and clive', '0000-00-00'),
(1384, '120001-2091-2007', 'hoist', 'gh2-ac, gantry system', 'guldmann', '', '2007-06-12', '2000-01-01', '2016-03-30', 'chapel road', '2000-01-01', '', '', '30/03/15 scott and ian carried out full service', '0000-00-00'),
(1385, '2770', 'hoist', 'gh2', 'guldmann', '', '2004-12-08', '2000-01-01', '2015-08-27', 'gweedore road', '2000-01-01', '', '', '28/08/14 scott-thorough service carried out', '0000-00-00'),
(1386, '120001-1564-2009', 'hoist', 'gh2', 'guldmann', '', '2009-07-02', '2000-01-01', '2016-09-10', 'gweedore road', '2000-01-01', '', '', '10/09/2015 thorough service carried out by ruiri and clive', '0000-00-00'),
(1387, '120001-4244-2006', 'hoist', 'gh2-dc', 'guldmann', '', '2007-07-25', '2000-01-01', '2014-10-30', 'burren view day care', '2000-01-01', '', '', '', '0000-00-00'),
(1388, '48240', '3m straight track', 'gh1 200 110 0000', 'guldmann', '', '2011-08-29', '2000-01-01', '2015-12-12', '', '2000-01-01', '', '', '15/01/2016 replaced docked station', '0000-00-00'),
(1389, '200-110-0000-56929', '7m x 4m room cover', 'gh1', 'guldmann', '', '2012-01-27', '2000-01-01', '2015-02-17', '', '2000-01-01', '', '', '', '0000-00-00'),
(1390, '30-1000', 'changing bench', 'bench', 'ropox', '', '2004-01-22', '2000-01-01', '2011-04-01', 'early childhood services', '2000-01-01', '', '', '', '0000-00-00'),
(1391, '27220', 'hoist', 'gh1', 'guldmann', '', '2013-10-07', '2000-01-01', '2016-01-26', 'grove road', '2000-01-01', '', '', '26/1/2015 thorough service carried out, hoist was turned off', '0000-00-00'),
(1392, 'xxx', 'hoist', 'gantry', 'guldmann', '', '2010-04-13', '2000-01-01', '2011-04-12', 'gweedore road', '2000-01-01', '', '', '', '0000-00-00'),
(1393, '57379', 'hoist', 'gantry', 'guldmann', '', '2012-07-09', '2000-01-01', '2013-07-09', 'gweedore road', '2000-01-01', '', '', '', '0000-00-00'),
(1394, '120001-1755-2006', 'hoist', 'gh2-dc', 'guldmann', '', '2006-05-31', '2000-01-01', '2016-03-31', 'house 4 ard greine', '2000-01-01', '', '', '31/3/15 scott and ian carried out full service', '0000-00-00'),
(1395, '120001-1768-2006', 'hoist', 'gh2-dc', 'guldmann', '', '2006-05-31', '2000-01-01', '2016-03-31', 'house 2 ard greine', '2000-01-01', '', '', '17/08/2015 hoist was not charging  - inspected system and now charging 100%', '0000-00-00'),
(1396, '120001-1756-2006', 'hoist', 'gh2-dc', 'guldmann', '', '2006-05-31', '2000-01-01', '2016-03-31', 'house 6 ard greine', '2000-01-01', '', '', '08/07/2015 - clive removed hoist for repair and returned the next day, reinstalled and working fine', '0000-00-00'),
(1397, '120001-1754-2006', 'hoist', 'gh2-dc', 'guldmann', '', '2006-05-30', '2000-01-01', '2016-03-31', 'house 1 ard greine', '2000-01-01', '', '', '17 & 18 august 2015 - clive called back to check relaginment, he realigned track each time, working 100%', '0000-00-00'),
(1398, '120001-1757-2006', 'hoist', 'gh2-dc', 'guldmann', '', '2006-05-31', '2000-01-01', '2016-03-31', 'house 3 ard greine', '2000-01-01', '', '', '31/3/15 scott ad ian carried out full service', '0000-00-00'),
(1399, '120001-1767-2006', 'hoist', 'gh2-dc', 'guldmann', '', '2006-05-31', '2000-01-01', '2016-03-31', 'house 5 ard greine', '2000-01-01', '', '', '31/3/15 scott and ian carried out full service, batteries replaced', '0000-00-00'),
(1400, '0138.16.06', 'bathtub', 'k2', 'beka', '', '2006-05-25', '2000-01-01', '2016-03-31', 'house 3 ard greine', '2000-01-01', '', '', 'drain faulty needs replacement', '0000-00-00'),
(1401, '0128.09.06', 'bathtub', 'k2', 'beka', '', '2006-05-25', '2000-01-01', '2016-03-31', 'house 5 ard greine', '2000-01-01', '', '', '31/3/15  scott and ian carried out full service', '0000-00-00'),
(1402, '0130.09.06', 'bathtub', 'k2', 'beka', '', '2006-05-25', '2000-01-01', '2016-03-31', 'house 6 ard greine', '2000-01-01', '', '', '31/3/15 scott and ian did full service,', '0000-00-00'),
(1403, '0137.09.06', 'bathtub', 'k2', 'beka', '', '2006-05-25', '2000-01-01', '2016-03-31', 'house 2 ard greine', '2000-01-01', '', '', '05/09/2015 new handset fitted by clive, working perfectly but needs magnetic strip to hold controller', '0000-00-00'),
(1404, '0131.10.06', 'bathtub', 'k2', 'beka', '', '2006-05-25', '2000-01-01', '2016-03-31', 'house 1 ard greine', '2000-01-01', '', '', '31/3/2015 scott and ian carried out full service', '0000-00-00'),
(1405, '0127.09.06', 'bathtub', 'k2', 'beka', '', '2006-05-25', '2000-01-01', '2016-03-31', 'house 4 ard greine', '2000-01-01', '', '', '22/08/2015 new blower fitted by clive', '0000-00-00'),
(1406, '120001-3780-2006', 'hoist', 'gh2', 'guldmann', '', '2007-11-22', '2000-01-01', '2008-11-22', 'lismirrane', '2000-01-01', '', '', '', '0000-00-00'),
(1407, '', 'aqualine', '1.4m', 'ropox', '', '2008-04-08', '2000-01-01', '2009-04-07', '', '2000-01-01', '', '', '', '0000-00-00'),
(1408, '120001-1835-2008', 'hoist', 'gh2-ac', 'guldmann', '', '2008-04-08', '2000-01-01', '2011-11-04', '', '2000-01-01', '', '', '', '0000-00-00'),
(1409, '', 'v-amat', 'v-amat', 'spahn reha', '', '2008-04-08', '2000-01-01', '2009-04-07', '', '2000-01-01', '', '', '', '0000-00-00'),
(1410, '714716', 'aerolet', 'aerolet', 'economic holland', '', '2009-06-12', '2000-01-01', '2012-06-09', 'oakview village', '2000-01-01', '', '', '', '0000-00-00'),
(1411, 'N40-1145', 'shower bed', 'aqualine', 'ropox', '', '2009-06-12', '2000-01-01', '2012-06-10', 'oakview village', '2000-01-01', '', '', '', '0000-00-00'),
(1412, '120001-2492-2009', 'hoist', 'gh2', 'guldmann', '', '2009-06-12', '2000-01-01', '2012-06-09', 'oakview village', '2000-01-01', '', '', '', '0000-00-00'),
(1413, '120001-2527-2009', 'hoist', 'gh2', 'guldmann', '', '2009-06-12', '2000-01-01', '2012-06-10', 'oakview village', '2000-01-01', '', '', '', '0000-00-00'),
(1414, '120001-3614-2009', 'hoist', 'gh2', 'guldmann', '', '2009-06-12', '2000-01-01', '2012-06-10', 'oakview village', '2000-01-01', '', '', '', '0000-00-00'),
(1415, '120001-2493-2009', 'hoist', 'gh2', 'guldmann', '', '2009-06-12', '2000-01-01', '2012-06-12', 'oakview village', '2000-01-01', '', '', '', '0000-00-00'),
(1416, '120001-3616-2009', 'hoist', 'gh2', 'guldmann', '', '2009-06-12', '2000-01-01', '2012-06-10', 'oakview village', '2000-01-01', '', '', '', '0000-00-00'),
(1417, '120001-2515-2009', 'hoist', 'gh2', 'guldmann', '', '2009-06-12', '2000-01-01', '2012-06-10', 'oakview village', '2000-01-01', '', '', '', '0000-00-00'),
(1418, '120001-4279-2009', 'hoist', 'gh2', 'guldmann', '', '2009-06-12', '2000-01-01', '2012-06-10', 'oakview village', '2000-01-01', '', '', '', '0000-00-00'),
(1419, '120001-4268-2009', 'hoist', 'gh2', 'guldmann', '', '2009-06-12', '2000-01-01', '2012-06-10', 'oakview village', '2000-01-01', '', '', '', '0000-00-00'),
(1420, '3711509131102411', 'flexi frame', 'kitframe', 'ropox', '', '2009-06-12', '2000-01-01', '2012-06-10', 'oakview village', '2000-01-01', '', '', '', '0000-00-00'),
(1421, '3711509131102403', 'flexi frame', 'kitframe', 'ropox', '', '2009-06-12', '2000-01-01', '2012-06-10', 'oakview village', '2000-01-01', '', '', '', '0000-00-00'),
(1422, 'N40-1514', 'washbasin', 'wash basin', 'ropox', '', '2009-06-12', '2000-01-01', '2012-06-09', 'oakview village', '2000-01-01', '', '', '', '0000-00-00'),
(1423, 'N40-1544', 'washbasin', 'wash basin', 'ropox', '', '2009-06-12', '2000-01-01', '2012-06-09', 'oakview village', '2000-01-01', '', '', '', '0000-00-00'),
(1424, 'N40-1515', 'washbasin', 'wash basin', 'ropox', '', '2009-06-12', '2000-01-01', '2010-06-11', 'oakview village', '2000-01-01', '', '', '', '0000-00-00'),
(1425, '120001-1576-2005', 'hoist', 'gh2 r', 'guldmann', '', '2006-04-04', '2000-01-01', '2008-10-23', 'swimming pool', '2000-01-01', '', '', '', '0000-00-00'),
(1426, '2013021707-0001', 'bed', 'sentida 5', 'wi-bo', '', '2013-04-04', '2000-01-01', '2015-04-04', 'clonsilla', '2000-01-01', '', '', '3/7/14 installed two bumpers on the bed', '0000-00-00'),
(1427, '2013036553-0001', '', 'sentida 6', 'wi-bo', '', '2013-04-04', '2000-01-01', '2000-01-01', 'sonas 4', '2000-01-01', '', '', '', '0000-00-00'),
(1428, '2013036553-0002', '', 'sentida 6', 'wi-bo', '', '2013-04-04', '2000-01-01', '2000-01-01', 'sonas 5', '2000-01-01', '', '', '', '0000-00-00'),
(1429, '2013036553-0003', '', 'sentida 6', 'wi-bo', '', '2013-04-04', '2000-01-01', '2000-01-01', 'sonas 4', '2000-01-01', '', '', '', '0000-00-00'),
(1430, '2014000724-0003', '', 'sentida 6', 'wi-bo', '', '2000-01-01', '2000-01-01', '2000-01-01', 'our ladys', '2000-01-01', '', '', '', '0000-00-00'),
(1431, '2013036553-0004', '', 'sentida 6', 'wi-bo', '', '2013-11-06', '2000-01-01', '2000-01-01', 'sonas 5', '2000-01-01', '', '', '', '0000-00-00'),
(1432, '2013036553-0005', '', 'sentida 6', 'wi-bo', '', '2013-04-04', '2000-01-01', '2000-01-01', 'sonas 3', '2000-01-01', '', '', '', '0000-00-00'),
(1433, '2013036553-0006', '', 'sentida 6', 'wi-bo', '', '2013-04-04', '2000-01-01', '2000-01-01', 'sonas 5', '2000-01-01', '', '', '', '0000-00-00'),
(1434, '2013036553-0007', '', 'sentida 6', 'wi-bo', '', '2013-04-04', '2000-01-01', '2000-01-01', 'sonas 4', '2000-01-01', '', '', '', '0000-00-00'),
(1435, '2013036553-0008', '', 'sentida 6', 'wi-bo', '', '2013-04-04', '2000-01-01', '2000-01-01', 'sonas 3', '2000-01-01', '', '', '', '0000-00-00'),
(1436, '2013036553-0009', '', 'sentida 6', 'wi-bo', '', '2013-11-06', '2000-01-01', '2000-01-01', 'sonas 3', '2000-01-01', '', '', '', '0000-00-00'),
(1437, '2013036553-0010', '', 'sentida 6', 'wi-bo', '', '2013-04-04', '2000-01-01', '2000-01-01', 'sonas 3', '2000-01-01', '', '', '', '0000-00-00'),
(1438, '2013036553-0011', '', 'sentida 6', 'wi-bo', '', '2013-04-04', '2000-01-01', '2000-01-01', 'sonas 3', '2000-01-01', '', '', '', '0000-00-00'),
(1439, '2013036554-001', '', 'sentida 6', 'wi-bo', '', '2013-04-04', '2000-01-01', '2000-01-01', 'sonas 1', '2000-01-01', '', '', '', '0000-00-00'),
(1440, '2013036554-002', '', 'sentida 6', 'wi-bo', '', '2013-04-04', '2000-01-01', '2000-01-01', 'sonas 2', '2000-01-01', '', '', '', '0000-00-00'),
(1441, '2013036554-003', '', 'sentida 6', 'wi-bo', '', '2013-11-06', '2000-01-01', '2000-01-01', 'sonas 2', '2000-01-01', '', '', '', '0000-00-00'),
(1442, '2013036554-004', '', 'sentida 6', 'wi-bo', '', '2013-04-04', '2000-01-01', '2000-01-01', 'sonas 2', '2000-01-01', '', '', '', '0000-00-00'),
(1443, '2013036554-005', '', 'sentida 6', 'wi-bo', '', '2013-04-04', '2000-01-01', '2000-01-01', 'sonas 2', '2000-01-01', '', '', '', '0000-00-00'),
(1444, '2013036554-006', '', 'sentida 6', 'wi-bo', '', '2013-04-04', '2000-01-01', '2000-01-01', 'sonas 6', '2000-01-01', '', '', '', '0000-00-00');
INSERT INTO `stock` (`stockid`, `serialid`, `name`, `model`, `manufacturer`, `product_description`, `installation_date`, `inspection_date`, `service_date`, `location`, `contract_renewal_date`, `contract_type`, `funded_by`, `last_results`, `next_service`) VALUES
(1445, '2013036554-007', '', 'sentida 6', 'wi-bo', '', '2013-04-04', '2000-01-01', '2000-01-01', 'dementia 8', '2000-01-01', '', '', '', '0000-00-00'),
(1446, '2013036554-008', '', 'sentida 6', 'wi-bo', '', '2013-11-06', '2000-01-01', '2000-01-01', 'dementia 8', '2000-01-01', '', '', '', '0000-00-00'),
(1447, '2013036554-009', '', 'sentida 6', 'wi-bo', '', '2013-04-04', '2000-01-01', '2000-01-01', 'dementia 8', '2000-01-01', '', '', '', '0000-00-00'),
(1448, '2013036554-010', '', 'sentida 6', 'wi-bo', '', '2013-04-04', '2000-01-01', '2000-01-01', 'sonas 5', '2000-01-01', '', '', '', '0000-00-00'),
(1449, '2013036554-011', '', 'sentida 6', 'wi-bo', '', '2013-04-04', '2000-01-01', '2000-01-01', 'sonas 6', '2000-01-01', '', '', '', '0000-00-00'),
(1450, '2013036554-012', '', 'sentida 6', 'wi-bo', '', '2013-04-04', '2000-01-01', '2000-01-01', 'sonas 6', '2000-01-01', '', '', '', '0000-00-00'),
(1451, '2013036554-013', '', 'sentida 6', 'wi-bo', '', '2013-11-06', '2000-01-01', '2000-01-01', 'sonas 5', '2000-01-01', '', '', '', '0000-00-00'),
(1452, '2013036554-014', '', 'sentida 6', 'wi-bo', '', '2013-04-04', '2000-01-01', '2000-01-01', 'sonas 5', '2000-01-01', '', '', '', '0000-00-00'),
(1453, '2013036554-015', '', 'sentida 6', 'wi-bo', '', '2013-04-04', '2000-01-01', '2000-01-01', 'sonas 6', '2000-01-01', '', '', '', '0000-00-00'),
(1454, '2013036554-016', '', 'sentida 6', 'wi-bo', '', '2013-04-04', '2000-01-01', '2000-01-01', 'sonas 6', '2000-01-01', '', '', '', '0000-00-00'),
(1455, '2013036554-017', '', 'sentida 6', 'wi-bo', '', '2013-04-04', '2000-01-01', '2000-01-01', 'sonas 6', '2000-01-01', '', '', '', '0000-00-00'),
(1456, '2013036554-018', '', 'sentida 6', 'wi-bo', '', '2013-11-06', '2000-01-01', '2000-01-01', 'dementia 6', '2000-01-01', '', '', '', '0000-00-00'),
(1457, '2013036554-019', '', 'sentida 6', 'wi-bo', '', '2013-04-04', '2000-01-01', '2000-01-01', 'dementia 8', '2000-01-01', '', '', '', '0000-00-00'),
(1458, '2013036554-020', '', 'sentida 6', 'wi-bo', '', '2013-04-04', '2000-01-01', '2000-01-01', 'dementia6', '2000-01-01', '', '', '', '0000-00-00'),
(1459, '2013036554-021', '', 'sentida 6', 'wi-bo', '', '2013-04-04', '2000-01-01', '2000-01-01', 'dementia 8', '2000-01-01', '', '', '', '0000-00-00'),
(1460, '2013036554-022', '', 'sentida 6', 'wi-bo', '', '2013-04-04', '2000-01-01', '2000-01-01', 'dementia 6', '2000-01-01', '', '', '', '0000-00-00'),
(1461, '2013036554-023', '', 'sentida 6', 'wi-bo', '', '2013-11-06', '2000-01-01', '2000-01-01', 'dementia 6', '2000-01-01', '', '', '', '0000-00-00'),
(1462, '2013036554-024', '', 'sentida 6', 'wi-bo', '', '2013-04-04', '2000-01-01', '2000-01-01', 'dementia 6', '2000-01-01', '', '', '', '0000-00-00'),
(1463, '2013036554-025', '', 'sentida 6', 'wi-bo', '', '2013-04-04', '2000-01-01', '2000-01-01', 'dementia 6', '2000-01-01', '', '', '', '0000-00-00'),
(1464, '2013036554-026', '', 'sentida 6', 'wi-bo', '', '2013-04-04', '2000-01-01', '2000-01-01', 'sonas 1', '2000-01-01', '', '', '', '0000-00-00'),
(1465, '2013036554-027', '', 'sentida 6', 'wi-bo', '', '2013-04-04', '2000-01-01', '2000-01-01', 'sonas 2', '2000-01-01', '', '', '', '0000-00-00'),
(1466, '2013036554-028', '', 'sentida 6', 'wi-bo', '', '2013-11-06', '2000-01-01', '2000-01-01', 'sonas 1', '2000-01-01', '', '', '', '0000-00-00'),
(1467, '2013036554-029', '', 'sentida 6', 'wi-bo', '', '2013-04-04', '2000-01-01', '2000-01-01', 'sonas 2', '2000-01-01', '', '', '', '0000-00-00'),
(1468, '2013036554-030', '', 'sentida 6', 'wi-bo', '', '2013-04-04', '2000-01-01', '2000-01-01', 'sonas 1', '2000-01-01', '', '', '', '0000-00-00'),
(1469, '2013036554-031', '', 'sentida 6', 'wi-bo', '', '2013-04-04', '2000-01-01', '2000-01-01', 'sonas 1', '2000-01-01', '', '', '', '0000-00-00'),
(1470, '2013036554-032', '', 'sentida 6', 'wi-bo', '', '2013-04-04', '2000-01-01', '2000-01-01', 'sonas 4', '2000-01-01', '', '', '', '0000-00-00'),
(1471, '2013036554-033', '', 'sentida 6', 'wi-bo', '', '2013-11-06', '2000-01-01', '2000-01-01', 'sonas 4', '2000-01-01', '', '', '', '0000-00-00'),
(1472, '2013036554-034', '', 'sentida 6', 'wi-bo', '', '2013-04-04', '2000-01-01', '2000-01-01', 'sonas 3', '2000-01-01', '', '', '', '0000-00-00'),
(1473, '2013036554-035', '', 'sentida 6', 'wi-bo', '', '2013-04-04', '2000-01-01', '2000-01-01', 'sonas 4', '2000-01-01', '', '', '', '0000-00-00'),
(1474, '2013036554-036', '', 'sentida 6', 'wi-bo', '', '2013-04-04', '2000-01-01', '2000-01-01', 'sonas 1', '2000-01-01', '', '', '', '0000-00-00'),
(1475, '2013049527-0001', '', 'sentida 6', 'wi-bo', '', '2013-04-04', '2000-01-01', '2000-01-01', 'dementia 8', '2000-01-01', '', '', '', '0000-00-00'),
(1476, '2013049527-0002', '', 'sentida 6', 'wi-bo', '', '2013-11-06', '2000-01-01', '2000-01-01', 'dementia 8', '2000-01-01', '', '', '', '0000-00-00'),
(1477, '2013049527-0004', '', 'sentida 6', 'wi-bo', '', '2013-04-04', '2000-01-01', '2000-01-01', 'bethal house', '2000-01-01', '', '', '', '0000-00-00'),
(1478, '2013049527-0005', '', 'sentida 6', 'wi-bo', '', '2013-04-04', '2000-01-01', '2000-01-01', 'bethal house', '2000-01-01', '', '', '', '0000-00-00'),
(1479, '2013049527-0006', '', 'sentida 6', 'wi-bo', '', '2013-04-04', '2000-01-01', '2000-01-01', 'bethal house', '2000-01-01', '', '', '', '0000-00-00'),
(1480, '2013049527-0007', '', 'sentida 6', 'wi-bo', '', '2013-11-06', '2000-01-01', '2000-01-01', 'bethal house', '2000-01-01', '', '', '', '0000-00-00'),
(1481, '2013049527-0008', '', 'sentida 6', 'wi-bo', '', '2013-04-04', '2000-01-01', '2000-01-01', 'bethal house', '2000-01-01', '', '', '', '0000-00-00'),
(1482, '2013049527-0009', '', 'sentida 6', 'wi-bo', '', '2013-04-04', '2000-01-01', '2000-01-01', 'bethal house', '2000-01-01', '', '', '', '0000-00-00'),
(1483, '2013049527-0010', '', 'sentida 6', 'wi-bo', '', '2013-04-04', '2000-01-01', '2015-09-03', 'bethal house', '2000-01-01', '', '', '03/09/2014 mariusz carried out full service and replaced handset', '0000-00-00'),
(1484, '2013049527-0011', '', 'sentida 6', 'wi-bo', '', '2013-04-04', '2000-01-01', '2000-01-01', 'bethal house', '2000-01-01', '', '', '', '0000-00-00'),
(1485, '2013049527-0012', '', 'sentida 6', 'wi-bo', '', '2013-11-06', '2000-01-01', '2000-01-01', 'dementia 8, willow view', '2000-01-01', '', '', '', '0000-00-00'),
(1486, '2013049527-0013', '', 'sentida 6', 'wi-bo', '', '2013-04-04', '2000-01-01', '2000-01-01', 'bethal house', '2000-01-01', '', '', '', '0000-00-00'),
(1487, '2013049527-0014', '', 'sentida 6', 'wi-bo', '', '2013-04-04', '2000-01-01', '2000-01-01', 'bethal house', '2000-01-01', '', '', '', '0000-00-00'),
(1488, '2013054031-0001', '', 'sentida 6', 'wi-bo', '', '2013-04-04', '2000-01-01', '2015-04-15', 'our ladys', '2000-01-01', '', '', '24/3/14 mariusz replaced damaged footboard', '0000-00-00'),
(1489, '2013054031-0002', '', 'sentida 6', 'wi-bo', '', '2013-04-04', '2000-01-01', '2000-01-01', 'our ladys', '2000-01-01', '', '', '', '0000-00-00'),
(1490, '2013054031-0003', '', 'sentida 6', 'wi-bo', '', '2013-11-06', '2000-01-01', '2000-01-01', 'our ladys', '2000-01-01', '', '', '', '0000-00-00'),
(1491, '2013054031-0004', '', 'sentida 6', 'wi-bo', '', '2013-04-04', '2000-01-01', '2000-01-01', 'our ladys', '2000-01-01', '', '', '', '0000-00-00'),
(1492, '2013054031-0005', '', 'sentida 6', 'wi-bo', '', '2013-04-04', '2000-01-01', '2000-01-01', 'our ladys', '2000-01-01', '', '', '', '0000-00-00'),
(1493, '2013054031-0006', '', 'sentida 6', 'wi-bo', '', '2013-04-04', '2000-01-01', '2000-01-01', 'our ladys', '2000-01-01', '', '', '', '0000-00-00'),
(1494, '2013054031-0007', '', 'sentida 6', 'wi-bo', '', '2013-04-04', '2000-01-01', '2000-01-01', 'our ladys', '2000-01-01', '', '', '', '0000-00-00'),
(1495, '2013054031-0008', '', 'sentida 6', 'wi-bo', '', '2013-11-06', '2000-01-01', '2000-01-01', 'our ladys', '2000-01-01', '', '', '', '0000-00-00'),
(1496, '2013054031-0009', '', 'sentida 6', 'wi-bo', '', '2013-04-04', '2000-01-01', '2000-01-01', 'our ladys', '2000-01-01', '', '', '', '0000-00-00'),
(1497, '2013054031-0010', '', 'sentida 6', 'wi-bo', '', '2013-04-04', '2000-01-01', '2000-01-01', 'our ladys', '2000-01-01', '', '', '', '0000-00-00'),
(1498, '2013054031-0011', '', 'sentida 6', 'wi-bo', '', '2013-04-04', '2000-01-01', '2000-01-01', 'our ladys', '2000-01-01', '', '', '', '0000-00-00'),
(1499, '2013054031-0012', '', 'sentida 6', 'wi-bo', '', '2013-04-04', '2000-01-01', '2015-04-04', 'our ladys', '2000-01-01', '', '', '24/3/14 mariusz replaced damaged footboard -', '0000-00-00'),
(1500, '2013054031-0013', '', 'sentida 6', 'wi-bo', '', '2013-11-06', '2000-01-01', '2000-01-01', 'our ladys', '2000-01-01', '', '', '', '0000-00-00'),
(1501, '2013054031-0014', '', 'sentida 6', 'wi-bo', '', '2013-04-04', '2000-01-01', '2015-04-01', 'our ladys', '2000-01-01', '', '', '8/5/14 mariusz didthorough repair of sentida 6, new steel plate fitted on footboard,', '0000-00-00'),
(1502, '2013054031-0015', '', 'sentida 6', 'wi-bo', '', '2013-04-04', '2000-01-01', '2000-01-01', 'our ladys', '2000-01-01', '', '', '', '0000-00-00'),
(1503, '2013054031-0016', '', 'sentida 6', 'wi-bo', '', '2013-04-04', '2000-01-01', '2000-01-01', 'our ladys', '2000-01-01', '', '', '', '0000-00-00'),
(1504, '2013054031-0017', '', 'sentida 6', 'wi-bo', '', '2013-04-04', '2000-01-01', '2000-01-01', 'our ladys', '2000-01-01', '', '', '', '0000-00-00'),
(1505, '2013054031-0018', '', 'sentida 6', 'wi-bo', '', '2013-11-06', '2000-01-01', '2000-01-01', 'our ladys', '2000-01-01', '', '', '', '0000-00-00'),
(1506, '2013054031-0019', '', 'sentida 6', 'wi-bo', '', '2013-04-04', '2000-01-01', '2000-01-01', 'our ladys', '2000-01-01', '', '', '', '0000-00-00'),
(1507, '2013054031-0020', '', 'sentida 6', 'wi-bo', '', '2013-04-04', '2000-01-01', '2000-01-01', 'our ladys', '2000-01-01', '', '', '', '0000-00-00'),
(1508, '2013054031-0021', '', 'sentida 6', 'wi-bo', '', '2013-04-04', '2000-01-01', '2000-01-01', 'our ladys', '2000-01-01', '', '', '', '0000-00-00'),
(1509, '2013057325-0002', '', 'sentida 6', 'wi-bo', '', '2013-04-04', '2000-01-01', '2000-01-01', 'sacred heart', '2000-01-01', '', '', '', '0000-00-00'),
(1510, '2013057325-0003', '', 'sentida 6', 'wi-bo', '', '2013-11-06', '2000-01-01', '2000-01-01', 'sacred heart', '2000-01-01', '', '', '', '0000-00-00'),
(1511, '2013057325-0004', '', 'sentida 6', 'wi-bo', '', '2013-04-04', '2000-01-01', '2000-01-01', 'sacred heart', '2000-01-01', '', '', '', '0000-00-00'),
(1512, '2013057325-0005', '', 'sentida 6', 'wi-bo', '', '2013-04-04', '2000-01-01', '2000-01-01', 'our ladys', '2000-01-01', '', '', '', '0000-00-00'),
(1513, '2013057325-0006', '', 'sentida 6', 'wi-bo', '', '2013-04-04', '2000-01-01', '2000-01-01', 'our ladys', '2000-01-01', '', '', '', '0000-00-00'),
(1514, '2013057325-0007', '', 'sentida 6', 'wi-bo', '', '2013-04-04', '2000-01-01', '2000-01-01', 'our ladys', '2000-01-01', '', '', '', '0000-00-00'),
(1515, '2013057325-0008', '', 'sentida 6', 'wi-bo', '', '2013-11-06', '2000-01-01', '2000-01-01', 'our ladys', '2000-01-01', '', '', '', '0000-00-00'),
(1516, '2013057325-0009', '', 'sentida 6', 'wi-bo', '', '2013-04-04', '2000-01-01', '2000-01-01', 'sacred heart', '2000-01-01', '', '', '', '0000-00-00'),
(1517, '2013057325-0010', '', 'sentida 6', 'wi-bo', '', '2013-04-04', '2000-01-01', '2000-01-01', 'our ladys', '2000-01-01', '', '', '', '0000-00-00'),
(1518, '2014000724-0001', '', 'sentida 6', 'wi-bo', '', '2000-01-01', '2000-01-01', '2000-01-01', 'bethal house', '2000-01-01', '', '', '', '0000-00-00'),
(1519, '2014000724-0002', '', 'sentida 6', 'wi-bo', '', '2000-01-01', '2000-01-01', '2000-01-01', 'sacred heart', '2000-01-01', '', '', '', '0000-00-00'),
(1520, '56927', '4m b rails straight track', 'gh1', 'guldmann', '', '2012-06-10', '2000-01-01', '2013-06-10', 'dooradoyle', '2000-01-01', '', '', '', '0000-00-00'),
(1521, 'N40-1142', 'shower bench', 'hudson', 'ropox', '', '2012-06-10', '2000-01-01', '2013-06-10', 'dooradoyle', '2000-01-01', '', '', '', '0000-00-00'),
(1522, '', 'hoist', 'gh2', 'guldmann', '', '2010-08-11', '2000-01-01', '2014-08-10', '', '2000-01-01', '', '', '', '0000-00-00'),
(1523, 'Aventas', 'bath', 'clara', 'beka', '', '2000-01-01', '2000-01-01', '2016-08-20', 'mahon', '2000-01-01', '', '', '20/8/2015 john serviced clara aventas bath', '0000-00-00'),
(1524, '78-10004605110322', 'changing bench', 'mona', 'beka', '', '2005-12-08', '2000-01-01', '2013-01-02', '', '2000-01-01', '', '', '10/12/2015 ian replaced upholstery', '0000-00-00'),
(1525, '120001-3349-2003', 'hoist', 'gh2', 'guldmann', '', '2003-11-07', '2000-01-01', '2012-11-07', 'old road', '2000-01-01', '', '', '', '0000-00-00'),
(1526, '3845', 'v-amat', 'v-amat', 'spahn reha', '', '2003-11-07', '2000-01-01', '2012-11-16', 'old road', '2000-01-01', '', '', '', '0000-00-00'),
(1527, '22-1000', 'changing bench', 'vario', 'ropox', '', '2003-11-07', '2000-01-01', '2012-11-16', 'old road', '2000-01-01', '', '', '', '0000-00-00'),
(1528, '101108', 'screen', '11 section coloour h:1.85m l:2.75m', 'silentia', '', '2010-05-19', '2000-01-01', '2011-05-19', 'hospital grounds', '2000-01-01', '', '', '', '0000-00-00'),
(1529, '120001-2034-2005', 'hoist', 'gh2', 'guldmann', '', '2005-06-09', '2000-01-01', '2006-06-09', '', '2000-01-01', '', '', '', '0000-00-00'),
(1530, 'H183459.00085', 'nursing bed', 'movita', 'wi-bo', '', '2000-01-01', '2000-01-01', '2012-07-12', 'carrownaherick', '2000-01-01', '', '', '', '0000-00-00'),
(1531, '120001-0036-2003', 'hoist', 'gh2', 'guldmann', '', '2003-02-19', '2000-01-01', '2006-11-18', '', '2000-01-01', '', '', '', '0000-00-00'),
(1532, '113461-1039-2005', 'scales', '250kg', 'guldmann', '', '2008-01-15', '2000-01-01', '2011-04-07', 'plassey park road', '2000-01-01', '', '', '', '0000-00-00'),
(1533, '120001-4786-2007', 'hoist', 'gh2', 'guldmann', '', '2008-01-15', '2000-01-01', '2008-01-14', 'plassey park road', '2000-01-01', '', '', '', '0000-00-00'),
(1534, 'N40-1152', 'changing bench', 'vario', 'ropox', '', '2009-08-25', '2000-01-01', '2011-10-07', '', '2000-01-01', '', '', '', '0000-00-00'),
(1535, '42-1000', 'hoist', 'glhd', 'guldmann', '', '2004-06-30', '2000-01-01', '2000-01-01', '', '2000-01-01', '', '', '', '0000-00-00'),
(1536, '', 'bathtub', '155e', 'beka', '', '2005-10-17', '2000-01-01', '2000-01-01', 'springfort', '2000-01-01', '', '', '', '0000-00-00'),
(1537, '', 'bathtub', '155e', 'beka', '', '2005-10-17', '2000-01-01', '2000-01-01', 'springfort', '2000-01-01', '', '', '', '0000-00-00'),
(1538, '120001-1023-2008', 'hoist', 'gh2', 'guldmann', '', '2008-10-02', '2000-01-01', '2009-10-02', 'churtlestown', '2000-01-01', '', '', '', '0000-00-00'),
(1539, 'N40-0205', 'changing bench', 'vario', 'ropox', '', '2008-10-02', '2000-01-01', '2009-10-02', 'churtlestown', '2000-01-01', '', '', '', '0000-00-00'),
(1540, '', 'hoist', 'gh1', 'guldmann', '', '2014-02-01', '2000-01-01', '2015-02-01', 'gortlandroe', '2000-01-01', '', '', '', '0000-00-00'),
(1541, '27427', '4m x 4m room cover', 'gh3', 'guldmann', '', '2014-02-10', '2000-01-01', '2015-02-10', '7 dublin road', '2000-01-01', '', '', '', '0000-00-00'),
(1542, '37269', '4m x 4m room cover', 'gh3', 'guldmann', '', '2014-02-10', '2000-01-01', '2015-02-10', '7 dublin road', '2000-01-01', '', '', '', '0000-00-00'),
(1543, '12001-1652-2007', 'hoist', 'gh2', 'guldmann', '', '2007-07-24', '2000-01-01', '2015-10-29', '', '2000-01-01', '', '', '29/10/14 mairusz did thorough service and repair of hoist, replaced two batteries', '0000-00-00'),
(1544, '120001-1422-2005', 'hoist', 'gh2', 'guldmann', '', '2005-07-19', '2000-01-01', '2000-01-01', 'st. canice road, off ballygall road east', '2000-01-01', '', '', '', '0000-00-00'),
(1545, '120001-0236-2001', 'hoist', 'gh2', 'guldmann', '', '2002-02-01', '2000-01-01', '2014-07-17', 'bathroom deerpark center', '2000-01-01', '', '', '', '0000-00-00'),
(1546, '120001-2813-2003', 'hoist', 'gh2', 'guldmann', '', '2003-09-23', '2000-01-01', '2013-02-24', 'deerpark printing centre', '2000-01-01', '', '', '', '0000-00-00'),
(1547, '120001-2812-2003', 'hoist', 'gh2', 'guldmann', '', '2003-09-22', '2000-01-01', '2013-02-24', 'deerpark printing centre', '2000-01-01', '', '', '', '0000-00-00'),
(1548, '120001-2892-2003', 'hoist', 'gh2', 'guldmann', '', '2014-03-20', '2000-01-01', '2015-03-20', 'avalon', '2000-01-01', '', '', '', '0000-00-00'),
(1549, '120001-2637-2004', 'hoist', 'gh2', 'guldmann', '', '2004-10-13', '2000-01-01', '2014-07-17', 'deerpark center', '2000-01-01', '', '', '', '0000-00-00'),
(1550, '120001-2892-2003', 'hoist', 'gh2', 'guldmann', '', '2003-09-22', '2000-01-01', '2014-07-17', 'bedroom deerpark center', '2000-01-01', '', '', '', '0000-00-00'),
(1551, '120001-2686-2004', 'hoist', 'gh2', 'guldmann', '', '2004-10-12', '2000-01-01', '2008-07-20', 'fia nua house 2', '2000-01-01', '', '', '', '0000-00-00'),
(1552, '120001-4755-2009', 'hoist', 'gh2', 'guldmann', '', '2009-12-16', '2000-01-01', '2014-07-17', 'fia nua', '2000-01-01', '', '', '', '0000-00-00'),
(1553, '0077.46.04', 'bathtub', 'k2', 'beka', '', '2000-01-01', '2000-01-01', '2016-12-01', 'fia nua', '2000-01-01', '', '', '01/12/2015 bath thoroughly serviced', '0000-00-00'),
(1554, '440460792', 'table', 'vojta', 'beka', '', '2000-01-01', '2000-01-01', '2012-08-24', 'fia nua house 1', '2000-01-01', '', '', '', '0000-00-00'),
(1555, '0806', 'changing bench', 'vario', 'ropox', '', '2009-07-20', '2000-01-01', '2010-04-08', '', '2000-01-01', '', '', '', '0000-00-00'),
(1556, 'gl00530705', 'hoist', 'gl3', 'guldmann', '', '2005-07-01', '2000-01-01', '2000-01-01', '', '2000-01-01', '', '', '', '0000-00-00'),
(1557, '11xxx-1621-2010', 'hoist', 'gl3 - mobile', 'guldmann', '', '2010-07-29', '2000-01-01', '2011-07-28', '', '2000-01-01', '', '', '', '0000-00-00'),
(1558, '', 'stairlift', '140 deluxe', 'meditek', '', '2006-04-14', '2000-01-01', '2000-01-01', '', '2000-01-01', '', '', '', '0000-00-00'),
(1559, '', 'erfi system', 'wall mounted', 'erfi', '', '2008-02-19', '2000-01-01', '2000-01-01', '', '2000-01-01', '', '', '', '0000-00-00'),
(1560, '0750.37.05', 'bathtub', '155e', 'beka', '', '2005-10-17', '2000-01-01', '2015-04-04', 'teach cairde', '2000-01-01', '', '', '7/7/15 - ian repaired bath, as it was falling to one side, replaced actuator, motor frame and footing', '0000-00-00'),
(1561, '73-1000', 'shower trolley', 'multicare', 'beka', '', '2005-11-01', '2000-01-01', '2006-11-01', 'scartagh', '2000-01-01', '', '', '', '0000-00-00'),
(1562, '0676.39.05', 'bathtub', '155e', 'beka', '', '2005-10-17', '2016-02-19', '2016-08-19', 'ard dara - house 3', '2000-01-01', '', '', '19/08/2015 - service carried out and replaced connecting hose outlet and clips', '0000-00-00'),
(1563, '0822.48.2008', 'bathtub', '155e', 'beka', '', '2005-10-17', '2000-01-01', '2014-03-20', 'hollyhill - house 6', '2000-01-01', '', '', '4643242', '0000-00-00'),
(1564, '552251', '4m straight track', 'gh1', 'guldmann', '', '2014-07-02', '2000-01-01', '2015-07-02', 'listowel', '2000-01-01', '', '', '', '0000-00-00'),
(1565, '', 'nursing table', 'vario 1.6', 'beka', '', '2014-07-02', '2000-01-01', '2015-07-02', 'listowel', '2000-01-01', '', '', '', '0000-00-00'),
(1566, '120001-0464-2004', 'hoist', 'gh2', 'guldmann', '', '2002-08-27', '2000-01-01', '2011-03-10', '', '2000-01-01', '', '', '', '0000-00-00'),
(1567, '0012-0602', 'hoist', 'gl3', 'guldmann', '', '2002-08-27', '2000-01-01', '2011-03-11', '', '2000-01-01', '', '', '', '0000-00-00'),
(1568, '1-1000', 'v-amat', 'v-amat', 'spahn reha', '', '2002-08-27', '2000-01-01', '2006-07-13', '', '2000-01-01', '', '', '', '0000-00-00'),
(1569, 'R385/D36110/05', 'stairlift', 'hw-10', 'hawle', '', '2006-07-26', '2000-01-01', '2000-01-01', '', '2000-01-01', '', '', 'ewr no 0609', '0000-00-00'),
(1570, '120001-0039-2001', 'hoist', 'gh2', 'guldmann', '', '2003-01-01', '2000-01-01', '2004-01-01', '', '2000-01-01', '', '', '', '0000-00-00'),
(1571, 'GL00500805', 'hoist', 'gl3', 'guldmann', '', '2005-08-01', '2000-01-01', '2009-10-01', 'st. claires ward', '2000-01-01', '', '', '', '0000-00-00'),
(1572, '101-1000', 'bathtub', 'aqualine', 'ropox', '', '2006-05-01', '2000-01-01', '2007-05-01', '', '2000-01-01', '', '', '', '0000-00-00'),
(1573, '102-1000', 'shower bed', 'aqualine', 'ropox', '', '2006-05-01', '2000-01-01', '2013-04-28', '', '2000-01-01', '', '', '', '0000-00-00'),
(1574, '103-1000(090613315)', 'shower trolley', 'sina', 'beka', '', '2006-05-01', '2000-01-01', '2014-11-04', '', '2000-01-01', '', '', '04/11/14 thorough service carried out by mariusz, good working order', '0000-00-00'),
(1575, '75-1000', 'bathtub', 'clara', 'beka', '', '2005-11-02', '2000-01-01', '2013-03-05', 'churchtown south', '2000-01-01', '', '', '', '0000-00-00'),
(1576, '120001-1344-2007', 'hoist', 'gl3 - mobile', 'guldmann', '', '2000-01-01', '2000-01-01', '2011-04-14', 'black heath drive', '2000-01-01', '', '', '', '0000-00-00'),
(1577, '120001-1460-2004', 'hoist', 'gh2', 'guldmann', '', '2004-08-10', '2000-01-01', '2015-07-22', '', '2000-01-01', '', '', '22/04/2014 ian replaced two batteries', '0000-00-00'),
(1578, '', 'hoist', 'gh2', 'guldmann', '', '2007-10-10', '2000-01-01', '2008-10-10', 'gortlandroe', '2000-01-01', '', '', '', '0000-00-00'),
(1579, '129-1000', 'dst', 'dst', 'dpe medical', '', '2004-12-02', '2000-01-01', '2008-10-18', 'gortlandroe', '2000-01-01', '', '', '', '0000-00-00'),
(1580, '120001-1433-2005', 'hoist', 'gh2', 'guldmann', '', '2005-04-26', '2000-01-01', '2009-12-03', 'gortlandroe', '2000-01-01', '', '', '', '0000-00-00'),
(1581, '120001-3844-2005', 'hoist', 'gh2-dc', 'guldmann', '', '2006-02-08', '2000-01-01', '2009-12-03', 'gortlandroe', '2000-01-01', '', '', '', '0000-00-00'),
(1582, '120001-1402-2005', 'hoist', 'gh2-dc', 'guldmann', '', '2005-04-26', '2000-01-01', '2009-12-03', 'gortlandroe', '2000-01-01', '', '', '', '0000-00-00'),
(1583, '120001-1401-2005', 'hoist', 'gh2-dc', 'guldmann', '', '2005-04-26', '2000-01-01', '2009-12-03', 'gortlandroe', '2000-01-01', '', '', '', '0000-00-00'),
(1584, '120001-2905-2003', 'hoist', 'gh2-dc', 'guldmann', '', '2004-08-13', '2000-01-01', '2009-05-27', '', '2000-01-01', '', '', '', '0000-00-00'),
(1585, '120001-3067-2010', 'gh2', '4m x 3m onto 4m x 2m', 'guldmann', '', '2011-01-14', '2000-01-01', '2013-03-13', '', '2000-01-01', '', '', '', '0000-00-00'),
(1586, '120001-3905-2003', 'gh2', '4m x 3m room cover', 'guldmann', '', '2004-08-13', '2000-01-01', '2012-03-07', '', '2000-01-01', '', '', '', '0000-00-00'),
(1587, 'n/a', 'screens', '7 section', 'silentia', '', '2008-09-19', '2000-01-01', '2009-09-18', '', '2000-01-01', '', '', '', '0000-00-00'),
(1588, '', 'screens', '15 sec. h1.85, l 3.75', 'silentia', '', '2008-03-31', '2000-01-01', '2000-01-01', '', '2000-01-01', '', '', '', '0000-00-00'),
(1589, '120001-1286-2005', 'hoist', 'gh2', 'guldmann', '', '2007-10-30', '2000-01-01', '2016-11-10', '', '2000-01-01', '', '', '22/12/2015 replaced batteries and pc board by ruiri', '0000-00-00'),
(1590, '120001-2130-2008', 'hoist', 'gh2-dc', 'guldmann', '', '2008-03-31', '2000-01-01', '2016-11-10', '', '2000-01-01', '', '', '10/11/2015 - repair carried out by ian, cleaned pick up on rail', '0000-00-00'),
(1591, '0244-2005', 'changing bench', 'vario', 'ropox', '', '2005-09-01', '2000-01-01', '2000-01-01', '', '2000-01-01', '', '', '15/9/15 - do not phone to service, currently not in use last year nor required this year.', '0000-00-00'),
(1592, '120001-4253-2009', 'hoist', 'gh2', 'guldmann', '', '2009-11-23', '2000-01-01', '2013-03-29', 'room no 116', '2000-01-01', '', '', '', '0000-00-00'),
(1593, '120001-4251-2009', 'hoist', 'gh2', 'guldmann', '', '2009-11-23', '2000-01-01', '2013-03-30', 'room no 115', '2000-01-01', '', '', '', '0000-00-00'),
(1594, '120001-4255-2009', 'hoist', 'gh2', 'guldmann', '', '2009-11-23', '2000-01-01', '2013-03-29', 'room no 117', '2000-01-01', '', '', '', '0000-00-00'),
(1595, '120001-4262-2009', 'hoist', 'gh2', 'guldmann', '', '2009-11-23', '2000-01-01', '2013-03-29', 'room no 118', '2000-01-01', '', '', '', '0000-00-00'),
(1596, '120001-4263-2009', 'hoist', 'gh2', 'guldmann', '', '2009-11-23', '2000-01-01', '2013-03-29', 'room no b121', '2000-01-01', '', '', '', '0000-00-00'),
(1597, '120001-4261-2009', 'hoist', 'gh2', 'guldmann', '', '2009-11-23', '2000-01-01', '2013-03-29', 'room no 122', '2000-01-01', '', '', '', '0000-00-00'),
(1598, '120001-4243-2009', 'hoist', 'gh2', 'guldmann', '', '2009-11-23', '2000-01-01', '2013-03-29', 'room no 104, daisy suite', '2000-01-01', '', '', '', '0000-00-00'),
(1599, '120001-4221-2009', 'hoist', 'gh2', 'guldmann', '', '2009-11-23', '2000-01-01', '2013-03-30', 'room no', '2000-01-01', '', '', '', '0000-00-00'),
(1600, '120001-4227-2009', 'hoist', 'gh2', 'guldmann', '', '2009-11-23', '2000-01-01', '2013-03-30', 'ground floor assisted bathroom', '2000-01-01', '', '', '', '0000-00-00'),
(1601, '120001-4218-2009', 'hoist', 'gh2', 'guldmann', '', '2009-11-23', '2000-01-01', '2013-03-29', 'room no b133, daisy ward', '2000-01-01', '', '', '', '0000-00-00'),
(1602, '120001-4219-2009', 'hoist', 'gh2', 'guldmann', '', '2009-11-23', '2000-01-01', '2013-03-29', 'room no b101', '2000-01-01', '', '', '', '0000-00-00'),
(1603, '120001-4224-2009', 'hoist', 'gh2', 'guldmann', '', '2009-11-23', '2000-01-01', '2013-03-29', 'room no b102', '2000-01-01', '', '', '', '0000-00-00'),
(1604, '120001-4142-2009', 'hoist', 'gh2', 'guldmann', '', '2009-11-23', '2000-01-01', '2013-03-30', 'room no 18', '2000-01-01', '', '', '', '0000-00-00'),
(1605, '120001-4244-2009', 'hoist', 'gh2', 'guldmann', '', '2009-11-23', '2000-01-01', '2012-04-26', 'room no 17', '2000-01-01', '', '', '', '0000-00-00'),
(1606, '120001-4245-2009', 'hoist', 'gh2', 'guldmann', '', '2009-11-23', '2000-01-01', '2013-03-29', 'room no 132', '2000-01-01', '', '', '', '0000-00-00'),
(1607, '120001-4260-2009', 'hoist', 'gh2', 'guldmann', '', '2009-11-23', '2000-01-01', '2013-03-29', 'room no 130', '2000-01-01', '', '', '', '0000-00-00'),
(1608, '120001-4257-2009', 'hoist', 'gh2', 'guldmann', '', '2009-11-23', '2000-01-01', '2013-03-29', 'room no 131', '2000-01-01', '', '', '', '0000-00-00'),
(1609, '120001-4223-2009', 'hoist', 'gh2', 'guldmann', '', '2009-11-23', '2000-01-01', '2013-03-30', 'room no 113', '2000-01-01', '', '', '', '0000-00-00'),
(1610, '120001-4258-2009', 'hoist', 'gh2', 'guldmann', '', '2009-11-23', '2000-01-01', '2013-08-30', 'room no 114', '2000-01-01', '', '', '', '0000-00-00'),
(1611, '120001-4259-2009', 'hoist', 'gh2', 'guldmann', '', '2009-11-23', '2000-01-01', '2013-03-30', 'room no 125', '2000-01-01', '', '', '', '0000-00-00'),
(1612, '120001-4254-2009', 'hoist', 'gh2', 'guldmann', '', '2009-11-23', '2000-01-01', '2013-03-29', 'room no 123', '2000-01-01', '', '', '', '0000-00-00'),
(1613, '120001-4252-2009', 'hoist', 'gh2', 'guldmann', '', '2009-11-23', '2000-01-01', '2013-03-29', 'room no 124', '2000-01-01', '', '', '', '0000-00-00'),
(1614, '120001-4235-2009', 'hoist', 'gh2', 'guldmann', '', '2009-11-23', '2000-01-01', '2013-03-31', 'room no b030', '2000-01-01', '', '', '', '0000-00-00'),
(1615, '120001-4240-2009', 'hoist', 'gh2', 'guldmann', '', '2009-11-23', '2000-01-01', '2010-11-22', 'room no b005', '2000-01-01', '', '', '', '0000-00-00'),
(1616, '120001-4234-2009', 'hoist', 'gh2', 'guldmann', '', '2009-11-23', '2000-01-01', '2013-03-30', 'room no b025', '2000-01-01', '', '', '', '0000-00-00'),
(1617, '120001-4246-2009', 'hoist', 'gh2', 'guldmann', '', '2009-11-23', '2000-01-01', '2013-03-30', 'room no b014', '2000-01-01', '', '', '', '0000-00-00'),
(1618, '120001-4247-2009', 'hoist', 'gh2', 'guldmann', '', '2009-11-23', '2000-01-01', '2013-03-30', 'room no b024', '2000-01-01', '', '', '', '0000-00-00'),
(1619, '120001-4249-2009', 'hoist', 'gh2', 'guldmann', '', '2009-11-23', '2000-01-01', '2013-03-30', 'room no b015', '2000-01-01', '', '', '', '0000-00-00'),
(1620, '120001-4225-2009', 'hoist', 'gh2', 'guldmann', '', '2009-11-23', '2000-01-01', '2013-03-30', 'room no b013', '2000-01-01', '', '', '', '0000-00-00'),
(1621, '120001-4242-2009', 'hoist', 'gh2', 'guldmann', '', '2009-11-23', '2000-01-01', '2013-03-30', 'room no b023', '2000-01-01', '', '', '', '0000-00-00'),
(1622, '120001-4248-2009', 'hoist', 'gh2', 'guldmann', '', '2009-11-23', '2000-01-01', '2013-03-30', 'room no b016', '2000-01-01', '', '', '', '0000-00-00'),
(1623, '120001-4250-2009', 'hoist', 'gh2', 'guldmann', '', '2009-11-23', '2000-01-01', '2013-03-30', 'room no b021', '2000-01-01', '', '', '', '0000-00-00'),
(1624, '120001-4222-2009', 'hoist', 'gh2', 'guldmann', '', '2009-11-23', '2000-01-01', '2013-03-29', 'top floor assisted bathroom', '2000-01-01', '', '', '', '0000-00-00'),
(1625, '120001-4226-2009', 'hoist', 'gh2', 'guldmann', '', '2009-11-23', '2000-01-01', '2013-03-29', 'independent room', '2000-01-01', '', '', '', '0000-00-00'),
(1626, '120001-4220-2009', 'hoist', 'gh2', 'guldmann', '', '2009-11-23', '2000-01-01', '2013-03-29', 'room no b103', '2000-01-01', '', '', '', '0000-00-00'),
(1627, '120001-4231-2009', 'hoist', 'gh2', 'guldmann', '', '2009-11-23', '2000-01-01', '2013-03-31', 'room no b003', '2000-01-01', '', '', '', '0000-00-00'),
(1628, '120001-4233-2009', 'hoist', 'gh2', 'guldmann', '', '2009-11-23', '2000-01-01', '2013-03-31', 'room no 001', '2000-01-01', '', '', '', '0000-00-00'),
(1629, '120001-4236-2009', 'hoist', 'gh2', 'guldmann', '', '2009-11-23', '2000-01-01', '2013-03-31', 'room no 002', '2000-01-01', '', '', '', '0000-00-00'),
(1630, '120001-4238-2009', 'hoist', 'gh2', 'guldmann', '', '2009-11-23', '2000-01-01', '2013-03-31', 'room no 032', '2000-01-01', '', '', '', '0000-00-00'),
(1631, '120001-4232-2009', 'hoist', 'gh2', 'guldmann', '', '2009-11-23', '2000-01-01', '2013-03-31', 'room no b031', '2000-01-01', '', '', '', '0000-00-00'),
(1632, '120001-4237-2009', 'hoist', 'gh2', 'guldmann', '', '2009-11-23', '2000-01-01', '2013-03-31', 'room no b003', '2000-01-01', '', '', '', '0000-00-00'),
(1633, '120001-4239-2009', 'hoist', 'gh2', 'guldmann', '', '2009-11-23', '2000-01-01', '2013-03-30', 'room no b004', '2000-01-01', '', '', '', '0000-00-00'),
(1634, '120001-4510-2008', 'hoist', 'gh2-dc', 'guldmann', '', '2009-04-24', '2000-01-01', '2010-04-24', '', '2000-01-01', '', '', '', '0000-00-00'),
(1635, '120001-2563-2009', 'hoist', 'gh2-dc', 'guldmann', '', '2009-07-30', '2000-01-01', '2010-07-30', '', '2000-01-01', '', '', '', '0000-00-00'),
(1636, '09/2008', 'aerolet', 'aerolet', 'economic holland', '', '2008-09-15', '2000-01-01', '2000-01-01', 'maglin road', '2000-01-01', '', '', '', '0000-00-00'),
(1637, '', 'body drier', 'body drier', 'chiltern', '', '2008-09-15', '2000-01-01', '2000-01-01', 'maglin road', '2000-01-01', '', '', '', '0000-00-00'),
(1638, '', 'v-amat', 'v-amat', 'spahn reha', '', '2008-09-15', '2000-01-01', '2000-01-01', 'maglin road', '2000-01-01', '', '', '', '0000-00-00'),
(1639, '5664', 'v-amat', '', 'spahn reha', '', '2014-02-20', '2000-01-01', '2015-02-20', '', '2000-01-01', '', '', '', '0000-00-00'),
(1640, '0630.04.04', 'bathtub', '500e', 'beka', '', '2004-02-25', '2000-01-01', '2015-02-20', 'church rd', '2000-01-01', '', '', '', '0000-00-00'),
(1641, '4203L50168', 'hoist', 'beka hoist', 'beka', '', '2004-02-25', '2000-01-01', '2012-09-10', 'church rd', '2000-01-01', '', '', '', '0000-00-00'),
(1642, '120001-3342-2003', 'hoist', 'gh2', 'guldmann', '', '2004-02-25', '2000-01-01', '2016-08-25', 'church rd', '2000-01-01', '', '', '25/8/2015 ian carried out full service', '0000-00-00'),
(1643, '3914', 'v-amat', 'v-amat', 'spahn reha', '', '2004-02-25', '2000-01-01', '2012-09-10', 'church rd', '2000-01-01', '', '', '', '0000-00-00'),
(1644, '2-1000', 'v-amat', 'v-amat', 'spahn reha', '', '2002-10-25', '2000-01-01', '2000-01-01', 'roseville', '2000-01-01', '', '', '', '0000-00-00'),
(1645, '120001-2076-2002', 'hoist', 'gh2', 'guldmann', '', '2002-10-25', '2000-01-01', '2016-07-25', 'roseville', '2000-01-01', '', '', '25/8/2015 thorough service carried out by ian.', '0000-00-00'),
(1646, '120001-4612-2006', 'hoist', 'gh2', 'guldmann', '', '2007-01-16', '2000-01-01', '2014-12-11', '', '2000-01-01', '', '', '', '0000-00-00'),
(1647, '94952', '2.65m straight track', 'gh1', 'guldmann', '', '2013-06-20', '2000-01-01', '2014-06-19', '23/24 connolly street', '2000-01-01', '', '', '', '0000-00-00'),
(1648, '17664', 'hoist', 'gh3', 'guldmann', '', '2015-01-23', '2000-01-01', '2016-01-23', 'upper ground floor wc1', '2000-01-01', '', '', '23/1/15 installation of gh3 onto  3x3 b rails by ian and scott', '0000-00-00'),
(1649, '', 'erfi system', '', 'erfi', '', '2000-01-01', '2000-01-01', '2012-04-28', '', '2000-01-01', '', '', '', '0000-00-00'),
(1650, '45498', 'hoist', 'gh3', 'guldmann', '', '2015-01-23', '2000-01-01', '2016-01-23', 'ground floor wc', '2000-01-01', '', '', '23/1/15 installation of gh3 onto  3x3 b rails by ian and scott', '0000-00-00'),
(1651, '0680-32-04', 'bathtub', 'fb500e', 'beka', '', '2009-12-07', '2000-01-01', '2014-05-24', 'bathroom', '2000-01-01', '', '', '', '0000-00-00'),
(1652, '120001-1844-2008', 'hoist', 'gh2', 'guldmann', '', '2009-11-26', '2000-01-01', '2014-05-24', 'bedroom 1', '2000-01-01', '', '', '', '0000-00-00'),
(1653, '120001-3612-2008', 'hoist', 'gh2', 'guldmann', '', '2009-11-26', '2000-01-01', '2014-05-24', 'bedroom 2', '2000-01-01', '', '', '', '0000-00-00'),
(1654, '120001-2516-2009', 'hoist', 'gh2', 'guldmann', '', '2009-11-26', '2000-01-01', '2014-05-24', 'bathroom in small building', '2000-01-01', '', '', '', '0000-00-00'),
(1655, '120001-4511-2008', 'hoist', 'gh2-dc', 'guldmann', '', '2009-11-26', '2000-01-01', '2014-05-24', 'bathroom', '2000-01-01', '', '', '', '0000-00-00'),
(1656, '120001-2561-2009', 'hoist', 'gh2-dc', 'guldmann', '', '2009-11-26', '2000-01-01', '2014-05-24', 'changing room', '2000-01-01', '', '', '', '0000-00-00'),
(1657, '120001-2524-2009', 'hoist', 'gh2-dc', 'guldmann', '', '2009-11-26', '2000-01-01', '2014-05-24', 'high dependency room 1', '2000-01-01', '', '', '', '0000-00-00'),
(1658, '120001-2151-2009', 'hoist', 'gh2-dc', 'guldmann', '', '2009-11-26', '2000-01-01', '2014-05-24', 'high dependency room 2', '2000-01-01', '', '', '', '0000-00-00'),
(1659, '120001-2525-2009', 'hoist', 'gh2-dc', 'guldmann', '', '2009-11-26', '2000-01-01', '2014-05-24', 'single bathroom 1', '2000-01-01', '', '', '', '0000-00-00'),
(1660, '120001-2517-2009', 'hoist', 'gh2-dc', 'guldmann', '', '2009-11-26', '2000-01-01', '2014-05-24', 'single bathroom 2', '2000-01-01', '', '', '', '0000-00-00'),
(1661, '120001-5061-2009', 'hoist', 'gh2-dc', 'guldmann', '', '2010-01-08', '2000-01-01', '2014-05-24', '', '2000-01-01', '', '', '', '0000-00-00'),
(1662, '120001-2513-2009', 'hoist', 'gh2-dc', 'guldmann', '', '2009-11-26', '2000-01-01', '2014-05-24', 'small bathroom near gym', '2000-01-01', '', '', '', '0000-00-00'),
(1663, '120001-4256-2009', 'hoist', 'gh2-dc', 'guldmann', '', '2009-11-26', '2000-01-01', '2014-05-24', 'gym', '2000-01-01', '', '', '', '0000-00-00'),
(1664, '17676', 'hoist', 'gh3', 'guldmann', '', '2015-01-23', '2000-01-01', '2016-01-23', 'upper ground floor wc2', '2000-01-01', '', '', '23/1/15 installation of gh3 onto  3x3 b rails by ian and scott', '0000-00-00'),
(1665, '56880', 'hoist', 'gh3', 'guldmann', '', '2015-01-23', '2000-01-01', '2016-01-23', 'small group room', '2000-01-01', '', '', '23/1/15 installation of small group room gh3 onto  4x5m b rails', '0000-00-00'),
(1666, 'N40-1154', 'changing bench', 'vario', 'ropox', '', '2010-02-04', '2000-01-01', '2015-05-24', '', '2000-01-01', '', '', 'ian reinstalled side rail and refixed the side rail to benchm installed rail in new fixing holes, pictures taken', '0000-00-00'),
(1667, '0693.39.11', 'avero', 'avero classic', 'beka', '', '2011-10-11', '2000-01-01', '2012-10-09', 'tinnymuck', '2000-01-01', '', '', '', '0000-00-00'),
(1668, '120001-3082-2005', 'hoist', 'gh2', 'guldmann', '', '2006-01-17', '2000-01-01', '2015-03-18', '', '2000-01-01', '', '', '', '0000-00-00'),
(1669, '0117-1105', 'hoist', 'mobile', 'guldmann', '', '2005-11-01', '2000-01-01', '2017-02-01', '', '2000-01-01', '', '', '03/02/16 new hoist by hc21 service date moved forward a year...dawn', '0000-00-00'),
(1670, '9-1000', 'shower chair', 'el-tns', 'hmn', '', '2003-02-26', '2000-01-01', '2004-02-26', 'barna', '2000-01-01', '', '', '', '0000-00-00'),
(1671, '120001-2708-2002', 'hoist', 'gh2', 'guldmann', '', '2003-02-26', '2000-01-01', '2006-06-21', 'barna', '2000-01-01', '', '', '', '0000-00-00'),
(1672, '35770', '7m x 6m room cover', 'gh1', 'guldmann', '', '2013-01-16', '2000-01-01', '2014-01-16', '', '2000-01-01', '', '', '', '0000-00-00'),
(1673, '120001-1001-2006', 'hoist', 'gh2', 'guldmann', '', '2006-01-19', '2000-01-01', '2016-03-05', 'bohrean hill', '2000-01-01', '', '', '5/3/15 scott and ian carried out service', '0000-00-00'),
(1674, '120001-4083-2006', 'hoist', 'gh2', 'guldmann', '', '2007-01-18', '2000-01-01', '2016-05-12', 'room 10', '2000-01-01', '', '', '12/5/15 full service carried out', '0000-00-00'),
(1675, '120001-2767-2006', 'hoist', 'gh2', 'guldmann', '', '2007-01-03', '2000-01-01', '2000-01-01', '', '2000-01-01', '', '', '', '0000-00-00'),
(1677, '', 'stairlift', 'fs 100 sp', 'meditek', '', '2000-01-01', '2000-01-01', '2000-01-01', '', '2000-01-01', '', '', '', '0000-00-00'),
(1678, '120001-4307-2005', 'hoist', 'gh2-dc', 'guldmann', '', '2008-09-04', '2000-01-01', '2013-04-24', '', '2000-01-01', '', '', '', '0000-00-00'),
(1679, '120001-4285-2008', 'hoist', 'gh2', 'guldmann', '', '2009-04-28', '2000-01-01', '2011-05-04', '', '2000-01-01', '', '', '', '0000-00-00'),
(1680, 'N40-1144', 'shower bed', 'aqualine', 'ropox', '', '2009-04-28', '2000-01-01', '2011-05-04', '', '2000-01-01', '', '', '', '0000-00-00'),
(1681, '', 'stairlift', '140 deluxe', 'meditek', '', '2006-09-25', '2000-01-01', '2000-01-01', '', '2000-01-01', '', '', '', '0000-00-00'),
(1682, '120001-1167-2007', 'hoist', 'gh2', 'guldmann', '', '2007-03-12', '2000-01-01', '2016-05-26', 'physio room', '2000-01-01', '', '', '26/5/15 full servie carried out', '0000-00-00'),
(1683, '01161005', 'hoist', 'gl3', 'guldmann', '', '2007-03-12', '2000-01-01', '2009-07-16', 'st mary''s', '2000-01-01', '', '', '', '0000-00-00'),
(1684, '02420906', 'hoist', 'gl3', 'guldmann', '', '2007-03-12', '2000-01-01', '2014-03-17', 'st mary''s', '2000-01-01', '', '', '', '0000-00-00'),
(1685, '02410806', 'hoist', 'gl3', 'guldmann', '', '2000-01-01', '2000-01-01', '2009-07-16', 'st mary''s', '2000-01-01', '', '', '', '0000-00-00'),
(1686, '552062', 'hoist 5m x 7m gh3+ 4 wall profiles', 'gh3', 'guldmann', '', '2015-04-17', '2000-01-01', '2016-04-17', 'school for the deaf campus', '2000-01-01', '', '', '17/04/2015 scott and ian installed system', '0000-00-00'),
(1687, 'N41-3994', 'changing bench', 'vario', 'ropox', '', '2016-01-11', '2000-01-01', '2017-01-11', 'rathdrum', '2017-01-11', '', '', '11/1/2016ian delivered and installed ropox bench', '0000-00-00'),
(1688, '64-1000', 'bathtub', 'aqualine', 'ropox', '', '2005-09-30', '2000-01-01', '2006-09-30', 'nurse education building', '2000-01-01', '', '', '', '0000-00-00'),
(1689, '0051-0805', 'hoist', 'glhd', 'guldmann', '', '2005-09-30', '2000-01-01', '2015-07-29', 'nurse education building', '2015-07-29', '', '', 'full service carried out by ian', '0000-00-00'),
(1690, '1078-0205', 'hoist', 'mobile', 'guldmann', '', '2005-09-30', '2000-01-01', '2015-07-29', 'nurse education building', '2015-07-29', '', '', 'fully serviced by ian -', '0000-00-00'),
(1691, '120001-5059-2009', 'hoist', 'gh2-dc', 'guldmann', '', '2010-04-09', '2000-01-01', '2014-03-23', '', '2000-01-01', '', '', '', '0000-00-00'),
(1692, '115', 'gas shower chair', 'm2', 'hmn', '', '2000-01-01', '2000-01-01', '2011-07-15', '', '2000-01-01', '', '', '', '0000-00-00'),
(1693, '66686', 'hoist', 'gh1 2.6m straight track', 'guldmann', '', '2015-01-19', '2000-01-01', '2016-01-19', '', '2016-01-19', '', '', '19/1/15 scott and ian installed gh1 onto 2.6m straight with 1 profile', '0000-00-00'),
(1694, '120001-3856-2005', 'hoist', 'gh2-dc', 'guldmann', '', '2006-02-03', '2000-01-01', '2015-08-12', '', '2015-08-12', '', '', 'thorough service by ian batteries tested', '0000-00-00'),
(1695, '', 'screens', '15 sec. h1.85, l 3.75', 'silentia', '', '2009-01-08', '2000-01-01', '2009-01-07', 'st canice road', '2000-01-01', '', '', '', '0000-00-00'),
(1696, '107-1000', 'kitchen', 'diagonal', 'ropox', '', '2006-05-04', '2000-01-01', '2007-05-04', '', '2000-01-01', '', '', '', '0000-00-00'),
(1697, '120001-0544-2004', 'hoist', 'gh2', 'guldmann', '', '2004-05-17', '2000-01-01', '2015-05-10', 'golden rd', '2000-01-01', '', '', 'scott replaced batteries 2/9/14', '0000-00-00'),
(1698, '120001-1168-2002', 'hoist', 'gh2', 'guldmann', '', '2002-02-28', '2000-01-01', '2012-06-27', 'golden rd', '2000-01-01', '', '', '', '0000-00-00'),
(1699, '120001-5060-2009', 'hoist', 'gh2-dc', 'guldmann', '', '2010-02-15', '2000-01-01', '2012-02-14', 'therapy room', '2000-01-01', '', '', '', '0000-00-00'),
(1700, '63516', 'hoist', 'gh1 with switch track', 'guldmann', '', '2014-11-24', '2000-01-01', '2015-11-24', 'ward 5b, 5th floor', '2015-11-24', '', '', 'mariusz installed 6m single track with switch track and 45 degree curve', '0000-00-00'),
(1701, '120001-1437-2005', 'hoist', 'gh2', 'guldmann', '', '2005-07-21', '2000-01-01', '2014-02-27', 'srah', '2000-01-01', '', '', '', '0000-00-00'),
(1702, '54402', 'gh1', 'gh1 4.2m straight track', 'guldmann', '', '2014-09-12', '2000-01-01', '2015-09-12', 'o donovan rossa street', '2000-01-01', '', '', '12/09/2014 - installed gh1 hoist on 4.2m straight track', '0000-00-00'),
(1703, '421111997', 'changing bench', 'mona', 'beka', '', '2014-10-22', '2000-01-01', '2015-10-22', 'o donovan rossa street', '2000-01-01', '', '', '22/10/2014 mariusz supplied changing bench with side rail and installed', '0000-00-00'),
(1704, '120001-4509-2008', 'hoist', 'gh2-dc', 'guldmann', '', '2009-04-03', '2000-01-01', '2013-06-28', '', '2000-01-01', '', '', '', '0000-00-00'),
(1705, '57380', '3.5m straight track', 'gh1', 'guldmann', '', '2012-11-04', '2000-01-01', '2013-11-04', '', '2000-01-01', '', '', '', '0000-00-00'),
(1706, '57377', '4.5m straight track', 'gh1', 'guldmann', '', '2012-11-04', '2000-01-01', '2013-11-04', '', '2000-01-01', '', '', '', '0000-00-00'),
(1707, '', 'stairlift', '140 deluxe', 'meditek', '', '2006-07-17', '2000-01-01', '2000-01-01', '', '2000-01-01', '', '', '', '0000-00-00'),
(1708, '', 'screen', 'silentia', 'silentia', '', '2000-01-01', '2000-01-01', '2016-06-09', '', '2000-01-01', '', '', '4/11/2015 - fix loose screen,', '0000-00-00'),
(1709, '120001-1791-2002-0', 'hoist', 'gh2', 'guldmann', '', '2005-02-22', '2000-01-01', '2006-02-22', '', '2000-01-01', '', '', '', '0000-00-00'),
(1710, '120001-2092-2007', 'gantry', 'gantry gh2-ac', 'guldmann', '', '2008-04-03', '2000-01-01', '2017-02-01', '', '2000-01-01', '', '', 'device already serviced by another agent service date moved forward a year...dawn', '0000-00-00'),
(1711, '21-1000', 'hoist', 'gh2', 'guldmann', '', '2003-10-15', '2000-01-01', '2017-02-01', '', '2000-01-01', '', '', '03/02/16 already serviced contractor not known service date moved forward a year ...dawn', '0000-00-00'),
(1712, '120001-4306-2005', 'hoist', 'gh2', 'guldmann', '', '2006-01-23', '2000-01-01', '2000-01-01', '', '2000-01-01', '', '', '', '0000-00-00'),
(1713, '19-1000', 'hoist', 'gh2', 'guldmann', '', '2003-10-14', '2000-01-01', '2008-08-02', '', '2000-01-01', '', '', '', '0000-00-00'),
(1714, '20-1000', 'changing bench', 'vario', 'ropox', '', '2003-10-14', '2000-01-01', '2008-08-02', '', '2000-01-01', '', '', '', '0000-00-00'),
(1715, '120001-1014-2007', 'hoist', 'gh2', 'guldmann', '', '2007-02-15', '2000-01-01', '2015-08-20', '', '2000-01-01', '', '', '20/.08/2014 ian did full service and replaced handset', '0000-00-00'),
(1716, '120001-3471-2010', 'hoist', 'gh2', 'guldmann', '', '2010-10-12', '2000-01-01', '2014-06-18', '6 main road', '2000-01-01', '', '', '', '0000-00-00'),
(1717, '120001-1837-2008', 'hoist', 'gh2', 'guldmann', '', '2008-04-09', '2000-01-01', '2013-06-01', '6 main road', '2000-01-01', '', '', '', '0000-00-00'),
(1718, '120001F-1060-2008', 'hoist', 'gh2f', 'guldmann', '', '2008-04-09', '2000-01-01', '2014-06-18', '6 main road', '2000-01-01', '', '', '', '0000-00-00'),
(1719, '54404', 'hoist', 'gh1', 'guldmann', '', '2014-09-12', '2000-01-01', '2015-09-12', 'siolta nua', '2000-01-01', '', '', '12/09/2014 mariusz installed 5m x 4m room cover on one wall profile', '0000-00-00'),
(1720, '120001-3848-2005', 'hoist', 'gh2', 'guldmann', '', '2005-12-19', '2000-01-01', '2008-10-11', '', '2000-01-01', '', '', '', '0000-00-00'),
(1721, '', 'swing', '2000 000x', 'erfi', '', '2008-02-08', '2000-01-01', '2000-01-01', '', '2000-01-01', '', '', '', '0000-00-00'),
(1722, '120001-3972-2006', 'hoist', 'gh2-dc', 'guldmann', '', '2006-12-09', '2000-01-01', '2011-10-14', 'kiltalla house', '2000-01-01', '', '', '', '0000-00-00'),
(1723, '', 'stairlift', 'hw-10', 'hawle', '', '2006-07-04', '2000-01-01', '2000-01-01', '', '2000-01-01', '', '', '', '0000-00-00'),
(1724, 'sn0573', 'hoist', 'gh2', 'guldmann', '', '2006-11-07', '2000-01-01', '2013-07-25', 'newtownpark ave', '2000-01-01', '', '', '', '0000-00-00'),
(1725, '120001-1767-2006', 'hoist', 'gh2', 'guldmann', '', '2006-11-07', '2000-01-01', '2014-04-24', 'newtownpark ave', '2000-01-01', '', '', '', '0000-00-00'),
(1726, '3810L10068', 'pool side hoist', 'pool', 'beka', '', '2010-09-30', '2000-01-01', '2014-10-30', 'newtown park ave', '2000-01-01', '', '', '', '0000-00-00'),
(1727, '0158.0507', 'bathtub', 'k2', 'beka', '', '2000-01-01', '2000-01-01', '2010-02-26', 'derrydonnell house', '2000-01-01', '', '', '', '0000-00-00'),
(1728, '120001-3681-2003', 'hoist', 'gh2', 'guldmann', '', '2003-12-05', '2000-01-01', '2015-02-10', '', '2000-01-01', '', '', '', '0000-00-00'),
(1729, '120001-3683-2003', 'hoist', 'gh2', 'guldmann', '', '2003-12-05', '2000-01-01', '2015-02-10', 'physio room', '2000-01-01', '', '', '', '0000-00-00'),
(1730, '032529.10', 'bathtub', 'k3', 'beka', '', '2011-02-23', '2000-01-01', '2012-02-23', 'finns house', '2000-01-01', '', '', '', '0000-00-00'),
(1731, '120001-1549-2007', 'hoist', 'gh2-dc', 'guldmann', '', '2007-04-11', '2000-01-01', '2016-05-25', '', '2000-01-01', '', '', '25/5/2015 ian carried out full service and replaced batterys', '0000-00-00'),
(1732, '120001-1319-2008', 'hoist', 'gh2', 'guldmann', '', '2008-01-30', '2000-01-01', '2016-09-01', 'room 104, st josephs unit', '2000-01-01', '', '', '01/09/2015 thorough service carried out by ruiri', '0000-00-00'),
(1733, '120001-1318-2008', 'hoist', 'gh2', 'guldmann', '', '2008-01-30', '2000-01-01', '2016-09-01', 'room 104, st josephs unit', '2000-01-01', '', '', '01/09/2015 ruiri carried out full service.', '0000-00-00'),
(1734, '2626', 'hoist', 'gh2', 'guldmann', '', '2012-11-20', '2000-01-01', '2016-12-01', 'fia nua', '2000-01-01', '', '', '1/12/2015  thorough service carried out by ian', '0000-00-00'),
(1735, '120001-2682-2004', 'hoist', 'gh2', 'guldmann', '', '2004-10-29', '2000-01-01', '2015-12-01', 'fia nua', '2000-01-01', '', '', '01/12/2015 full service carried out by ian', '0000-00-00'),
(1736, '120001-2635-2004', 'hoist', 'gh2', 'guldmann', '', '2004-10-12', '2000-01-01', '2016-12-01', 'fia nua', '2000-01-01', '', '', '01/12/2015 thorough service carried out', '0000-00-00'),
(1737, '120001-3846-2005', 'hoist', 'gh2', 'guldmann', '', '2006-01-31', '2000-01-01', '2016-12-01', 'fia nua', '2000-01-01', '', '', '01/12/2015 thorough service carried out and cleaned pick up', '0000-00-00'),
(1738, '120001-2634-2004', 'hoist', 'gh2', 'guldmann', '', '2004-10-13', '2000-01-01', '2015-12-01', 'fia nua', '2000-01-01', '', '', '01/12/2015 ian carried out full service', '0000-00-00'),
(1739, '120001-1254-2008', 'hoist', 'gh2', 'guldmann', '', '2008-08-19', '2016-10-08', '2016-03-09', '', '2015-07-14', '', '', '8/10/2015 ian carried out inspection', '0000-00-00'),
(1740, '120001-4663-2007', 'hoist', 'gh2', 'guldmann', '', '2008-08-19', '2016-10-08', '2016-03-09', '', '2015-07-14', '', '', '8/10/2015 inspected by ian', '0000-00-00'),
(1741, '120001-4797-2007', 'hoist', 'gh2', 'guldmann', '', '2008-01-14', '2016-10-08', '2016-03-09', '', '2015-07-14', '', '', '8/10/2015 inspection by ian', '0000-00-00'),
(1742, '120001-3632-2008', 'hoist', 'gh2', 'guldmann', '', '2008-09-02', '2016-10-08', '2016-03-09', '', '2015-07-14', '', '', '8/10/15 inspection done by ian', '0000-00-00'),
(1743, '120001-3965-2008', 'hoist', 'gh2', 'guldmann', '', '2008-09-02', '2016-10-08', '2016-03-09', '', '2015-07-14', '', '', '8/10/15 ian carried out inspection', '0000-00-00'),
(1744, '120001-2186-2008', 'hoist', 'gh2', 'guldmann', '', '2008-09-19', '2000-01-01', '2016-11-23', 'room 6', '2015-08-11', '', '', '23/11/2015 thorough service carried out by ian', '0000-00-00'),
(1745, 'TBA', 'hoist', 'gh1', 'guldmann', '', '2013-10-15', '2000-01-01', '2014-10-15', '', '2000-01-01', '', '', '', '0000-00-00'),
(1746, '120001-4755-2006', 'hoist', 'gh2', 'guldmann', '', '2006-03-01', '2000-01-01', '2012-07-18', 'geraldine ward bathroom 1st floor', '2000-01-01', '', '', '', '0000-00-00'),
(1747, '120001-4756-2006', 'hoist', 'gh2', 'guldmann', '', '2006-03-01', '2000-01-01', '2012-07-18', 'fitzgerald ward bathroom', '2000-01-01', '', '', '', '0000-00-00'),
(1748, '120001-4478-2006', 'hoist', 'gh2 f', 'guldmann', '', '2006-03-01', '2000-01-01', '2011-12-15', 'lilly room 3', '2000-01-01', '', '', '', '0000-00-00'),
(1749, '120001-1196-2007', 'hoist', 'gh2 f', 'guldmann', '', '2007-03-01', '2000-01-01', '2012-07-18', 'lilly room 3', '2000-01-01', '', '', '', '0000-00-00'),
(1750, '120001-2523-2009', 'hoist', 'gh2-dc', 'guldmann', '', '2009-11-19', '2000-01-01', '2012-07-18', 'geraldine ward', '2000-01-01', '', '', '', '0000-00-00'),
(1751, '120001-4206-2007', 'hoist', 'gh2-dc', 'guldmann', '', '2007-12-13', '2000-01-01', '2012-07-18', 'ash room 29', '2000-01-01', '', '', '', '0000-00-00'),
(1752, '120001-4207-2007', 'hoist', 'gh2-dc', 'guldmann', '', '2007-12-13', '2000-01-01', '2012-07-18', 'fitzgerald ward room 33', '2000-01-01', '', '', '', '0000-00-00'),
(1753, '120001-4208-2007', 'hoist', 'gh2-dc', 'guldmann', '', '2007-12-14', '2000-01-01', '2012-07-18', 'geraldine ward, daffodil room 8', '2000-01-01', '', '', '', '0000-00-00');
INSERT INTO `stock` (`stockid`, `serialid`, `name`, `model`, `manufacturer`, `product_description`, `installation_date`, `inspection_date`, `service_date`, `location`, `contract_renewal_date`, `contract_type`, `funded_by`, `last_results`, `next_service`) VALUES
(1754, '17681', 'hoist', 'gh3 200-110-0000', 'guldmann', '', '2014-05-22', '2000-01-01', '2015-05-22', 'room 25 - fitzgerald ward', '2000-01-01', '', '', '', '0000-00-00'),
(1755, '15646', 'hoist', 'gh3 200-110-0000', 'guldmann', '', '2010-12-16', '2000-01-01', '2012-07-18', 'primrose room 6', '2000-01-01', '', '', '', '0000-00-00'),
(1756, '033-2011,034-2011,035-2011,036-2011', 'screens', 'nightingale', '', '', '2010-12-16', '2000-01-01', '2011-12-15', 'geraldine ward bathroom 1st floor', '2000-01-01', '', '', '', '0000-00-00'),
(1757, '', 'screens', '15 sec. h1.85, l 3.75', 'silentia', '', '2008-04-30', '2000-01-01', '2009-05-13', 'physiotherapy room', '2000-01-01', '', '', '', '0000-00-00'),
(1758, '120001-1803-2004', 'hoist', 'gh2', 'guldmann', '', '2004-07-13', '2000-01-01', '2015-11-28', '', '2000-01-01', '', '', '28/11/14 full service carried out by mariusz', '0000-00-00'),
(1759, '120001-2093-2004', 'hoist', 'gh2', 'guldmann', '', '2004-09-14', '2000-01-01', '2015-11-28', 'pine room', '2000-01-01', '', '', '12/08/2015 john replaced handset', '0000-00-00'),
(1760, '120001-2977-2004', 'hoist', 'gh2', 'guldmann', '', '2004-12-20', '2000-01-01', '2015-11-28', '2 bed, male, st. kevin''s room', '2000-01-01', '', '', '28/11/14 full service carried out by mariusz', '0000-00-00'),
(1761, '120001-2976-2004', 'hoist', 'gh2', 'guldmann', '', '2004-12-20', '2000-01-01', '2014-04-30', 'fallop room', '2000-01-01', '', '', '', '0000-00-00'),
(1762, '120001-2059-2004', 'hoist', 'gh2-dc', 'guldmann', '', '2004-12-20', '2000-01-01', '2015-11-28', 'altrso room', '2000-01-01', '', '', '28/11/14 full service carried out by mariuz', '0000-00-00'),
(1763, '120001-2595-2007', 'hoist', 'gh2-dc', 'guldmann', '', '2007-06-18', '2000-01-01', '2015-11-28', '', '2000-01-01', '', '', '28/11/14 full service carried out by mariusz', '0000-00-00'),
(1764, '120001-3027-2004', 'hoist', 'gh2-dc', 'guldmann', '', '2004-12-20', '2000-01-01', '2015-11-28', '4 bed, male', '2000-01-01', '', '', '28/11/14 full service carried out by mariusz', '0000-00-00'),
(1765, '120001-2409-2007', 'hoist', 'gh2-dc', 'guldmann', '', '2007-06-18', '2000-01-01', '2015-11-28', 'female ward', '2000-01-01', '', '', '28/11/14 full service carried out by mariusz', '0000-00-00'),
(1766, '120001-3030-2004', 'hoist', 'gh2-dc', 'guldmann', '', '2004-12-20', '2000-01-01', '2015-11-28', '4 bed, male, end room', '2000-01-01', '', '', '28/11/14 full service carried out by mariusz', '0000-00-00'),
(1767, '', 'stairlift', 'hw-10', 'hawle', '', '2007-01-17', '2000-01-01', '2000-01-01', '', '2000-01-01', '', '', '', '0000-00-00'),
(1768, '', 'stairlift', 'hw-10', 'hawle', '', '2006-01-17', '2000-01-01', '2000-01-01', '', '2000-01-01', '', '', '', '0000-00-00'),
(1769, '120001-1014-2007', 'hoist', 'gh2', 'guldmann', '', '2007-02-01', '2000-01-01', '2013-09-12', '', '2000-01-01', '', '', '', '0000-00-00'),
(1770, '120001-1012-2007', 'hoist', 'gh2', 'guldmann', '', '2007-02-01', '2000-01-01', '2013-09-12', '', '2000-01-01', '', '', '', '0000-00-00'),
(1771, '120001-1335-2005', 'hoist', 'gh2', 'guldmann', '', '2005-04-04', '2000-01-01', '2009-05-07', '', '2000-01-01', '', '', '', '0000-00-00'),
(1772, '0204.11.08', 'bathtub', 'k2', 'beka', '', '2008-05-19', '2000-01-01', '2013-07-05', 'the rivers', '2000-01-01', '', '', '', '0000-00-00'),
(1773, '120001-1206-2006', 'hoist', 'gh2', 'guldmann', '', '2006-08-18', '2000-01-01', '2011-09-06', 'st. vincents', '2000-01-01', '', '', '', '0000-00-00'),
(1774, '120001-4118-2007', 'hoist', 'gh2', 'guldmann', '', '2007-11-01', '2000-01-01', '2011-01-25', '', '2000-01-01', '', '', '', '0000-00-00'),
(1775, '120001-1250-2007', 'hoist', 'gh2-dc', 'guldmann', '', '2007-02-24', '2000-01-01', '2011-01-25', 'phisothearpy room', '2000-01-01', '', '', '', '0000-00-00'),
(1776, '120001-2509-2005', 'hoist', 'gh2-dc', 'guldmann', '', '2005-09-04', '2000-01-01', '2013-12-19', 'swimming pool', '2000-01-01', '', '', '', '0000-00-00'),
(1777, '0082-1002', 'hoist', 'gl3', 'guldmann', '', '2004-10-26', '2000-01-01', '2011-09-05', 'nagle house', '2000-01-01', '', '', '', '0000-00-00'),
(1778, '1343-2007', 'hoist', 'gl3', 'guldmann', '', '2008-05-28', '2000-01-01', '2011-06-22', 'ard mhuire ward', '2000-01-01', '', '', '', '0000-00-00'),
(1779, '0067-0302', 'hoist', 'gl3', 'guldmann', '', '2004-10-26', '2000-01-01', '2011-09-05', 'san joseph respite,', '2000-01-01', '', '', '', '0000-00-00'),
(1780, '0666-0102', 'hoist', 'gl3', 'guldmann', '', '2004-10-26', '2000-01-01', '2009-03-25', 'st. vincents', '2000-01-01', '', '', '', '0000-00-00'),
(1781, '0161.07.07', 'bathtub', 'k2', 'beka', '', '2000-01-01', '2000-01-01', '2011-07-08', 'beechwood bungalow', '2000-01-01', '', '', '', '0000-00-00'),
(1782, '0215-18-08', 'bathtub', 'k2 spa', 'beka', '', '2007-03-12', '2000-01-01', '2013-09-26', 'beechwood', '2000-01-01', '', '', '', '0000-00-00'),
(1783, '120001-3857-2005', 'hoist', 'pontus gh2-dc', 'guldmann', '', '2005-11-22', '2000-01-01', '2011-01-25', 'st. vincents', '2000-01-01', '', '', '', '0000-00-00'),
(1784, '12071.38.59', 'shower trolley', 'sina', 'beka', '', '2008-05-19', '2000-01-01', '2015-05-19', 'waterside bungalow', '2000-01-01', '', '', '', '0000-00-00'),
(1785, '120001-3493-2010', 'hoist', 'gh2', 'guldmann', '', '2010-09-06', '2000-01-01', '2015-06-30', 'lisadell bathroom', '2000-01-01', '', '', '', '0000-00-00'),
(1786, '120001-3470-2010', 'hoist', 'gh2', 'guldmann', '', '2010-10-21', '2000-01-01', '2011-10-20', 'san joseph', '2000-01-01', '', '', '', '0000-00-00'),
(1787, '0216.27.08', 'bathtub', 'k2', 'beka', '', '2010-07-09', '2000-01-01', '2016-04-29', 'twin oaks bungalow', '2000-01-01', '', '', '29/4/15 service/repair of k2 bath, rubber tubing on handset replaced handset replaced', '0000-00-00'),
(1788, '0317-2510', 'bathtub', 'k2 spa', 'beka', '', '2010-07-09', '2000-01-01', '2015-07-23', 'ard mhuire', '2015-07-23', '', '', 'serviced by ian, replaced tubing for hand control', '0000-00-00'),
(1789, '120001-1135-2005-0', 'hoist', 'gh2 f', 'guldmann', '', '2005-12-15', '2000-01-01', '2000-01-01', '', '2000-01-01', '', '', '', '0000-00-00'),
(1790, '', 'screen', 'nightingale 12 section', 'eganmed', '', '2011-05-27', '2000-01-01', '2011-05-26', 'ot dept', '2000-01-01', '', '', '', '0000-00-00'),
(1791, '', 'screen', 'nightingale 12 section', 'eganmed', '', '2011-05-27', '2000-01-01', '2011-05-26', 'physio dept', '2000-01-01', '', '', '', '0000-00-00'),
(1792, '120001-2654-2003', 'hoist', 'gh2-dc', 'guldmann', '', '2003-11-17', '2000-01-01', '2000-01-01', '', '2000-01-01', '', '', '', '0000-00-00'),
(1793, 'N41-0439', 'aqualine', '1.8 aqualine', 'ropox', '', '2011-02-24', '2000-01-01', '2013-06-26', '', '2000-01-01', '', '', '', '0000-00-00'),
(1794, '120001-1562-2006', 'gh2 on 3m straight track', '3m straight track', 'guldmann', '', '2011-02-24', '2000-01-01', '2012-02-24', '', '2000-01-01', '', '', '', '0000-00-00'),
(1795, '120001-4182-2010', 'hoist', 'gh2', 'guldmann', '', '2010-07-06', '2000-01-01', '2016-01-24', 'borris road', '2000-01-01', '', '', '27/8/15 ian deinstalled and reinstalled rail into a different room', '0000-00-00'),
(1796, '120001-4197-2006', 'hoist', 'gh2-dc', 'guldmann', '', '2007-07-30', '2000-01-01', '2009-07-08', '356 strand house road', '2000-01-01', '', '', '', '0000-00-00'),
(1797, '120001-5021-2006', 'hoist', 'gh2-dc', 'guldmann', '', '2007-07-30', '2000-01-01', '2009-07-08', '', '2000-01-01', '', '', '', '0000-00-00'),
(1798, '120001-5022-2006', 'hoist', 'gh2-dc', 'guldmann', '', '2007-07-30', '2000-01-01', '2009-07-08', '', '2000-01-01', '', '', '', '0000-00-00'),
(1799, '120001-5023-2006', 'hoist', 'gh2-dc', 'guldmann', '', '2007-07-30', '2000-01-01', '2009-07-08', '', '2000-01-01', '', '', '', '0000-00-00'),
(1800, '120001-5024-2006', 'hoist', 'gh2-dc', 'guldmann', '', '2007-07-30', '2000-01-01', '2009-07-08', '', '2000-01-01', '', '', '', '0000-00-00'),
(1801, 'xxx01', 'hoist', 'gl3', 'guldmann', '', '2008-07-20', '2000-01-01', '2009-10-08', 'butlerstown north', '2000-01-01', '', '', '', '0000-00-00'),
(1802, 'xxx01', 'hoist', 'gl3', 'guldmann', '', '2008-07-20', '2000-01-01', '2009-10-08', 'butlerstown north', '2000-01-01', '', '', '', '0000-00-00'),
(1803, '120001-4615-2006', 'hoist', 'gh2', 'guldmann', '', '2007-09-06', '2000-01-01', '2008-09-06', '', '2000-01-01', '', '', '', '0000-00-00'),
(1804, '162-1000', 'changing bench', 'vario', 'ropox', '', '2007-09-06', '2000-01-01', '2008-09-06', '', '2000-01-01', '', '', '', '0000-00-00'),
(1805, '271908', 'hoist likorall', '2425', '', '', '2000-01-01', '2000-01-01', '2016-02-17', '', '2000-01-01', '', '', '17/02/2015 ian and scott did a service on esther redmonds'' hoist', '0000-00-00'),
(1806, '32751', '4m x 4m room cover', 'gh1', 'guldmann', '', '2014-04-29', '2000-01-01', '2015-04-29', 'o.t. room', '2000-01-01', '', '', '', '0000-00-00'),
(1807, 'ERFI', 'erfi system', '', 'erfi', '', '2010-07-28', '2000-01-01', '2011-07-28', 'killmullen lane', '2000-01-01', '', '', '23/4/2015 scott and ian transferred wall to wall system to another room', '0000-00-00'),
(1808, '120001-2522-2009', 'hoist', 'gh2-dc', 'guldmann', '', '2009-08-18', '2000-01-01', '2010-08-18', '', '2000-01-01', '', '', '', '0000-00-00'),
(1809, '120001-2514-2009', 'hoist', 'gh2-dc', 'guldmann', '', '2009-08-18', '2000-01-01', '2010-08-18', '', '2000-01-01', '', '', '', '0000-00-00'),
(1810, '0266.22.09', 'bathtub', 'k2', 'beka', '', '2009-08-18', '2000-01-01', '2010-08-18', '', '2000-01-01', '', '', '', '0000-00-00'),
(1811, '0018-2011', 'screens', 'nightingale', 'silentia', '', '2010-12-08', '2000-01-01', '2011-12-09', '', '2000-01-01', '', '', '', '0000-00-00'),
(1812, '0019-2011', 'screens', 'nightingale', 'silentia', '', '2010-12-08', '2000-01-01', '2011-12-09', '', '2000-01-01', '', '', '', '0000-00-00'),
(1813, '120001-3882-2010', 'hoist', 'gh2', 'guldmann', '', '2010-07-01', '2000-01-01', '2011-07-01', '', '2000-01-01', '', '', '', '0000-00-00'),
(1814, '120001-1368-2005', 'hoist', 'gh2', 'guldmann', '', '2005-07-21', '2000-01-01', '2011-02-01', 'hillcrest', '2000-01-01', '', '', '', '0000-00-00'),
(1815, '56921', '3.5m x 1.5m room cover', 'gh1', 'guldmann', '', '2012-08-01', '2000-01-01', '2016-12-02', 'st patricks avenue', '2000-01-01', '', '', '02/12/2015 ian did a full service', '0000-00-00'),
(1816, '', 'changing bench', 'pressalit bench', 'ropox', '', '2012-08-01', '2000-01-01', '2015-09-03', 'tipperary town', '2000-01-01', '', '', 'mariusz did thorough service on pressalit nursing bench', '0000-00-00'),
(1817, 'N40-25526-7', 'aqualine', '160x88cm', 'ropox', '', '2008-07-18', '2000-01-01', '2011-05-10', '', '2000-01-01', '', '', '', '0000-00-00'),
(1818, 'N40-255267', 'shower bed', 'aqualine', 'ropox', '', '2008-07-18', '2000-01-01', '2011-05-10', '', '2000-01-01', '', '', '', '0000-00-00'),
(1819, '5705', 'toilet', 'vamat', 'spahn reha', '', '2008-07-18', '2000-01-01', '2011-05-10', '', '2000-01-01', '', '', '', '0000-00-00'),
(1820, '5725', 'toilet', 'vamat', 'spahn reha', '', '2008-07-18', '2000-01-01', '2011-05-10', '', '2000-01-01', '', '', '', '0000-00-00'),
(1821, '94943', 'guldmann hoist', 'gh1', 'guldmann', '', '2012-12-21', '2000-01-01', '2016-06-04', 'ingrid brennan', '2015-07-29', '', '', '4/6/2015  cover replaced and full service carried out.', '0000-00-00'),
(1822, '0603.10.11', 'bath', 'avero classic', 'beka', '', '2010-10-30', '2000-01-01', '2014-10-30', 'blanchardstown', '2000-01-01', '', '', '', '0000-00-00'),
(1823, '0350.14.11', 'bath', 'invita', 'beka', '', '2014-10-30', '2000-01-01', '2013-02-21', 'blanchardstown', '2000-01-01', '', '', '', '0000-00-00'),
(1824, '120001-1056-2007', 'hoist', 'gh2 f', 'guldmann', '', '2007-05-01', '2000-01-01', '2010-03-19', 'kilcolonn day services', '2000-01-01', '', '', '', '0000-00-00'),
(1825, '120001-99998-2007', 'hoist', 'gh2 f', 'guldmann', '', '2007-05-01', '2000-01-01', '2010-03-19', 'kilcolonn day services', '2000-01-01', '', '', '', '0000-00-00'),
(1826, '120001-1886-2007', 'hoist', 'gh2', 'guldmann', '', '2007-05-01', '2000-01-01', '2010-03-19', 'kilcolonn day services', '2000-01-01', '', '', '', '0000-00-00'),
(1827, '120001-99997-2007', 'hoist', 'gh2 f', 'guldmann', '', '2007-05-01', '2000-01-01', '2010-03-19', 'kilcolonn day services', '2000-01-01', '', '', '', '0000-00-00'),
(1828, '120001-1084-2007', 'hoist', 'gh2 hd+2', 'guldmann', '', '2007-05-01', '2000-01-01', '2010-03-19', 'kilclonn day services', '2000-01-01', '', '', '', '0000-00-00'),
(1829, '552251', 'gh1 on 8m straight with curves', 'gh1', 'guldmann', '', '2015-02-11', '2000-01-01', '2016-02-11', '', '2016-02-11', '', '', '11/02/2015 scott and ian installed gh1 onto 8m straight with 2 curves - 90 degree 1m and 2 m', '0000-00-00'),
(1830, '3181', 'v-amat', 'v-amat', 'spahn reha', '', '2000-01-01', '2000-01-01', '2011-11-23', '', '2000-01-01', '', '', '', '0000-00-00'),
(1831, '66685', 'gh1 onto 4m x 4m b rail', 'gh1', 'guldmann', '', '2015-06-29', '2000-01-01', '2016-06-29', '', '2016-06-29', '', '', 'ian/ruari and john installed system with 2 profiles', '0000-00-00'),
(1832, '120001-1733-2006', 'hoist', 'gh2', 'guldmann', '', '2006-07-19', '2000-01-01', '2015-11-06', '', '2000-01-01', '', '', '15/6/15 ian inspected hoist thoroughlly, tested batteries, no faults', '0000-00-00'),
(1833, '92-1000', 'shower chair', 'el-tns', 'hmn', '', '2006-03-10', '2000-01-01', '2007-03-10', '', '2000-01-01', '', '', '', '0000-00-00'),
(1834, '120001-3789-2003', 'hoist', 'gh2-dc', 'guldmann', '', '2004-06-24', '2000-01-01', '2008-08-22', '', '2000-01-01', '', '', '', '0000-00-00'),
(1835, '', 'stairlift', 'hw-10', 'hawle', '', '2006-11-02', '2000-01-01', '2009-07-24', '', '2000-01-01', '', '', '', '0000-00-00'),
(1836, '', 'stairlift', '', 'meditek', '', '2000-01-01', '2000-01-01', '2000-01-01', '', '2000-01-01', '', '', '', '0000-00-00'),
(1837, '66680', 'gh1 onto 3m x 3m b rail', 'gh1', 'guldmann', '', '2015-06-29', '2000-01-01', '2016-06-29', '', '2016-06-29', '', '', 'ian/ruari and john installed system with 2 profiles', '0000-00-00'),
(1838, '120001-1020-2007', 'hoist', 'gh2', 'guldmann', '', '2007-01-29', '2000-01-01', '2000-01-01', '', '2000-01-01', '', '', '', '0000-00-00'),
(1839, '116-1000', 'v-amat', 'v-amat', 'spahn reha', '', '2006-05-18', '2000-01-01', '2007-05-18', '', '2000-01-01', '', '', '', '0000-00-00'),
(1840, 'N410098', 'changing bench', 'vario', 'ropox', '', '2011-11-17', '2000-01-01', '2012-11-16', 'north richmond street', '2000-01-01', '', '', '', '0000-00-00'),
(1841, '15645', 'double combi hoist', 'gh3 200 110 0000', 'guldmann', '', '2011-10-04', '2000-01-01', '2015-10-29', '', '2000-01-01', '', '', '30/09/2014 hoist taken away for repair - loan one left s/n 552103, needs new transformer, and new ick i', '0000-00-00'),
(1842, '120001-1819-2002', 'hoist', 'gh2', 'guldmann', '', '2002-11-02', '2000-01-01', '2000-01-01', '', '2000-01-01', '', '', '', '0000-00-00'),
(1843, 'gerardforgotit', 'hoist', 'gh2', 'guldmann', '', '2009-04-30', '2000-01-01', '2016-09-30', 'unit 3b', '2000-01-01', '', '', '30/09/2015 - ian carried out full service', '0000-00-00'),
(1844, '', 'bath', 'clara', 'beka', '', '2011-05-20', '2000-01-01', '2012-05-19', '', '2000-01-01', '', '', '', '0000-00-00'),
(1845, '2028-08', 'mobile hoist', 'mobile gl3', 'guldmann', '', '2013-08-22', '2000-01-01', '2000-01-01', '', '2000-01-01', '', '', '', '0000-00-00'),
(1846, '3012005.1', 'changing bench', 'vario', 'ropox', '', '2005-10-03', '2000-01-01', '2011-10-03', 'balally drive', '2000-01-01', '', '', '', '0000-00-00'),
(1847, '122007.09', 'changing bench', 'vario', 'ropox', '', '2005-10-03', '2000-01-01', '2011-10-03', 'balally drive', '2000-01-01', '', '', '', '0000-00-00'),
(1848, '48234', 'hoist', 'gh1 200 110 000', 'guldmann', '', '2011-08-04', '2000-01-01', '2012-08-03', '', '2000-01-01', '', '', '', '0000-00-00'),
(1849, '', 'chair', 'cura', 'cura seating', '', '2000-01-01', '2000-01-01', '2000-01-01', 'prosperous road', '2000-01-01', '', '', '', '0000-00-00'),
(1850, '205350', 'cura', 'cura chair', 'cura seating', '', '2014-07-01', '2000-01-01', '2015-07-01', 'prosperous', '2000-01-01', '', '', 'commissioning, replaced handset,supplied charger', '0000-00-00'),
(1851, '120001-2479-2008', 'gh2', '3.49m x 3.067m', 'guldmann', '', '2011-05-04', '2000-01-01', '2012-05-03', '', '2000-01-01', '', '', 'do not send reminder service letter as per orla shiel o.t', '0000-00-00'),
(1852, '00550806', 'bed', 'flexi2', 'unknown', '', '2000-01-01', '2000-01-01', '2016-06-30', 'rehab care', '2000-01-01', '', '', '30/06/2015 john did thorough service', '0000-00-00'),
(1853, '0041', 'ropox kitchen units', 'flexiframe', 'ropox', '', '2006-11-09', '2015-12-31', '2016-06-30', 'rehab care', '2000-01-01', '', '', '10/09/2015 repair needed on adjustable presses, wrong intelligent box ordered', '0000-00-00'),
(1854, '120001-3784-2006', 'hoist', 'gh2-dc', 'guldmann', '', '2006-11-09', '2015-12-31', '2016-06-30', 'rehab care', '2000-01-01', '', '', '30/6/2015 thorough sevice carried out by john and 2 batteries replaced', '0000-00-00'),
(1855, '120001-3785-2006', 'hoist', 'gh2-dc', 'guldmann', '', '2006-11-09', '2000-01-01', '2016-06-30', 'rehab care', '2000-01-01', '', '', '30/06/2015 john did thorough service', '0000-00-00'),
(1856, '0277012/400', 'bed', 'ramp masterpiece', 'unknown', '', '2000-01-01', '2000-01-01', '2016-06-30', 'rehab care', '2000-01-01', '', '', '30/06/2015 john did thorough service', '0000-00-00'),
(1857, '85312', 'hoist', 'gh3', 'guldmann', '', '2015-03-30', '2000-01-01', '2017-02-01', '', '2000-01-01', '', '', 'device already serviced by other agent service date moved forward a year...dawn', '0000-00-00'),
(1858, '120001-2708-2002-0', 'hoist', 'gh2', 'guldmann', '', '2003-10-22', '2000-01-01', '2008-07-05', 'kickhamarch', '2000-01-01', '', '', '', '0000-00-00'),
(1859, '120001-1568-2006', 'gh2', '5m x 4m onto 6.2m straight track', 'guldmann', '', '2011-03-10', '2000-01-01', '2016-04-27', '', '2000-01-01', '', '', '19/11/2015 ruiri replaced batteries', '0000-00-00'),
(1860, '1141484', 'aerolet', 'aerolet', 'economic holland', '', '2010-07-06', '2000-01-01', '2011-07-05', '', '2000-01-01', '', '', '', '0000-00-00'),
(1861, '100424-2159', 'flex step', 'flexstep', 'liftup', '', '2010-10-12', '2000-01-01', '2013-06-15', 'dublin rd', '2000-01-01', '', '', '', '0000-00-00'),
(1862, '3510110902', 'mona nursing table', 'mona 150 x 65 el', 'beka', '', '2010-09-10', '2000-01-01', '2011-10-09', 'north william street', '2000-01-01', '', '', '', '0000-00-00'),
(1863, '', 'v-amat', 'vamat', 'spahn reha', '', '2009-01-06', '2000-01-01', '2010-01-05', 'grotto avenye', '2000-01-01', '', '', 'inv no. 8670.  commission vmatt 50.  no enough pressure under 1 bar. colin', '0000-00-00'),
(1864, '6353', 'v-amat', 'vamat', 'spahn reha', '', '2010-07-06', '2000-01-01', '2012-12-18', '', '2000-01-01', '', '', '', '0000-00-00'),
(1865, '23931', 'hoist', 'gh3', 'guldmann', '', '2016-01-12', '2000-01-01', '2017-01-12', '', '2000-01-01', '', '', '12/1/2016 4m x 3m onto gh3 hoist installation complete by ruiri', '0000-00-00'),
(1866, '120001-3480-2007', 'hoist ac', '4x2m room cover on midi rails', 'guldmann', '', '2008-08-01', '2000-01-01', '2009-07-31', '', '2000-01-01', '', '', '', '0000-00-00'),
(1867, '', 'shower bed', 'aqualine 1.6m', 'ropox', '', '2008-08-01', '2000-01-01', '2009-07-31', '', '2000-01-01', '', '', '', '0000-00-00'),
(1868, '2096', 'mobile hoist', 'gl2', 'guldmann', '', '2000-01-01', '2000-01-01', '2016-02-24', 'cinn mhara', '2000-01-01', '', '', 'serviced by scott 24/2/15 4 batteries required', '0000-00-00'),
(1869, '97943', 'hoist', 'gh1', 'guldmann', '', '2015-09-08', '2000-01-01', '2016-09-08', 'castlebar', '2000-01-01', '', '', 'new installation - gh1 hoist onto 5m x 5m room cover installed by ruiri and ian', '0000-00-00'),
(1870, '', 'erfi system', 'erfi', 'erfi', '', '2010-08-23', '2000-01-01', '2011-08-22', '', '2000-01-01', '', '', '', '0000-00-00'),
(1871, '120001-1561-2010', 'hoist', 'gh2', 'guldmann', '', '2010-08-23', '2000-01-01', '2014-01-31', '', '2000-01-01', '', '', '', '0000-00-00'),
(1872, '94-1000', 'changing bench', 'vario', 'ropox', '', '2006-04-04', '2000-01-01', '2007-04-04', '', '2000-01-01', '', '', '', '0000-00-00'),
(1873, 'SILENTIA', 'screen', '15 sec. h1.85, l 3.75 (white)', 'silentia', '', '2010-06-14', '2000-01-01', '2011-06-14', 'oakvale', '2000-01-01', '', '', '', '0000-00-00'),
(1874, '0285.38.09-(02581509)', 'bathtub', 'k2', 'beka', '', '2010-06-14', '2000-01-01', '2014-07-23', 'oakvale', '2015-07-23', '', '', '08/01/2016 bath lever repair', '0000-00-00'),
(1875, 'screens', 'screens', '15 sec. h1.85, l 3.75', 'silentia', '', '2008-04-04', '2000-01-01', '2000-01-01', '', '2000-01-01', '', '', '', '0000-00-00'),
(1876, '', 'erfi system', 'erfi', 'erfi', '', '2011-02-02', '2000-01-01', '2012-02-02', 'kilnahue lane', '2000-01-01', '', '', '', '0000-00-00'),
(1877, '120001-2185-2008', 'hoist', 'gh2', 'guldmann', '', '2008-09-16', '2000-01-01', '2015-09-30', 'kilnahue lane', '2000-01-01', '', '', '30/09/2014 ian did full service and replaced 2 batteries', '0000-00-00'),
(1878, '40-0317', 'changing bench', 'vario', 'ropox', '', '2008-09-16', '2000-01-01', '2015-09-30', 'kilnahue lane', '2000-01-01', '', '', '30/09/14 ian did full service', '0000-00-00'),
(1879, '', 'erfi system', '', '', '', '2012-09-01', '2000-01-01', '2000-01-01', 'black moss lane', '2000-01-01', '', '', '', '0000-00-00'),
(1880, '120001-0457-2004', 'hoist', 'gh2', 'guldmann', '', '2004-02-24', '2000-01-01', '2008-03-07', '', '2000-01-01', '', '', '', '0000-00-00'),
(1881, '120001-3663-2005', 'hoist', 'gh2', 'guldmann', '', '2006-01-03', '2000-01-01', '2016-02-01', '', '2000-01-01', '', '', 'device already service by another agent service date moved forward by a year...dawn', '0000-00-00'),
(1882, '51-1000', 'hoist', 'gh2', 'guldmann', '', '2005-03-21', '2000-01-01', '2006-03-21', '', '2000-01-01', '', '', '', '0000-00-00'),
(1883, '120001-1664-2002', 'hoist', 'gh2', 'guldmann', '', '2003-09-08', '2000-01-01', '2013-01-19', '', '2000-01-01', '', '', '', '0000-00-00'),
(1884, '959Perdo', 'changing bench', 'bench', 'unknown', '', '2000-01-01', '2000-01-01', '2016-09-29', 'ballycasheen', '2000-01-01', '', '', '29/09/2015 thoroughly serviced by ian', '0000-00-00'),
(1885, '11-1000', 'changing bench', 'bench', 'ropox', '', '2003-03-26', '2000-01-01', '2006-03-24', 'ballycasheen', '2000-01-01', '', '', '', '0000-00-00'),
(1886, '', 'erfi system', 'erfi', 'erfi', '', '2009-08-20', '2000-01-01', '2010-10-18', 'ballycasheen', '2000-01-01', '', '', '', '0000-00-00'),
(1887, '120001-0529-2003', 'hoist', 'gh2', 'guldmann', '', '2003-03-26', '2000-01-01', '2016-09-29', 'ballycasheen', '2000-01-01', '', '', '15/10/2015 ruiri repaired hoist, spur to transformer was switched off, hoist was not charging', '0000-00-00'),
(1888, '3745', 'v-amat', 'v-amat', 'spahn reha', '', '2003-03-26', '2000-01-01', '2012-06-09', 'ballycasheen', '2000-01-01', '', '', '', '0000-00-00'),
(1889, '', 'stairlift', 'hw-10', 'hawle', '', '2006-07-07', '2000-01-01', '2000-01-01', '', '2000-01-01', '', '', '', '0000-00-00'),
(1890, '0294.46.09', 'bathtub', 'k2', 'beka', '', '2010-04-29', '2000-01-01', '2000-01-01', '476 howth road', '2000-01-01', '', '', '', '0000-00-00'),
(1891, '120001-1417-2005', 'hoist', 'gh2', 'guldmann', '', '2005-09-08', '2000-01-01', '2006-09-08', '', '2000-01-01', '', '', '', '0000-00-00'),
(1892, '30-67850-9', 'kitchen', 'kitframe', 'ropox', '', '2005-09-08', '2000-01-01', '2006-09-08', '', '2000-01-01', '', '', '', '0000-00-00'),
(1893, '61-1000', 'bathtub', 'aqualine', 'ropox', '', '2005-09-08', '2000-01-01', '2006-09-08', '', '2000-01-01', '', '', '', '0000-00-00'),
(1894, '2011081380-0029', 'bed', 'sentida', 'wi-bo', '', '2014-08-07', '2000-01-01', '2016-09-06', 'oakvale', '2000-01-01', '', '', '06/09/2015 thorough service carried out by ian', '0000-00-00'),
(1895, '2011081380-0005', 'bed', 'sentida', 'wi-bo', '', '2014-08-07', '2000-01-01', '2016-09-06', 'oakvale c', '2000-01-01', '', '', '06/09/2015 thorough service carried out by ian', '0000-00-00'),
(1896, '2011081380-0028', 'bed', 'sentida', 'wi-bo', '', '2014-08-07', '2000-01-01', '2016-09-06', 'oakvale d', '2000-01-01', '', '', '06/09/2015 thorough service carried out by ian  - replaced faulty handset with new one', '0000-00-00'),
(1897, '2011081380-0003', 'bed', 'sentida', 'wi-bo', '', '2014-08-07', '2000-01-01', '2015-10-06', 'oakvale d', '2000-01-01', '', '', '6/10/2015 - thorough service carried out by ian', '0000-00-00'),
(1898, '2011081380-0006', 'bed', 'sentida', 'wi-bo', '', '2014-08-07', '2000-01-01', '2016-09-06', 'oakvale a', '2000-01-01', '', '', '06/09/2015 thorough service carried out by ian', '0000-00-00'),
(1899, '2011081380-0008', 'bed', 'sentida', 'wi-bo', '', '2014-08-07', '2000-01-01', '2016-09-06', 'oakvale a', '2000-01-01', '', '', '06/09/2015 thorough service carried out by ian', '0000-00-00'),
(1900, '2011081380-0011', 'bed', 'sentida', 'wi-bo', '', '2014-08-07', '2000-01-01', '2016-09-06', 'oakvale c', '2000-01-01', '', '', '06/09/2015 thorough service carried out by ian, fault with connection for handcontrol, bed wont lift', '0000-00-00'),
(1901, '2011081380-0018', 'bed', 'sentida', 'wi-bo', '', '2014-08-07', '2000-01-01', '2016-09-06', 'oakvale e', '2000-01-01', '', '', '06/09/2015 thorough service carried out by ian - new handset required', '0000-00-00'),
(1902, '2011081380-0022', 'bed', 'sentida', 'wi-bo', '', '2014-08-07', '2000-01-01', '2015-08-07', 'oakvale a', '2000-01-01', '', '', '07/08/2014 thorough service carried out -', '0000-00-00'),
(1903, '2011081380-0023', 'bed', 'sentida', 'wi-bo', '', '2014-08-07', '2000-01-01', '2016-09-06', 'oakvale e', '2000-01-01', '', '', '06/09/2015 thorough service carried out by ian', '0000-00-00'),
(1904, '2011081380-0017', 'bed', 'sentida', 'wi-bo', '', '2014-08-07', '2000-01-01', '2016-09-06', 'oakvale e', '2000-01-01', '', '', '06/09/2015 thorough service carried out by ian - new handset required', '0000-00-00'),
(1905, '2011081380-0014', 'bed', 'sentida', 'wi-bo', '', '2014-08-07', '2000-01-01', '2016-09-06', 'oakvale b', '2000-01-01', '', '', '06/09/2015 thorough service carried out by ian', '0000-00-00'),
(1906, '2011081380-0010', 'bed', 'sentida', 'wi-bo', '', '2014-08-07', '2000-01-01', '2016-09-06', 'oakvale c', '2000-01-01', '', '', '06/09/2015 thorough service carried out by ian', '0000-00-00'),
(1907, '2011081380-0019', 'bed', 'sentida', 'wi-bo', '', '2014-08-07', '2000-01-01', '2016-09-06', 'oakvale e', '2000-01-01', '', '', '06/09/2015 thorough service carried out by ian', '0000-00-00'),
(1908, '2011081380-0012', 'bed', 'sentida', 'wi-bo', '', '2014-08-07', '2000-01-01', '2016-09-06', 'oakvale b', '2000-01-01', '', '', '06/09/2015 thorough service carried out by ian', '0000-00-00'),
(1909, '2011081380-0026', 'bed', 'sentida', 'wi-bo', '', '2016-01-09', '2000-01-01', '2016-09-06', 'oakvale d', '2000-01-01', '', '', '08/01/2016 repair bed & new handset installed', '0000-00-00'),
(1910, '2011081380-0013', 'bed', 'sentida', 'wi-bo', '', '2014-08-07', '2000-01-01', '2016-09-06', 'oakvale b', '2000-01-01', '', '', '06/09/2015 thorough service carried out by ian', '0000-00-00'),
(1911, '2011081380-0030', 'bed', 'sentida', 'wi-bo', '', '2014-08-07', '2000-01-01', '2016-09-06', 'oakvale c', '2000-01-01', '', '', '06/09/2015 thorough service carried out by ian - replaced handset with new one', '0000-00-00'),
(1912, '2011081380-0024', 'bed', 'sentida', 'wi-bo', '', '2014-08-07', '2000-01-01', '2016-09-06', 'oakvale a', '2000-01-01', '', '', '06/09/2015 thorough service carried out by ian', '0000-00-00'),
(1913, '2011081380-0002', 'bed', 'sentida', 'wi-bo', '', '2014-08-07', '2000-01-01', '2016-09-06', 'oakvale d', '2000-01-01', '', '', '06/09/2015 thorough service carried out by ian', '0000-00-00'),
(1914, '2011081380-0015', 'bed', 'sentida', 'wi-bo', '', '2014-08-07', '2000-01-01', '2016-09-06', 'oakvale b', '2000-01-01', '', '', '08/01/2016 checked bed recommended new cap for motor unit', '0000-00-00'),
(1915, '2011081380-0025', 'bed', 'sentida', 'wi-bo', '', '2014-08-07', '2000-01-01', '2016-09-06', 'oakvale b', '2000-01-01', '', '', '06/09/2015 thorough service carried out by ian', '0000-00-00'),
(1916, '2011081380-0027', 'bed', 'sentida', 'wi-bo', '', '2014-08-07', '2000-01-01', '2016-09-06', 'oakvale d', '2000-01-01', '', '', '06/09/2015 thorough service carried out by ian', '0000-00-00'),
(1917, '2011081380-0021', 'bed', 'sentida', 'wi-bo', '', '2014-08-07', '2000-01-01', '2016-10-06', 'oakvale e', '2000-01-01', '', '', '6/10/2015 full service carried out by ian', '0000-00-00'),
(1918, '2011081380-0016', 'bed', 'sentida', 'wi-bo', '', '2014-08-07', '2000-01-01', '2016-09-06', 'oakvale e', '2000-01-01', '', '', '06/09/2015 thorough service carried out by ian', '0000-00-00'),
(1919, '2011081380-0004', 'bed', 'sentida', 'wi-bo', '', '2014-08-07', '2000-01-01', '2016-09-06', 'oakvale d', '2000-01-01', '', '', '08/01/2016 ian replaced side guards with new', '0000-00-00'),
(1920, '2011081380-0009', 'bed', 'sentida', 'wi-bo', '', '2014-08-07', '2000-01-01', '2016-09-06', 'oakvale c', '2000-01-01', '', '', '06/09/2015 thorough service carried out by ian', '0000-00-00'),
(1921, '2011081380-0001', 'bed', 'sentida', 'wi-bo', '', '2014-08-07', '2000-01-01', '2016-09-06', 'oakvale b', '2000-01-01', '', '', '06/09/2015 thorough service carried out by ian', '0000-00-00'),
(1922, '2011081380-0020', 'bed', 'sentida', 'wi-bo', '', '2014-08-07', '2000-01-01', '2016-09-06', 'oakvale a', '2000-01-01', '', '', '08/01/2016 repaired bed / tried to repair cap. recommended new cap on main motor', '0000-00-00'),
(1923, '2011081380-0007', 'bed', 'sentida', 'wi-bo', '', '2014-08-07', '2000-01-01', '2016-09-06', 'oakvale a', '2000-01-01', '', '', '06/09/2015 thorough service carried out by ian', '0000-00-00'),
(1924, '120001-2781-2007', 'hoist', 'gh2', 'guldmann', '', '2007-07-19', '2000-01-01', '2008-07-19', '72 ballymena road', '2000-01-01', '', '', '', '0000-00-00'),
(1925, '120001-2438-2007', 'hoist', 'gh2-dc', 'guldmann', '', '2007-07-19', '2000-01-01', '2008-07-19', '', '2000-01-01', '', '', '', '0000-00-00'),
(1926, '710-0904-0063', 'bath', 'bellantine', '', '', '2000-01-01', '2000-01-01', '2014-09-23', 'black stopps', '2000-01-01', '', '', '', '0000-00-00'),
(1927, '', 'mobile hoist', 'invacare', '', '', '2000-01-01', '2000-01-01', '2015-04-15', 'black stopps', '2000-01-01', '', '', '', '0000-00-00'),
(1928, '7561', 'v-amat', 'v-amat', 'spahn reha', '', '2015-07-01', '2000-01-01', '2016-07-01', 'for: 1 pairc gleann na bearu', '2000-01-01', '', '', '01/07/2015 - vamat installed by ian, was unable to install on 14/5 due to incorrect toilet fitted', '0000-00-00'),
(1929, '120001-3927-2005', 'hoist', 'gh2', 'guldmann', '', '2005-11-24', '2000-01-01', '2006-11-24', '', '2000-01-01', '', '', '', '0000-00-00'),
(1930, '211416562', 'shower bed', '160cm', 'beka', '', '2014-06-25', '2000-01-01', '2016-08-24', 'snugborough road', '2000-01-01', '', '', '24/8/2015 ian completed full service', '0000-00-00'),
(1931, '120001-1226-2008', 'hoist', 'gh2-dc', 'guldmann', '', '2008-02-11', '2000-01-01', '2016-08-24', 'snugborough road', '2000-01-01', '', '', '24/8/2015 ian/ruiri  completed full service', '0000-00-00'),
(1932, '27418', 'hoist', 'gh3', 'guldmann', '', '2014-06-25', '2000-01-01', '2016-08-24', 'snugborough road', '2000-01-01', '', '', '24/8/2015 ruiri carried our full service', '0000-00-00'),
(1933, 'xxx', 'overhead hoist', 'gh2', 'guldmann', '', '2000-01-01', '2000-01-01', '2011-04-12', 'dungloe', '2000-01-01', '', '', '', '0000-00-00'),
(1934, '64003', 'hoist 4x3m room cover', 'gh1', 'guldmann', '', '2014-11-21', '2000-01-01', '2015-11-21', '', '2015-11-21', '', '', '21/11/14 mariusz installed hoist and delivered bh sling', '0000-00-00'),
(1935, '120001-4087-2008', 'hoist', 'gh2-dc', 'guldmann', '', '2008-10-15', '2000-01-01', '2009-10-15', '', '2000-01-01', '', '', '', '0000-00-00'),
(1936, '120001-4088-2008', 'hoist', 'gh2-dc', 'guldmann', '', '2008-10-15', '2000-01-01', '2009-10-15', '', '2000-01-01', '', '', '', '0000-00-00'),
(1937, '120001-1602-2007', 'hoist', 'gh2+2r', 'guldmann', '', '2008-02-13', '2000-01-01', '2016-01-13', '', '2000-01-01', '', '', 'no power to hoist. travel rail isn''t travelling correctly building work has been carried out and has potentially damaged system', '0000-00-00'),
(1938, '120001-3833-2007', 'hoist', 'gh2', 'guldmann', '', '2007-10-10', '2000-01-01', '2008-10-10', '', '2000-01-01', '', '', '', '0000-00-00'),
(1939, '02505', 'body drier', 'chiltern', 'chiltern', '', '2010-10-11', '2000-01-01', '2000-01-01', '', '2000-01-01', '', '', '', '0000-00-00'),
(1940, 'xxxxx', 'shower bed', 'aqualine', 'ropox', '', '2009-04-28', '2000-01-01', '2010-04-28', '', '2000-01-01', '', '', '', '0000-00-00'),
(1941, 'MY-00861103', 'hoist', 'mobile', 'guldmann', '', '2000-01-01', '2000-01-01', '2009-02-20', 'horgans house', '2000-01-01', '', '', '', '0000-00-00'),
(1942, '120001-2772-2004', 'hoist', 'gh2-dc', 'guldmann', '', '2004-12-07', '2000-01-01', '2010-01-04', 'horgans house', '2000-01-01', '', '', '', '0000-00-00'),
(1943, '', 'screens', '13&15 sec', 'silentia', '', '2008-04-12', '2000-01-01', '2000-01-01', 'bree', '2000-01-01', '', '', '', '0000-00-00'),
(1944, '120001-1802-2006', 'hoist', 'gh2-dc', 'guldmann', '', '2006-06-01', '2000-01-01', '2011-05-04', 'high rd,', '2000-01-01', '', '', '', '0000-00-00'),
(1945, '0438', 'changing bench', '1.6 vario', 'ropox', '', '2006-06-01', '2000-01-01', '2011-05-04', '', '2000-01-01', '', '', '', '0000-00-00'),
(1946, '', 'v-amat', '', 'spahn reha', '', '2014-06-18', '2000-01-01', '2015-06-18', '', '2000-01-01', '', '', '', '0000-00-00'),
(1947, '', 'stairlift', '140 deluxe', 'meditek', '', '2006-08-02', '2000-01-01', '2000-01-01', '', '2000-01-01', '', '', '', '0000-00-00'),
(1948, '120001-3178-2010', 'hoist', 'gh2', 'guldmann', '', '2007-05-08', '2000-01-01', '2016-09-30', '', '2000-01-01', '', '', '30/09/2015 - ian carried out full inspection', '0000-00-00'),
(1949, '13-1000', 'hoist', 'gh2', 'guldmann', '', '2003-07-17', '2000-01-01', '2005-07-01', '', '2000-01-01', '', '', '', '0000-00-00'),
(1950, '14-1000', 'v-amat', 'v-amat', 'spahn reha', '', '2003-07-17', '2000-01-01', '2005-07-01', '', '2000-01-01', '', '', '', '0000-00-00'),
(1951, '335669', 'shower trolley', '1930mm x 720mm', 'chiltern', '', '2014-02-01', '2000-01-01', '2015-11-25', '', '2000-01-01', '', '', '25/11/14 thorough service carried out by mariusz', '0000-00-00'),
(1952, '', 'shower trolley hyd', '', '', '', '2013-12-16', '2000-01-01', '2014-12-16', '', '2000-01-01', '', '', 'delivered by vincent daly', '0000-00-00'),
(1953, '117260-1101-2007', 'hoist', 'gl150', 'guldmann', '', '2007-07-20', '2000-01-01', '2016-04-15', 'tuam road', '2000-01-01', '', '', '15/4/2015 thorough service carried out', '0000-00-00'),
(1954, '', 'erfi system', 'erfi', 'erfi', '', '2009-09-15', '2000-01-01', '2011-09-14', 'coosan road', '2000-01-01', '', '', '', '0000-00-00'),
(1955, '0058', 'shower bed', 'aqualine', 'ropox', '', '2004-09-06', '2000-01-01', '2015-07-24', '', '2015-07-24', '', '', 'thorough service replace plastic and metal covers on the next service', '0000-00-00'),
(1956, '120001-2083-2004', 'hoist', 'gh2', 'guldmann', '', '2004-09-06', '2000-01-01', '2014-07-24', '', '2015-07-24', '', '', 'full service carried out  by mariuz and batteries tested', '0000-00-00'),
(1957, 'MY00801003', 'hoist', 'mobile', 'guldmann', '', '2003-01-01', '2000-01-01', '2011-02-02', '', '2000-01-01', '', '', '', '0000-00-00'),
(1958, '3112111105', 'shower trolley', 'beka', 'beka', '', '2004-09-06', '2000-01-01', '2015-07-24', '', '2015-07-24', '', '', 'thorough service by mariusz,', '0000-00-00'),
(1959, '530470', 'bench', 'changing', 'huntleigh - competition', '', '2003-07-23', '2000-01-01', '2015-07-24', '', '2015-07-24', '', '', 'thorough service, all ok, max load 180kg,', '0000-00-00'),
(1960, '17632', 'gh1', '5m straight track', 'guldmann', '', '2013-06-27', '2000-01-01', '2016-11-20', 'kilbegnet close', '2000-01-01', '', '', '20/11/2015 thorough service carried out by ruiri', '0000-00-00'),
(1961, '122-1000', 'bathtub', 'k2', 'beka', '', '2006-05-25', '2000-01-01', '2007-05-25', 'st. leo''s convent', '2000-01-01', '', '', '', '0000-00-00'),
(1962, '120001-1845-2008', 'hoist', 'gh2-ac', 'guldmann', '', '2008-06-17', '2000-01-01', '2016-09-09', 'aras mhuire', '2000-01-01', '', '', '09/09/2015 thorough service carried out', '0000-00-00'),
(1963, '0153.49.06', 'bathtub', 'k2', 'beka', '', '2008-06-17', '2000-01-01', '2016-09-09', 'aras mhuire', '2000-01-01', '', '', '09/09/2015 full service carried out by ian', '0000-00-00'),
(1964, '', 'stairlift', 'straight 160 chassis left', 'meditek', '', '2008-06-16', '2000-01-01', '2010-08-28', 'aras mhuire', '2000-01-01', '', '', '', '0000-00-00'),
(1965, '814917', 'v-amat & aerolet', 'v-amat & aerolet', 'spahn reha', '', '2008-06-17', '2016-03-09', '2016-09-09', 'aras mhuire', '2000-01-01', '', '', '9/9/2015 - serviced toilet lift, and vamat thoroughly serviced', '0000-00-00'),
(1966, '814918', 'v-amat & aerolet', 'v-amat & aerolet', 'spahn reha', '', '2008-06-17', '2000-01-01', '2016-09-09', 'aras mhuire', '2000-01-01', '', '', '9/9/15 - ian did thorough service', '0000-00-00'),
(1967, 'N40-0125', 'vario', '180cmx60cm', 'ropox', '', '2008-06-17', '2000-01-01', '2016-09-09', 'aras mhuire', '2000-01-01', '', '', '09/09/2015 ian carried out full service', '0000-00-00'),
(1968, '1372-2008', 'bed', 'bed', 'guldmann', '', '2000-01-01', '2000-01-01', '2016-09-09', 'aras mhuire', '2000-01-01', '', '', '09/09/2015 bed thoroughly serviced', '0000-00-00'),
(1969, '120001-1847-2008', 'hoist', 'gh2-ac', 'guldmann', '', '2008-06-17', '2000-01-01', '2016-09-09', 'aras mhuire', '2000-01-01', '', '', '09/09/2015 full service carried out', '0000-00-00'),
(1970, '120001-1846-2008', 'hoist', 'gh2-ac', 'guldmann', '', '2008-06-17', '2000-01-01', '2016-09-09', 'aras mhuire', '2000-01-01', '', '', '09/09/2015 thorough service carried out', '0000-00-00'),
(1971, 'z0053348A', 'bed', 'bed', 'unknown', '', '2000-01-01', '2016-01-27', '2016-07-27', 'bellefield', '2000-01-01', '', '', 'full service carried out by ian 27/7/15', '0000-00-00'),
(1972, '120001-4483-2008', 'hoist', 'gh2-dc', 'guldmann', '', '2008-10-29', '2000-01-01', '2016-07-27', 'bellefield', '2015-07-15', '', '', 'full service carried out by ian 27/7/15', '0000-00-00'),
(1973, '120001-4373-2008', 'hoist', 'gh2-dc', 'guldmann', '', '2008-10-29', '2016-01-27', '2016-07-27', 'bellefield', '2015-07-15', '', '', '27/7/2015  - serviced by ian', '0000-00-00'),
(1974, '0154.49.06', 'bathtub', 'k2-spa', 'beka', '', '2006-06-01', '2000-01-01', '2012-09-12', 'ardfoyle', '2000-01-01', '', '', '', '0000-00-00'),
(1975, '161-1000', 'changing bench', 'bench', 'ropox', '', '2007-08-20', '2000-01-01', '2011-03-10', '', '2000-01-01', '', '', 'no servicing required', '0000-00-00'),
(1976, '120001-1247-2007', 'hoist', 'gh2', 'guldmann', '', '2007-08-20', '2000-01-01', '2014-04-17', '', '2000-01-01', '', '', 'no servicing required', '0000-00-00'),
(1977, '120001-3462-2006', 'hoist', 'gh2', 'guldmann', '', '2006-10-06', '2000-01-01', '2013-05-04', 'block road', '2000-01-01', '', '', '', '0000-00-00'),
(1978, '120001-3456-2006', 'hoist', 'gh2', 'guldmann', '', '2006-10-06', '2000-01-01', '2013-05-04', 'block road', '2000-01-01', '', '', '', '0000-00-00'),
(1979, '120001-3851-2005', 'hoist', 'gh2', 'guldmann', '', '2005-12-20', '2000-01-01', '2009-01-16', 'thomas street', '2000-01-01', '', '', '', '0000-00-00'),
(1980, '104-1000', 'hoist', 'gl3', 'guldmann', '', '2006-05-02', '2000-01-01', '2007-05-02', 'regional aquired brain injury unit', '2000-01-01', '', '', '', '0000-00-00'),
(1981, '105-1000', 'hoist', 'gl3', 'guldmann', '', '2006-05-02', '2000-01-01', '2007-05-02', 'regional aquired brain injury unit', '2000-01-01', '', '', '', '0000-00-00'),
(1982, '42356', 'hoist', 'gh3+', 'guldmann', '', '2011-12-08', '2000-01-01', '2014-09-25', '4bed 8 x 3', '2000-01-01', '', '', '', '0000-00-00'),
(1983, '42363', 'hoist', 'gh3+', 'guldmann', '', '2011-12-08', '2000-01-01', '2014-09-25', '4 bed bathroom', '2000-01-01', '', '', '', '0000-00-00'),
(1984, 'screens', 'screens', 'eganmed', 'eganmed', '', '2012-03-13', '2000-01-01', '2013-03-12', '4 bedwards', '2000-01-01', '', '', '', '0000-00-00'),
(1985, '42336', 'hoist', 'gh3+', 'guldmann', '', '2011-12-08', '2000-01-01', '2014-09-25', '4bed 1st floor', '2000-01-01', '', '', '', '0000-00-00'),
(1986, '42362', 'hoist', 'gh3+', 'guldmann', '', '2011-12-08', '2000-01-01', '2014-09-25', '4 bed bathroom', '2000-01-01', '', '', '', '0000-00-00'),
(1987, '42351', 'hoist', 'gh3+', 'guldmann', '', '2011-12-08', '2000-01-01', '2014-09-25', '4 bed 8x 8 1st floor', '2000-01-01', '', '', '', '0000-00-00'),
(1988, '42358', 'hoist', 'gh3+', 'guldmann', '', '2011-12-08', '2000-01-01', '2014-09-25', '4 bed bathroom 2', '2000-01-01', '', '', '', '0000-00-00'),
(1989, '42342', 'hoist', 'gh3+', 'guldmann', '', '2011-12-08', '2000-01-01', '2014-09-25', '4 bed 1st floor', '2000-01-01', '', '', '', '0000-00-00'),
(1990, '42364', 'hoist', 'gh3+', 'guldmann', '', '2011-12-08', '2000-01-01', '2014-09-25', '4 bed bathroom 1st floor', '2000-01-01', '', '', '', '0000-00-00'),
(1991, '42352', 'hoist', 'gh3+', 'guldmann', '', '2011-12-08', '2000-01-01', '2000-01-01', 'single room 1st floor', '2000-01-01', '', '', '20/01/14 removed locking pins for examination earlier now replacing them', '0000-00-00'),
(1992, '42355', 'hoist', 'gh3+', 'guldmann', '', '2011-12-08', '2000-01-01', '2014-09-25', 'double room 1st floor', '2000-01-01', '', '', '', '0000-00-00'),
(1993, '42361', 'hoist', 'gh3+', 'guldmann', '', '2011-12-08', '2000-01-01', '2014-09-25', 'double room g, 1st floor', '2000-01-01', '', '', '', '0000-00-00'),
(1994, '42366', 'hoist', 'gh3+', 'guldmann', '', '2011-12-08', '2000-01-01', '2014-09-25', 'single room 1st floor', '2000-01-01', '', '', '', '0000-00-00'),
(1995, '42348', 'hoist', 'gh3+', 'guldmann', '', '2011-12-08', '2000-01-01', '2014-09-25', 'bathroom 2nd floor', '2000-01-01', '', '', '', '0000-00-00'),
(1996, '42335', 'hoist', 'gh3+', 'guldmann', '', '2011-12-08', '2000-01-01', '2014-09-25', 'single room 2nd floor', '2000-01-01', '', '', '', '0000-00-00'),
(1997, '42337', 'hoist', 'gh3+', 'guldmann', '', '2011-12-08', '2000-01-01', '2014-09-25', 'single room 2nd floor', '2000-01-01', '', '', '', '0000-00-00'),
(1998, '42338', 'hoist', 'gh3+', 'guldmann', '', '2011-12-08', '2000-01-01', '2014-09-25', 'single room 2nd floor', '2000-01-01', '', '', '', '0000-00-00'),
(1999, '42374', 'hoist', 'gh3+', 'guldmann', '', '2011-12-08', '2000-01-01', '2014-09-23', 'single room 2nd floor', '2000-01-01', '', '', '', '0000-00-00'),
(2000, '42378', 'hoist', 'gh3+', 'guldmann', '', '2011-12-08', '2000-01-01', '2014-09-25', 'single room 2nd floor', '2000-01-01', '', '', '', '0000-00-00'),
(2001, '42347', 'hoist', 'gh3+', 'guldmann', '', '2011-12-08', '2000-01-01', '2014-09-25', 'single room 2nd floor', '2000-01-01', '', '', '', '0000-00-00'),
(2002, '42340', 'hoist', 'gh3+', 'guldmann', '', '2011-12-08', '2000-01-01', '2014-09-25', 'single room 2nd floor', '2000-01-01', '', '', '', '0000-00-00'),
(2003, '42353', 'hoist', 'gh3+', 'guldmann', '', '2011-12-08', '2000-01-01', '2014-09-25', 'single room 2nd floor', '2000-01-01', '', '', '', '0000-00-00'),
(2004, '42350', 'hoist', 'gh3+', 'guldmann', '', '2011-12-08', '2000-01-01', '2014-09-25', 'single room 2nd floor', '2000-01-01', '', '', '', '0000-00-00'),
(2005, '42354', 'hoist', 'gh3+', 'guldmann', '', '2011-12-08', '2000-01-01', '2014-09-25', 'single room 2nd floor', '2000-01-01', '', '', '', '0000-00-00'),
(2006, '42349', 'hoist', 'gh3+', 'guldmann', '', '2011-12-08', '2000-01-01', '2014-09-25', 'single room 2nd floor', '2000-01-01', '', '', '', '0000-00-00'),
(2007, '42341', 'hoist', 'gh3+', 'guldmann', '', '2011-12-08', '2000-01-01', '2014-09-25', 'single room 2nd floor', '2000-01-01', '', '', '', '0000-00-00'),
(2008, '42377', 'hoist', 'gh3+', 'guldmann', '', '2011-12-08', '2000-01-01', '2014-09-25', 'bathroom 2nd floor corridor 2', '2000-01-01', '', '', '', '0000-00-00'),
(2009, '42357', 'hoist', 'gh3+', 'guldmann', '', '2011-12-08', '2000-01-01', '2014-09-25', 'single room 2nd floor corridor 2', '2000-01-01', '', '', '', '0000-00-00'),
(2010, '42372', 'hoist', 'gh3+', 'guldmann', '', '2011-12-08', '2000-01-01', '2014-09-25', 'bg single room corridor 2 floor 2', '2000-01-01', '', '', '', '0000-00-00'),
(2011, '42346', 'hoist', 'gh3+', 'guldmann', '', '2011-12-08', '2000-01-01', '2014-09-25', 'single room 2nd floor corridor 2', '2000-01-01', '', '', '', '0000-00-00'),
(2012, '42343', 'hoist', 'gh3+', 'guldmann', '', '2011-12-08', '2000-01-01', '2014-09-25', 'bg single room corridor 2 floor 2', '2000-01-01', '', '', '', '0000-00-00'),
(2013, '42379', 'hoist', 'gh3+', 'guldmann', '', '2011-12-08', '2000-01-01', '2014-09-25', 'bg single room corridor 2 floor 2', '2000-01-01', '', '', '', '0000-00-00'),
(2014, '42375', 'hoist', 'gh3+', 'guldmann', '', '2011-12-08', '2000-01-01', '2014-09-25', 'single room 2nd floor corridor 2', '2000-01-01', '', '', '', '0000-00-00'),
(2015, '42367', 'hoist', 'gh3+', 'guldmann', '', '2011-12-08', '2000-01-01', '2014-09-25', 'single room 2nd floor corridor 3', '2000-01-01', '', '', '', '0000-00-00'),
(2016, '42365', 'hoist', 'gh3+', 'guldmann', '', '2011-12-08', '2000-01-01', '2014-09-25', 'single room 2nd floor corridor 3', '2000-01-01', '', '', '', '0000-00-00'),
(2017, '42369', 'hoist', 'gh3+', 'guldmann', '', '2011-12-08', '2000-01-01', '2014-09-25', 'single room 2nd floor corridor 3', '2000-01-01', '', '', '', '0000-00-00'),
(2018, '42368', 'hoist', 'gh3+', 'guldmann', '', '2011-12-08', '2000-01-01', '2014-09-25', 'single room 2nd floor corridor 3', '2000-01-01', '', '', '', '0000-00-00'),
(2019, '42344', 'hoist', 'gh3+', 'guldmann', '', '2011-12-08', '2000-01-01', '2014-09-25', 'single room 2nd floor corridor 3', '2000-01-01', '', '', '', '0000-00-00'),
(2020, '42339', 'hoist', 'gh3+', 'guldmann', '', '2011-12-08', '2000-01-01', '2014-09-25', 'single room 2nd floor corridor 3', '2000-01-01', '', '', '', '0000-00-00'),
(2021, '42376', 'hoist', 'gh3+', 'guldmann', '', '2011-12-08', '2000-01-01', '2014-09-25', 'bathroom corridor 3, 2nd floor', '2000-01-01', '', '', '', '0000-00-00'),
(2022, '42360', 'hoist', 'gh3+', 'guldmann', '', '2011-12-08', '2000-01-01', '2014-09-25', 'single room 2nd floor corridor 3', '2000-01-01', '', '', '', '0000-00-00'),
(2023, '42371', 'hoist', 'gh3+', 'guldmann', '', '2011-12-08', '2000-01-01', '2014-09-25', 'single room 2nd floor corridor 3', '2000-01-01', '', '', '', '0000-00-00'),
(2024, '42370', 'hoist', 'gh3+', 'guldmann', '', '2011-12-08', '2000-01-01', '2014-09-25', 'single room 2nd floor corridor 3', '2000-01-01', '', '', '', '0000-00-00'),
(2025, '42349', 'hoist', 'gh3+', 'guldmann', '', '2011-12-08', '2000-01-01', '2014-09-25', 'single room 2nd floor corridor 3', '2000-01-01', '', '', '', '0000-00-00'),
(2026, '42373', 'hoist', 'gh3+', 'guldmann', '', '2011-12-08', '2000-01-01', '2014-09-25', 'single room 2nd floor corridor 3', '2000-01-01', '', '', '', '0000-00-00'),
(2027, '42359', 'hoist', 'gh3+', 'guldmann', '', '2011-12-08', '2000-01-01', '2014-09-25', 'single room 2nd floor corridor 3', '2000-01-01', '', '', '', '0000-00-00'),
(2028, '97-1000', 'shower bed', 'pressalit shower bench', 'pressalit', '', '2006-04-06', '2000-01-01', '2007-04-06', '', '2000-01-01', '', '', '', '0000-00-00'),
(2029, '120001-1140-2007', 'hoist', 'gh2', 'guldmann', '', '2007-06-28', '2000-01-01', '2009-03-24', '', '2000-01-01', '', '', '', '0000-00-00'),
(2030, '158-1000', 'changing bench', 'vario', 'ropox', '', '2007-06-28', '2000-01-01', '2000-01-01', '', '2000-01-01', '', '', '', '0000-00-00'),
(2031, '159-1000', 'shower trolley', 'sina', 'beka', '', '2007-06-28', '2000-01-01', '2000-01-01', '', '2000-01-01', '', '', '', '0000-00-00'),
(2032, '57375', 'gh1 205kg on 3m gantry', 'gantry', 'guldmann', '', '2012-03-08', '2000-01-01', '2013-03-07', 'hse west - unit 3', '2000-01-01', '', '', '', '0000-00-00'),
(2033, '120001-4086-2007', 'hoist', 'gh2', 'guldmann', '', '2007-11-15', '2000-01-01', '2012-06-15', '', '2000-01-01', '', '', '', '0000-00-00'),
(2034, '120001-1391-2006', 'hoist', 'gh2-dc', 'guldmann', '', '2006-02-22', '2000-01-01', '2012-06-15', 'gweedore road', '2000-01-01', '', '', '', '0000-00-00'),
(2035, '120001-1431-2004', 'hoist', 'gh2', 'guldmann', '', '2004-06-03', '2000-01-01', '2012-06-15', 'gweedore road', '2000-01-01', '', '', '', '0000-00-00'),
(2036, '120001-3447-2006', 'hoist', 'gh2', 'guldmann', '', '2006-09-14', '2000-01-01', '2012-06-15', 'gweedore road', '2000-01-01', '', '', '', '0000-00-00'),
(2037, '120001-4307-2006', 'hoist', 'gh2', 'guldmann', '', '2006-09-14', '2000-01-01', '2008-06-13', 'gweedore road', '2000-01-01', '', '', '', '0000-00-00'),
(2038, '010903852905002', 'bed', 'invacare', 'unknown', '', '2014-08-07', '2000-01-01', '2016-09-06', 'oakvale', '2000-01-01', '', '', '06/09/2015 thorough service carried out by ian', '0000-00-00'),
(2039, '0260.15.09', 'bathtub', 'k2', 'beka', '', '2010-06-14', '2016-01-27', '2016-07-23', 'oakvale', '2015-07-23', '', '', '27/7/2015 full service carried out by ian', '0000-00-00'),
(2040, '0257.38.09', 'bathtub', 'k2', 'beka', '', '2010-06-14', '2016-01-27', '2016-07-27', 'oakvale', '2000-01-01', '', '', '23/7/15 serviced by ian', '0000-00-00'),
(2041, '0432.04.13', 'bathtub', 'k2', 'beka', '', '2015-08-17', '2000-01-01', '2016-08-17', '', '2016-08-17', '', '', '17/8/2015 - new tilt and recline k2 bath delivered and commissioned', '0000-00-00'),
(2042, '0259.15.09', 'bathtub', 'k2', 'beka', '', '2010-06-14', '2000-01-01', '2016-07-23', 'oakvale', '2015-07-23', '', '', '6/10/15 ruiri replaced bath stopper', '0000-00-00'),
(2043, '0257.15.09', 'bathtub', 'k2', 'beka', '', '2015-09-20', '2000-01-01', '2016-07-27', 'oakvale', '2015-07-23', '', '', '2/11/2015 new cable for stopper fitted, repaired bath  ruiri', '0000-00-00');
INSERT INTO `stock` (`stockid`, `serialid`, `name`, `model`, `manufacturer`, `product_description`, `installation_date`, `inspection_date`, `service_date`, `location`, `contract_renewal_date`, `contract_type`, `funded_by`, `last_results`, `next_service`) VALUES
(2044, '0256.15.09', 'bathtub', 'k2', 'beka', '', '2010-06-14', '2000-01-01', '2016-07-23', 'oakvale', '2015-07-23', '', '', '27/7/2015 thorough service carried out', '0000-00-00'),
(2045, '120001-1798-2007', 'hoist', 'gh2', 'guldmann', '', '2007-06-14', '2000-01-01', '2017-02-01', '', '2000-01-01', '', '', '03/02/16 already serviced contractor not known service date moved forward a year..dawn', '0000-00-00'),
(2046, '', 'hoist', 'glhd', 'guldmann', '', '2008-06-14', '2000-01-01', '2017-02-01', '', '2000-01-01', '', '', 'device already serviced by another agent service date moved forward a year...dawn', '0000-00-00'),
(2047, '120001-2332-2008', 'hoist', 'gh2 dc', 'guldmann', '', '2009-11-03', '2000-01-01', '2016-11-24', '', '2000-01-01', '', '', '24/11/2015 ruiri completed thorough service', '0000-00-00'),
(2048, '120001-1785-2006', 'hoist', 'gh2', 'guldmann', '', '2006-10-03', '2000-01-01', '2017-02-01', '', '2000-01-01', '', '', '03/02/16 serviced by hse contractor not known service date moved forward a year', '0000-00-00'),
(2049, '12591', 'aerolet', 'aerolet', 'aerolet', '', '2006-05-19', '2000-01-01', '2015-12-05', 'st. mary of the isle', '2000-01-01', '', '', '05/12/2014 service carried out by mariusz, needs grab rail and seat rubber replacing', '0000-00-00'),
(2050, '1351006', 'bathtub', 'k2', 'beka', '', '2006-05-19', '2000-01-01', '2015-12-05', 'st. mary of the isle', '2000-01-01', '', '', '05/12/2014 thorough service carried out on bath and spa', '0000-00-00'),
(2051, '120001-1007-2006', 'hoist', 'gh2 f', 'guldmann', '', '2006-05-19', '2000-01-01', '2014-12-05', 'st. mary of the isle', '2000-01-01', '', '', '', '0000-00-00'),
(2052, '120001-1012-2006', 'hoist', 'gh2 f', 'guldmann', '', '2006-05-19', '2000-01-01', '2014-12-05', 'st. mary of the isle', '2000-01-01', '', '', '', '0000-00-00'),
(2053, '120001-1759-2006', 'hoist', 'gh2-dc', 'guldmann', '', '2006-06-07', '2000-01-01', '2014-12-05', 'st. mary of the isle', '2000-01-01', '', '', '', '0000-00-00'),
(2054, '120001-1436-2005', 'hoist', 'gh2', 'guldmann', '', '2006-09-22', '2000-01-01', '2011-09-22', '', '2000-01-01', '', '', '', '0000-00-00'),
(2055, '120001-3882-2003', 'hoist', 'gh2', 'guldmann', '', '2004-02-05', '2000-01-01', '2000-01-01', '', '2000-01-01', '', '', '', '0000-00-00'),
(2056, '120001-3883-2003', 'hoist', 'gh2', 'guldmann', '', '2004-02-06', '2000-01-01', '2000-01-01', '', '2000-01-01', '', '', '', '0000-00-00'),
(2057, '120001-1420-2003', 'hoist', 'gh2', 'guldmann', '', '2003-07-08', '2000-01-01', '2006-09-20', 'main st', '2000-01-01', '', '', '', '0000-00-00'),
(2058, '120001-1421-2003', 'hoist', 'gh2', 'guldmann', '', '2003-06-26', '2000-01-01', '2006-09-20', 'main st', '2000-01-01', '', '', '', '0000-00-00'),
(2059, '120001-1422-2003', 'hoist', 'gh2', 'guldmann', '', '2003-06-26', '2000-01-01', '2010-04-29', 'main st', '2000-01-01', '', '', '', '0000-00-00'),
(2060, '120001-1423-2003', 'hoist', 'gh2', 'guldmann', '', '2003-06-26', '2000-01-01', '2010-04-29', 'main st', '2000-01-01', '', '', '', '0000-00-00'),
(2061, '120001-1424-2003', 'hoist', 'gh2', 'guldmann', '', '2003-06-26', '2000-01-01', '2010-04-29', 'main st', '2000-01-01', '', '', '', '0000-00-00'),
(2062, '120001-1352-2003', 'hoist', 'gh2-dc', 'guldmann', '', '2003-07-08', '2000-01-01', '2009-04-02', 'main st', '2000-01-01', '', '', '', '0000-00-00'),
(2063, '', 'stairlift', 'hw-10', 'hawle', '', '2006-10-13', '2000-01-01', '2000-01-01', '', '2000-01-01', '', '', '', '0000-00-00'),
(2064, '', '6 x screens', '4 x 9 panel and 2 x 7 panel', 'eganmed', '', '2016-01-13', '2000-01-01', '2017-01-13', 'sjog', '2017-01-13', '', '', '13/1/2016  - 6 new screens installed by ian', '0000-00-00'),
(2065, '1103-2007', 'hoist', 'gl3', 'guldmann', '', '2007-01-03', '2000-01-01', '2011-03-07', 'commons road', '2000-01-01', '', '', '', '0000-00-00'),
(2066, '0116.42.05', 'bathtub', 'k2', 'beka', '', '2005-11-10', '2000-01-01', '2012-10-27', 'commons road', '2000-01-01', '', '', '', '0000-00-00'),
(2067, '120001-3220-2005', 'hoist', 'gh2-dc', 'guldmann', '', '2005-10-11', '2000-01-01', '2011-09-17', '', '2000-01-01', '', '', '', '0000-00-00'),
(2068, '120001-1760-2006', 'hoist', 'gh2-dc', 'guldmann', '', '2006-05-04', '2000-01-01', '2016-10-14', 'killmullen lane', '2000-01-01', '', '', '10/12/2015  new pick up and 2 new batteries installed', '0000-00-00'),
(2069, '', 'hoist', 'gh1 on 3m gantry system', 'guldmann', '', '2011-05-19', '2000-01-01', '2012-05-20', '', '2000-01-01', '', '', '', '0000-00-00'),
(2070, '490412827', 'multi-care', '', 'beka', '', '2008-01-01', '2000-01-01', '2016-08-27', '', '2000-01-01', '', '', '27/08/2015 ruairi carried out full service', '0000-00-00'),
(2071, '32746', '4m x 4m', 'gh1', 'guldmann', '', '2014-02-25', '2000-01-01', '2016-05-08', 'summerhill', '2000-01-01', '', '', '11/11/15 ian carried out thorough inspection', '0000-00-00'),
(2072, '120001-3469-2010', 'gh2', '6x3m room cover on midi rails', 'guldmann', '', '2010-12-13', '2000-01-01', '2016-05-08', 'summerhill house', '2000-01-01', '', '', '11/11/15 ian carried out thorough inspection', '0000-00-00'),
(2073, '', 'maxi sky', '', '', '', '2000-01-01', '2000-01-01', '2014-12-01', '', '2000-01-01', '', '', '', '0000-00-00'),
(2074, '', 'maxi sky', '', '', '', '2000-01-01', '2000-01-01', '2014-12-01', 'multi purpose room', '2000-01-01', '', '', '', '0000-00-00'),
(2075, '', 'maxi sky', '', '', '', '2000-01-01', '2000-01-01', '2014-12-01', '', '2000-01-01', '', '', '', '0000-00-00'),
(2076, '', 'maxi sky', '', '', '', '2000-01-01', '2000-01-01', '2014-12-01', 'skills room', '2000-01-01', '', '', '', '0000-00-00'),
(2077, '', 'maxi sky', '', '', '', '2000-01-01', '2000-01-01', '2014-12-01', 'multi therapy room', '2000-01-01', '', '', '', '0000-00-00'),
(2078, '99350', 'gh1', '5m x 3m room cover', 'guldmann', '', '2016-01-13', '2000-01-01', '2017-01-13', '', '2017-01-13', '', '', '13/01/2016 installed by ruiri, kristoff and kazik', '0000-00-00'),
(2079, '04955', 'gh3 200 110 0000', '5m x 5m full room cover', 'guldmann', '', '2011-03-10', '2000-01-01', '2016-05-08', 'bedroom rivendell house', '2000-01-01', '', '', '15/01/2016 change lift strap', '0000-00-00'),
(2080, '56884', 'gh3 200 110 0000', '5m x 5m full room cover', 'guldmann', '', '2011-12-05', '2000-01-01', '2016-05-08', 'rivendell house', '2000-01-01', '', '', '11/11/2015 thorough inspection carried out by ian', '0000-00-00'),
(2081, 'LB150953963', 'hoist', 'hoist', 'arjo', '', '2009-04-01', '2000-01-01', '2015-09-24', 'skills room enniscorthy', '2000-01-01', '', '', '24/9/14 thoroughly serviced by ian', '0000-00-00'),
(2082, 'LB150953958', 'hoist', 'hoist', 'arjo', '', '2009-04-01', '2000-01-01', '2015-09-24', 'enniscorthy', '2000-01-01', '', '', '24/9/14 thoroughly serviced by ian', '0000-00-00'),
(2083, 'LD210955788', 'hoist', 'hoist', 'arjo', '', '2009-04-01', '2000-01-01', '2015-09-24', 'enniscorthy', '2000-01-01', '', '', '24/9/14 thoroughly serviced by ian', '0000-00-00'),
(2084, 'LB150958962', 'hoist', 'hoist', 'arjo', '', '2009-04-01', '2000-01-01', '2015-09-24', 'enniscorthy', '2000-01-01', '', '', '24/9/14 thoroughly serviced by ian', '0000-00-00'),
(2085, 'LD150954108', 'hoist', 'hoist', 'arjo', '', '2009-04-01', '2000-01-01', '2015-09-24', 'enniscorthy', '2000-01-01', '', '', '24/9/14 thoroughly serviced by ian', '0000-00-00'),
(2086, 'LD150953967', 'hoist', 'hoist', 'arjo', '', '2009-04-01', '2000-01-01', '2015-09-24', 'enniscorthy', '2000-01-01', '', '', '24/9/14 thoroughly serviced by ian', '0000-00-00'),
(2087, '0057-0302', 'hoist', 'gl3', 'guldmann', '', '2002-06-09', '2000-01-01', '2004-06-09', 'ballysimon road', '2000-01-01', '', '', '', '0000-00-00'),
(2088, '120001-3617-2008', 'hoist', 'gh2-ac', 'guldmann', '', '2009-08-25', '2000-01-01', '2013-11-23', '', '2000-01-01', '', '', '', '0000-00-00'),
(2089, 'sn5653', 'v-amat', 'vamat', 'spahn reha', '', '2009-08-25', '2000-01-01', '2010-08-25', '', '2000-01-01', '', '', '', '0000-00-00'),
(2090, 'vision', 'table', 'vision', 'ropox', '', '2009-08-25', '2000-01-01', '2010-08-25', '', '2000-01-01', '', '', '', '0000-00-00'),
(2091, '', 'maxi sky', '', '', '', '2000-01-01', '2000-01-01', '2014-12-01', 'creditors dept (millbrook house)', '2000-01-01', '', '', '', '0000-00-00'),
(2092, '67635', 'gh1', '7m x5m b rail room cover plus scale', 'guldmann', '', '2014-12-18', '2000-01-01', '2016-05-11', 'belvedere road', '2000-01-01', '', '', '21/01/2016 replaced handset & reset belt on hoist', '0000-00-00'),
(2093, '', 'chair', 'air chair', 'cura seating', '', '2013-09-17', '2000-01-01', '2000-01-01', 'st josephs', '2000-01-01', '', '', '', '0000-00-00'),
(2094, '66677', 'hoist', 'gh1', 'guldmann', '', '2015-01-29', '2000-01-01', '2016-03-11', 'sjog', '2000-01-01', '', '', '11/11/15 ian carried out full inspection', '0000-00-00'),
(2095, '120001-5053-2008', 'gh2', '4.5m x 4.5m on b rails', 'guldmann', '', '2010-12-13', '2000-01-01', '2016-05-11', '', '2000-01-01', '', '', '11/11/2015 full inspection carried out by ian', '0000-00-00'),
(2096, '120001-3555-2007', 'hoist', 'gh2', 'guldmann', '', '2007-09-17', '2000-01-01', '2016-05-08', 'riverdell', '2000-01-01', '', '', '11/11/2015 ian carried out full service', '0000-00-00'),
(2097, '99349', 'hoist', 'gh1', 'guldmann', '', '2015-11-18', '2000-01-01', '2016-11-18', '', '2016-11-18', '', '', '18/11/15 4x4 room cover onto single combi and 3m straight track complete by ruiri', '0000-00-00'),
(2098, '120001-2722-2004', 'hoist', 'gh2', 'guldmann', '', '2004-10-28', '2000-01-01', '2015-01-23', 'mortuary', '2000-01-01', '', '', '', '0000-00-00'),
(2099, '120001-2723-2004', 'hoist', 'gh2', 'guldmann', '', '2004-10-20', '2000-01-01', '2015-01-23', 'mortuary', '2000-01-01', '', '', '', '0000-00-00'),
(2100, 'N40-0772', 'shower bed', 'aqualine', 'ropox', '', '2008-11-26', '2000-01-01', '2009-11-25', '', '2000-01-01', '', '', '', '0000-00-00'),
(2101, '120001-4613-2006-0', 'hoist', 'gh2', 'guldmann', '', '2007-10-16', '2000-01-01', '2008-10-16', '', '2000-01-01', '', '', '', '0000-00-00'),
(2102, '5572', 'v-amat', '', 'spahn reha', '', '2000-01-01', '2000-01-01', '2015-07-01', '', '2000-01-01', '', '', '1/7/14 -mariusz installed and commissioned , replaced safety electrical valve', '0000-00-00'),
(2103, '120001-4795-2007', 'hoist', 'gh2', 'guldmann', '', '2009-08-20', '2016-02-19', '2016-08-19', 'childrens ward, 4th floor', '2015-07-27', '', '', 'service carried out 19/08/2015', '0000-00-00'),
(2104, '120001-3182-2010', 'gh2', '2.5m x 3.3m midi rails', 'guldmann', '', '2010-10-01', '2000-01-01', '2016-01-13', 'st mary''s road', '2000-01-01', '', '', '06/07/2015 ruari carried out full service', '0000-00-00'),
(2105, '', 'screen', 'screen', '', '', '2010-10-01', '2000-01-01', '2012-06-01', 'st mary''s road', '2000-01-01', '', '', '', '0000-00-00'),
(2106, 'N40-07-66', 'shower bed', 'aqualine', 'ropox', '', '2009-01-26', '2000-01-01', '2010-01-25', '', '2000-01-01', '', '', '', '0000-00-00'),
(2107, 'n40-1149', 'changing bench', 'vario', 'ropox', '', '2009-07-13', '2000-01-01', '2010-05-13', '', '2000-01-01', '', '', '', '0000-00-00'),
(2108, 'N401149', 'vario', 'vario', 'ropox', '', '2000-01-01', '2000-01-01', '2011-10-05', 'newtwopothouse', '2000-01-01', '', '', '', '0000-00-00'),
(2109, 'JC-5733', 'v-amat', 'vamat', 'spahn reha', '', '2008-10-09', '2000-01-01', '2015-06-19', 'monashennach', '2015-06-19', '', '', 'now in ardagh, co limerick - val nolan 086 253 8341 - extended wash period to max tim of 1 minute', '0000-00-00'),
(2110, '5736', 'v-amat', '', 'spahn reha', '', '2013-06-10', '2000-01-01', '2015-06-10', '', '2000-01-01', '', '', '', '0000-00-00'),
(2111, '', 'flexstep', 'compact', 'liftup', '', '2009-04-22', '2000-01-01', '2010-03-22', '', '2000-01-01', '', '', '', '0000-00-00'),
(2112, '', 'flexstep', 'compact', 'liftup', '', '2009-04-22', '2000-01-01', '2010-03-22', '', '2000-01-01', '', '', '', '0000-00-00'),
(2113, '120001-1566-2010', 'hoist', 'gh2-dc', 'guldmann', '', '2010-07-27', '2000-01-01', '2014-11-12', '', '2000-01-01', '', '', '', '0000-00-00'),
(2114, '0265.22.09', 'bathtub', 'k3', 'beka', '', '2010-07-27', '2000-01-01', '2011-07-27', '', '2000-01-01', '', '', '', '0000-00-00'),
(2115, '0628.10.11', 'bath', 'avero classic', 'beka', '', '2014-09-17', '2000-01-01', '2016-09-14', 'blanchardstown', '2000-01-01', '', '', '14/09/2015 bath thoroughly serviced.', '0000-00-00'),
(2116, '0631.10.11', 'bath', 'avero classic', 'beka', '', '2011-02-17', '2000-01-01', '2016-09-14', 'blanchardstown', '2000-01-01', '', '', '14/09/2015 ian did full service', '0000-00-00'),
(2117, '0632.10.11', 'bath', 'avero classic', 'beka', '', '2011-02-17', '2000-01-01', '2016-09-14', 'blanchardstown', '2000-01-01', '', '', '14/9/2015 bath thoroughly serviced by ian', '0000-00-00'),
(2118, '0629.10.11', 'bath', 'avero classic', 'beka', '', '2011-02-17', '2000-01-01', '2016-09-17', 'blanchardstown', '2000-01-01', '', '', '14/09/2015 ian did full service', '0000-00-00'),
(2119, '2914L62193', 'bath lift', 'senta pur l combi bathing lift', 'beka', '', '2014-07-29', '2000-01-01', '2015-07-30', 'blanchardstown', '2000-01-01', '', '', 'mariusz supplied plus senta wing', '0000-00-00'),
(2120, '2914L62196', 'bath lift', 'senta pur l combi bathing lift', 'beka', '', '2014-07-29', '2000-01-01', '2015-07-30', 'blanchardstown', '2000-01-01', '', '', 'mariusz supplied plus senta wing', '0000-00-00'),
(2121, '2914L62194', 'bath lift', 'senta pur l combi bathing lift', 'beka', '', '2014-07-29', '2000-01-01', '2015-07-30', 'blanchardstown', '2000-01-01', '', '', 'mariusz supplied plus senta wing', '0000-00-00'),
(2122, '2914L62195', 'bath lift', 'senta pur l combi bathing lift', 'beka', '', '2014-07-29', '2000-01-01', '2015-07-30', 'blanchardstown', '2000-01-01', '', '', 'mariusz supplied plus senta wing', '0000-00-00'),
(2123, '135-1000', 'v-amat', 'v-amat', 'spahn reha', '', '2000-01-01', '2000-01-01', '2000-01-01', '', '2000-01-01', '', '', '', '0000-00-00'),
(2124, '', 'stairlift', 'hw-10', 'hawle', '', '2006-07-12', '2000-01-01', '2000-01-01', '', '2000-01-01', '', '', '', '0000-00-00'),
(2126, '120001-1669-2002', 'hoist', 'gh2', 'guldmann', '', '2005-11-24', '2000-01-01', '2016-06-15', 'clima hall', '2000-01-01', '', '', 'ian carried out full service 15/6/2015', '0000-00-00'),
(2127, '120001-4195-2006', 'hoist', 'gh2', 'guldmann', '', '2007-01-09', '2000-01-01', '2016-03-30', 'teach piemount', '2000-01-01', '', '', '31/3/2015 scott and ian did full service', '0000-00-00'),
(2128, '120001-1885-2007', 'hoist', 'gh2', 'guldmann', '', '2007-01-12', '2000-01-01', '2016-03-31', 'teach piemount', '2000-01-01', '', '', '31/3/15 scott and ian carried out full service', '0000-00-00'),
(2129, '0704', 'shower bed', 'aqualine', 'ropox', '', '2003-11-21', '2000-01-01', '2014-06-05', 'teach piemount', '2000-01-01', '', '', 'order no b34 394229', '0000-00-00'),
(2130, '120001-4464-2008', 'hoist', 'gh2', 'guldmann', '', '2008-11-12', '2000-01-01', '2016-03-30', 'churchlane', '2000-01-01', '', '', '31/3/15 scott and ian did full service', '0000-00-00'),
(2131, '120001-2070-2007', 'hoist ac', 'gh2', 'guldmann', '', '2007-06-07', '2000-01-01', '2012-06-15', 'pool road', '2000-01-01', '', '', '', '0000-00-00'),
(2132, '120001-3465-2003', 'hoist', 'gh2-ac', 'guldmann', '', '2003-11-21', '2000-01-01', '2016-03-30', 'teach piemount', '2000-01-01', '', '', '31/03/2015 scott and ian carried out full service', '0000-00-00'),
(2133, '120001-1329-2007', 'hoist', 'gh2-dc', 'guldmann', '', '2007-02-21', '2000-01-01', '2016-03-30', 'teach piemount', '2000-01-01', '', '', '30/7/2015 clive removed hoist, sent to cork, replaced pc board', '0000-00-00'),
(2134, '120001-1565-2006', 'hoist', 'gh2', 'guldmann', '', '2006-03-08', '2000-01-01', '2007-03-08', 'stockmans lane, musgrave park hospital', '2000-01-01', '', '', '', '0000-00-00'),
(2135, '120001-1566-2006', 'hoist', 'gh2', 'guldmann', '', '2006-03-08', '2000-01-01', '2007-03-08', 'stockmans lane, musgrave park hospital', '2000-01-01', '', '', '', '0000-00-00'),
(2136, '120001-1567-2006', 'hoist', 'gh2', 'guldmann', '', '2006-03-08', '2000-01-01', '2007-03-08', 'stockmans lane, musgrave park hospital', '2000-01-01', '', '', '', '0000-00-00'),
(2137, '120001-1568-2006', 'hoist', 'gh2', 'guldmann', '', '2006-03-08', '2000-01-01', '2007-03-08', 'stockmans lane, musgrave park hospital', '2000-01-01', '', '', '', '0000-00-00'),
(2138, '120001-1575-2006', 'hoist', 'gh2', 'guldmann', '', '2006-03-08', '2000-01-01', '2007-03-08', 'stockmans lane, musgrave park hospital', '2000-01-01', '', '', '', '0000-00-00'),
(2139, '120001-1576-2006', 'hoist', 'gh2', 'guldmann', '', '2006-03-08', '2000-01-01', '2007-03-08', 'stockmans lane, musgrave park hospital', '2000-01-01', '', '', '', '0000-00-00'),
(2140, '120001-1577-2006', 'hoist', 'gh2', 'guldmann', '', '2006-03-08', '2000-01-01', '2007-03-08', 'stockmans lane, musgrave park hospital', '2000-01-01', '', '', '', '0000-00-00'),
(2141, '120001-1578-2006', 'hoist', 'gh2', 'guldmann', '', '2006-03-08', '2000-01-01', '2007-03-08', 'stockmans lane, musgrave park hospital', '2000-01-01', '', '', '', '0000-00-00'),
(2142, '120001-1579-2006', 'hoist', 'gh2', 'guldmann', '', '2006-03-08', '2000-01-01', '2007-03-08', 'stockmans lane, musgrave park hospital', '2000-01-01', '', '', '', '0000-00-00'),
(2143, '120001-1561-2006', 'hoist', 'gh2', 'guldmann', '', '2006-03-08', '2000-01-01', '2007-03-08', 'stockmans lane, musgrave park hospital', '2000-01-01', '', '', '', '0000-00-00'),
(2144, '120001-1562-2006', 'hoist', 'gh2', 'guldmann', '', '2006-03-08', '2000-01-01', '2007-03-08', 'stockmans lane, musgrave park hospital', '2000-01-01', '', '', '', '0000-00-00'),
(2145, '120001-1563-2006', 'hoist', 'gh2', 'guldmann', '', '2006-03-08', '2000-01-01', '2007-03-08', 'stockmans lane, musgrave park hospital', '2000-01-01', '', '', '', '0000-00-00'),
(2146, '120001-1564-2006', 'hoist', 'gh2', 'guldmann', '', '2006-03-08', '2000-01-01', '2007-03-08', 'stockmans lane, musgrave park hospital', '2000-01-01', '', '', '', '0000-00-00'),
(2147, '120001-1442-2006', 'hoist', 'gh2-dc', 'guldmann', '', '2006-03-08', '2000-01-01', '2007-03-08', 'stockmans lane, musgrave park hospital', '2000-01-01', '', '', '', '0000-00-00'),
(2148, '120001-1443-2006', 'hoist', 'gh2-dc', 'guldmann', '', '2006-03-08', '2000-01-01', '2007-03-08', 'stockmans lane, musgrave park hospital', '2000-01-01', '', '', '', '0000-00-00'),
(2149, '120001-1444-2006', 'hoist', 'gh2-dc', 'guldmann', '', '2006-03-08', '2000-01-01', '2007-03-08', 'stockmans lane, musgrave park hospital', '2000-01-01', '', '', '', '0000-00-00'),
(2150, '120001-1449-2006', 'hoist', 'gh2-dc', 'guldmann', '', '2006-03-08', '2000-01-01', '2007-03-08', 'stockmans lane, musgrave park hospital', '2000-01-01', '', '', '', '0000-00-00'),
(2151, '120001-1560-2006', 'hoist', 'gh2-dc', 'guldmann', '', '2006-03-08', '2000-01-01', '2007-03-08', 'stockmans lane, musgrave park hospital', '2000-01-01', '', '', '', '0000-00-00'),
(2152, '120001-1262-2006', 'hoist', 'gh2', 'guldmann', '', '2006-03-22', '2000-01-01', '2013-04-25', 'stockmans lane, musgrave park hospital', '2000-01-01', '', '', '', '0000-00-00'),
(2153, '', '27 x privacy screens', '11 panel', 'eganmed', '', '2015-07-20', '2000-01-01', '2016-07-20', '', '2016-07-20', '', '', '20/07/2015 installation of screens done by ian ruiri and john', '0000-00-00'),
(2154, '1113461-1110-2009', 'scales', '250kg', 'guldmann', '', '2009-09-20', '2000-01-01', '2000-01-01', '', '2000-01-01', '', '', '', '0000-00-00'),
(2155, '1113461-1141-2007', 'scales', '250kg', 'guldmann', '', '2014-07-20', '2000-01-01', '2015-12-12', '', '2000-01-01', '', '', '', '0000-00-00'),
(2156, '2159', 'flexstep', '6 steps', '', '', '2010-10-12', '2000-01-01', '2011-10-11', '', '2000-01-01', '', '', '', '0000-00-00'),
(2157, '120001-3410-2010', 'hoist', 'ac', 'guldmann', '', '2010-08-25', '2000-01-01', '2015-09-09', 'castlepark', '2000-01-01', '', '', '9/9/14 thorugh service and tested batteries - mariusz', '0000-00-00'),
(2158, 'N41-1783', 'bench', 'aqualine', 'ropox', '', '2013-08-13', '2000-01-01', '2014-07-30', '', '2015-07-30', '', '', 'full service carried out by ian/scott', '0000-00-00'),
(2159, '0674.27.04', 'bath', 'bath tub', 'beka', '', '2000-01-01', '2000-01-01', '2000-01-01', 'bellewsbridge road', '2000-01-01', '', '', '', '0000-00-00'),
(2160, '', '30 x privacy screens', 'eganmed', 'eganmed', '', '2014-12-11', '2000-01-01', '2015-12-11', '', '2000-01-01', '', '', '11x7 l, 5 x 9 r, 4x9 l, 6x11 r, 4x11 l - 30 screens supplied and installed by mariusz 11/12/14', '0000-00-00'),
(2161, 'Code30-66155&30-67703', 'kitchen', 'electric unit', 'ropox', '', '2010-02-19', '2000-01-01', '2011-02-18', '', '2000-01-01', '', '', '', '0000-00-00'),
(2162, '17638', '4m x 4m room cover', 'gh1', 'guldmann', '', '2013-08-13', '2000-01-01', '2014-07-30', '', '2015-07-30', '', '', 'serviced by ian/scott', '0000-00-00'),
(2163, '66684', 'gh1 3x4 b rail', 'gh1', 'guldmann', '', '2015-04-02', '2000-01-01', '2016-04-20', 'bathroom st theresa''s', '2000-01-01', '', '', '02/4/15 scott and ian installed hoist', '0000-00-00'),
(2164, '66692', 'gh1 3x3 b rail', 'gh1', 'guldmann', '', '2015-04-02', '2000-01-01', '2016-04-20', 'assisted bathroom st theresa''s', '2000-01-01', '', '', '02/4/15 scott and ian installed hoist', '0000-00-00'),
(2165, '66687', 'gh1 3x3 b rail', 'gh1', 'guldmann', '', '2015-04-02', '2000-01-01', '2016-04-20', 'shower room', '2000-01-01', '', '', '02/4/15 scott and ian installed hoist', '0000-00-00'),
(2166, '66688', 'gh1 3x3 b rail', 'gh1', 'guldmann', '', '2015-04-02', '2000-01-01', '2016-04-20', 'shower room st theresa''s', '2000-01-01', '', '', '02/4/15 scott and ian installed hoist', '0000-00-00'),
(2167, '66679', 'gh1 3x3 b rail', 'gh1', 'guldmann', '', '2015-04-20', '2000-01-01', '2016-04-20', 'assisted bathroom', '2000-01-01', '', '', '20/4/15 scott and ian installed hoist', '0000-00-00'),
(2168, '17630', 'single track', 'gh1', 'guldmann', '', '2013-08-13', '2000-01-01', '2014-08-13', '', '2000-01-01', '', '', '', '0000-00-00'),
(2169, '120001-5050-2009', 'hoist', 'gh2', 'guldmann', '', '2010-04-29', '2000-01-01', '2011-04-28', '5 beauliew view', '2000-01-01', '', '', '', '0000-00-00'),
(2170, '120001-3525-2008', 'hoist', 'gh2', 'guldmann', '', '2008-08-26', '2000-01-01', '2015-09-17', 'bathroom, ailbhe ward', '2000-01-01', '', '', '17/9/14 scott did full service', '0000-00-00'),
(2171, '120001-3797-2008', 'hoist', 'gh2', 'guldmann', '', '2008-08-13', '2000-01-01', '2015-09-17', 'room 6, connell ward', '2000-01-01', '', '', '17/9/14 scott carried out thorough service', '0000-00-00'),
(2172, '120001-1136-2005-0', 'hoist', 'gh2 f', 'guldmann', '', '2006-01-13', '2000-01-01', '2000-01-01', '', '2000-01-01', '', '', '', '0000-00-00'),
(2173, '93298', '4m x 4m b rail', 'gh3', 'guldmann', '', '2015-06-25', '2015-12-26', '2016-06-25', 'room 3 (phase 4 & 5)', '2016-06-25', '', '', '25/06/2015 - installed by  ian,john, ruari - no power on site for hoist', '0000-00-00'),
(2174, '93301', '4m x 4m b rail', 'gh3', 'guldmann', '', '2015-06-25', '2015-12-26', '2016-06-25', 'room 5 (phase 4 & 5)', '2016-06-25', '', '', '25/06/2015 - installed by  ian,john, ruari - no power on site for hoist', '0000-00-00'),
(2175, '93313', '4m x 4m b rail', 'gh3', 'guldmann', '', '2015-06-25', '2015-12-26', '2016-06-25', 'room 11 (phase 4 & 5)', '2016-06-25', '', '', '25/06/2015 - installed by  ian,john, ruari - no power on site for hoist', '0000-00-00'),
(2176, '93300', '4m x 4m b rail', 'gh3', 'guldmann', '', '2015-06-25', '2015-12-26', '2016-06-25', 'room 7 (phase 4 & 5)', '2016-06-25', '', '', '25/06/2015 - installed by  ian,john, ruari - no power on site for hoist', '0000-00-00'),
(2177, '93306', '4m x 4m b rail', 'gh3', 'guldmann', '', '2015-06-25', '2015-12-26', '2016-06-25', 'room 9 (phase 4 & 5)', '2016-06-25', '', '', '25/06/2015 - installed by  ian,john, ruari - no power on site for hoist', '0000-00-00'),
(2178, '93314', '4m x 4m b rail', 'gh3', 'guldmann', '', '2015-06-25', '2015-12-26', '2016-06-25', 'room 10 (phase 4 & 5)', '2016-06-25', '', '', '25/06/2015 - installed by  ian,john, ruari - no power on site for hoist', '0000-00-00'),
(2179, '93303', '4m x 4m b rail', 'gh3', 'guldmann', '', '2015-06-25', '2015-12-26', '2016-06-25', 'room 2 (phase 4 & 5)', '2016-06-25', '', '', '25/06/2015 - installed by  ian,john, ruari - no power on site for hoist', '0000-00-00'),
(2180, '93305', '4m x 4m b rail', 'gh3', 'guldmann', '', '2015-06-25', '2015-12-26', '2016-06-25', 'room 12 (phase 4 & 5)', '2016-06-25', '', '', '25/06/2015 - installed by  ian,john, ruari - no power on site for hoist', '0000-00-00'),
(2181, '93302', '4m x 4m b rail', 'gh3', 'guldmann', '', '2015-06-25', '2015-12-26', '2016-06-25', 'room 6 (phase 4 & 5)', '2016-06-25', '', '', '25/06/2015 - installed by  ian,john, ruari - no power on site for hoist', '0000-00-00'),
(2182, '93312', '4m x 4m b rail', 'gh3', 'guldmann', '', '2015-06-25', '2015-12-26', '2016-06-25', 'room 4 (phase 4 & 5)', '2016-06-25', '', '', '25/06/2015 - installed by  ian,john, ruari - no power on site for hoist', '0000-00-00'),
(2183, '93297', '4m x 4m b rail', 'gh3', 'guldmann', '', '2015-06-25', '2015-12-26', '2016-06-25', 'room 8 (phase 4 & 5)', '2016-06-25', '', '', '25/06/2015 - installed by  ian,john, ruari - no power on site for hoist', '0000-00-00'),
(2184, '93304', '4m x 4m b rail', 'gh3', 'guldmann', '', '2015-06-25', '2015-12-26', '2016-06-25', 'room 1 (phase 4 & 5)', '2016-06-25', '', '', '25/06/2015 - installed by  ian,john, ruari - no power on site for hoist', '0000-00-00'),
(2185, '27423', '3m x 4m on b rails, 2 wall profiles', 'gh3', 'guldmann', '', '2014-10-15', '2000-01-01', '2015-10-15', 'bedroom 4', '2015-10-15', '', '', '03/04/15  scott and ian did installation 15/10/14', '0000-00-00'),
(2186, '27414', '3m x 4m on b rails, 2 wall profiles', 'gh3', 'guldmann', '', '2014-10-15', '2000-01-01', '2015-10-15', 'bedroom 6', '2015-10-15', '', '', '03/04/15  scott and ian did installation 15/10/14', '0000-00-00'),
(2187, '27417', '3m x 4m on b rails, 2 wall profiles', 'gh3', 'guldmann', '', '2014-10-15', '2000-01-01', '2015-10-15', 'bedroom 8', '2015-10-15', '', '', '03/04/15  scott and ian did installation 15/10/14', '0000-00-00'),
(2188, '97937', 'hoist 4x6', 'gh3', 'guldmann', '', '2015-07-20', '2000-01-01', '2016-07-20', 'double room', '2016-07-20', '', '', '20/07/2015 installation done by ian ruiri and john', '0000-00-00'),
(2189, '97942', 'hoist 4x6', 'gh3', 'guldmann', '', '2015-07-20', '2000-01-01', '2016-07-20', 'single room', '2016-07-20', '', '', '20/07/2015 installation done by ian ruiri and john', '0000-00-00'),
(2190, '97928', 'hoist 4x6', 'gh3', 'guldmann', '', '2015-07-20', '2000-01-01', '2016-07-20', 'double room', '2016-07-20', '', '', '20/07/2015 installation done by ian ruiri and john', '0000-00-00'),
(2191, '97932', 'hoist 4x6', 'gh3', 'guldmann', '', '2015-07-20', '2000-01-01', '2016-07-20', 'double room', '2016-07-20', '', '', '20/07/2015 installation done by ian ruiri and john', '0000-00-00'),
(2192, '97927', 'hoist 4x6', 'gh3', 'guldmann', '', '2015-07-20', '2000-01-01', '2016-07-20', 'double room', '2016-07-20', '', '', '20/07/2015 installation done by ian ruiri and john', '0000-00-00'),
(2193, '97929', 'hoist 4x6', 'gh3', 'guldmann', '', '2015-07-20', '2000-01-01', '2016-07-20', 'double room', '2016-07-20', '', '', '20/07/2015 installation done by ian ruiri and john', '0000-00-00'),
(2194, '97939', 'hoist 4x6', 'gh3', 'guldmann', '', '2015-07-20', '2000-01-01', '2016-07-20', 'single room', '2016-07-20', '', '', '20/07/2015 installation done by ian ruiri and john', '0000-00-00'),
(2195, '97930', 'hoist 4x6', 'gh3', 'guldmann', '', '2015-07-20', '2000-01-01', '2016-07-20', 'double room', '2016-07-20', '', '', '20/07/2015 installation done by ian ruiri and john', '0000-00-00'),
(2196, '95838', 'hoist 4x6', 'gh3', 'guldmann', '', '2015-07-20', '2000-01-01', '2016-07-20', 'single room', '2016-07-20', '', '', '20/07/2015 installation done by ian ruiri and john', '0000-00-00'),
(2197, '97931', 'hoist 4x6', 'gh3', 'guldmann', '', '2015-07-20', '2000-01-01', '2016-07-20', 'double room', '2016-07-20', '', '', '20/07/2015 installation done by ian ruiri and john', '0000-00-00'),
(2198, '97933', 'hoist 4x6', 'gh3', 'guldmann', '', '2015-07-20', '2000-01-01', '2016-07-20', 'single room', '2016-07-20', '', '', '20/07/2015 installation done by ian ruiri and john', '0000-00-00'),
(2199, '97935', 'hoist 4x6', 'gh3', 'guldmann', '', '2015-07-20', '2000-01-01', '2016-07-20', 'double room', '2016-07-20', '', '', '20/07/2015 installation by ian john and ruiri', '0000-00-00'),
(2200, '97940', 'hoist 4x6', 'gh3', 'guldmann', '', '2015-07-20', '2000-01-01', '2016-07-20', 'single room', '2016-07-20', '', '', '20/07/2015 installation done by ian ruiri and john', '0000-00-00'),
(2201, '97934', 'hoist 4x6', 'gh3', 'guldmann', '', '2015-07-20', '2000-01-01', '2016-07-20', 'single room', '2016-07-20', '', '', '20/07/2015 installation done by ian ruiri and john', '0000-00-00'),
(2202, '97946', 'hoist 4x6', 'gh3', 'guldmann', '', '2015-07-20', '2000-01-01', '2016-07-20', 'single room', '2016-07-20', '', '', '20/07/2015 installation done by ian ruiri and john', '0000-00-00'),
(2203, '97936', 'hoist 4x6', 'gh3', 'guldmann', '', '2015-07-20', '2000-01-01', '2016-07-20', 'double room', '2016-07-20', '', '', '20/07/2015 installation done by ian ruiri and john', '0000-00-00'),
(2204, '82147', '3m x 4m on b rails', 'gh3', 'guldmann', '', '2013-05-29', '2000-01-01', '2000-01-01', 'room 6', '2014-05-29', '', '', '8/4/15 - spoke to avril carberry - service done by another provider, will revert once it is up for renewal.', '0000-00-00'),
(2205, '56885', '3m x 5m on b rails', 'gh3', 'guldmann', '', '2013-05-09', '2000-01-01', '2000-01-01', '2 bed room', '2014-05-29', '', '', '8/4/15 - spoke to avril carberry - service done by another provider, will revert once it is up for renewal.', '0000-00-00'),
(2206, '17669', '3m x 4m on b rails', 'gh3', 'guldmann', '', '2013-05-29', '2000-01-01', '2000-01-01', 'room 13', '2014-05-29', '', '', '8/4/15 - spoke to avril carberry - service done by another provider, will revert once it is up for renewal.', '0000-00-00'),
(2207, '56883', '3m x 4m on b rails', 'gh3', 'guldmann', '', '2013-05-29', '2000-01-01', '2000-01-01', 'room 1', '2014-05-29', '', '', '8/4/15 - spoke to avril carberry - service done by another provider, will revert once it is up for renewal.', '0000-00-00'),
(2208, '19141', '3m x 4m on b rails', 'gh3', 'guldmann', '', '2013-05-29', '2000-01-01', '2000-01-01', 'room 8', '2014-05-29', '', '', '8/4/15 - spoke to avril carberry - service done by another provider, will revert once it is up for renewal.', '0000-00-00'),
(2209, '17670', '3m x 4m on b rails', 'gh3', 'guldmann', '', '2013-05-29', '2000-01-01', '2000-01-01', 'room 9', '2014-05-29', '', '', '8/4/15 - spoke to avril carberry - service done by another provider, will revert once it is up for renewal.', '0000-00-00'),
(2210, '17670', '3m x 4m on b rails', 'gh3', 'guldmann', '', '2013-05-29', '2000-01-01', '2000-01-01', 'room 9', '2014-05-29', '', '', '8/4/15 - spoke to avril carberry - service done by another provider, will revert once it is up for renewal.', '0000-00-00'),
(2211, '82143', '3m x 4m on b rails', 'gh3', 'guldmann', '', '2013-05-29', '2000-01-01', '2000-01-01', 'bathroom', '2014-05-29', '', '', '8/4/15 - spoke to avril carberry - service done by another provider, will revert once it is up for renewal.', '0000-00-00'),
(2212, '47337', '3m x 4m on b rails', 'gh3', 'guldmann', '', '2013-05-29', '2000-01-01', '2000-01-01', 'room 4', '2014-05-29', '', '', '8/4/15 - spoke to avril carberry - service done by another provider, will revert once it is up for renewal.', '0000-00-00'),
(2213, '56878', '3m x 4m on b rails', 'gh3', 'guldmann', '', '2013-05-29', '2000-01-01', '2000-01-01', 'room 2', '2014-05-29', '', '', '8/4/15 - spoke to avril carberry - service done by another provider, will revert once it is up for renewal.', '0000-00-00'),
(2214, '82139', '3m x 4m on b rails', 'gh3', 'guldmann', '', '2013-05-29', '2000-01-01', '2014-05-29', 'room 5', '2014-05-29', '', '', '8/4/15 - spoke to avril carberry - service done by another provider, will revert once it is up for renewal.', '0000-00-00'),
(2215, '17679', '3m x 4m on b rails', 'gh3', 'guldmann', '', '2013-05-29', '2000-01-01', '2014-05-29', 'room 3', '2014-05-29', '', '', '8/4/15 - spoke to avril carberry - service done by another provider, will revert once it is up for renewal.', '0000-00-00'),
(2216, '17665', '3m x 4m on b rails', 'gh3', 'guldmann', '', '2013-05-29', '2000-01-01', '2000-01-01', 'room 13', '2014-05-29', '', '', '8/4/15 - spoke to avril carberry - service done by another provider, will revert once it is up for renewal.', '0000-00-00'),
(2217, '56883', '3m x 4m on b rails', 'gh3', 'guldmann', '', '2013-05-29', '2000-01-01', '2000-01-01', 'single room', '2014-05-29', '', '', '8/4/15 - spoke to avril carberry - service done by another provider, will revert once it is up for renewal.', '0000-00-00'),
(2218, '07073', '4.2m x 4m room cover', 'gh3', 'guldmann', '', '2011-09-28', '2000-01-01', '2012-09-27', 'house 3', '2000-01-01', '', '', '', '0000-00-00'),
(2219, '07067', '4.2m x 4m room cover', 'gh3', 'guldmann', '', '2011-09-28', '2000-01-01', '2012-09-27', 'house 5', '2000-01-01', '', '', '', '0000-00-00'),
(2220, '04951', '4.2m x 4m room cover', 'gh3', 'guldmann', '', '2011-09-28', '2000-01-01', '2012-09-27', 'house 5', '2000-01-01', '', '', '', '0000-00-00'),
(2221, '15638', '4.2m x 4m room cover', 'gh3', 'guldmann', '', '2011-09-28', '2000-01-01', '2012-09-27', 'house 1', '2000-01-01', '', '', '', '0000-00-00'),
(2222, '04956', '4.2m x 4m room cover', 'gh3', 'guldmann', '', '2011-09-28', '2000-01-01', '2012-09-27', 'house 4', '2000-01-01', '', '', '', '0000-00-00'),
(2223, '27419', '3m x 4m on b rails, 2 wall profiles', 'gh3', 'guldmann', '', '2014-10-15', '2000-01-01', '2015-10-15', 'bedroom 10', '2000-01-01', '', '', '03/04/15  scott and ian did installation 15/10/14', '0000-00-00'),
(2224, '17680', '3m x 4m on b rails', 'gh3', 'guldmann', '', '2013-05-29', '2000-01-01', '2014-05-29', 'room 10', '2000-01-01', '', '', '8/4/15 - spoke to avril carberry - service done by another provider, will revert once it is up for renewal.', '0000-00-00'),
(2225, '17683', '3m x 4m on b rails', 'gh3', 'guldmann', '', '2013-05-29', '2000-01-01', '2014-05-29', 'room 11', '2000-01-01', '', '', '8/4/15 - spoke to avril carberry - service done by another provider, will revert once it is up for renewal.', '0000-00-00'),
(2226, '82143', '3m x 4m on b rails', 'gh3', 'guldmann', '', '2013-05-29', '2000-01-01', '2014-05-29', 'bathroom', '2000-01-01', '', '', '8/4/15 - spoke to avril carberry - service done by another provider, will revert once it is up for renewal.', '0000-00-00'),
(2227, 'tba', '3m x 4m on b rails, 4 wall profiles', 'gh3', 'guldmann', '', '2014-10-15', '2000-01-01', '2015-10-15', 'bedroom 3', '2000-01-01', '', '', '03/04/15  scott and ian did installation 15/10/14', '0000-00-00'),
(2228, '17669', '3m x 4m on b rails', 'gh3', 'guldmann', '', '2013-05-29', '2000-01-01', '2014-05-29', 'room 13', '2000-01-01', '', '', '8/4/15 - spoke to avril carberry - service done by another provider, will revert once it is up for renewal.', '0000-00-00'),
(2229, '19141', '3m x 4m on b rails', 'gh3', 'guldmann', '', '2013-05-29', '2000-01-01', '2014-05-29', 'room 8', '2000-01-01', '', '', '8/4/15 - spoke to avril carberry - service done by another provider, will revert once it is up for renewal.', '0000-00-00'),
(2230, '82135', '3m x 4m on b rails', 'gh3', 'guldmann', '', '2013-05-29', '2000-01-01', '2014-05-29', 'room 5', '2000-01-01', '', '', '8/4/15 - spoke to avril carberry - service done by another provider, will revert once it is up for renewal.', '0000-00-00'),
(2231, '17677', '3m x 4m on b rails', 'gh3', 'guldmann', '', '2013-05-29', '2000-01-01', '2014-05-29', 'room 7', '2000-01-01', '', '', '8/4/15 - spoke to avril carberry - service done by another provider, will revert once it is up for renewal.', '0000-00-00'),
(2232, '27416', '3m x 4m on b rails, 2 wall profiles', 'gh3', 'guldmann', '', '2014-10-15', '2000-01-01', '2015-10-15', 'bedroom 7', '2000-01-01', '', '', '03/04/15  scott and ian did installation 15/10/14', '0000-00-00'),
(2233, '17679', '3m x 4m on b rails', 'gh3', 'guldmann', '', '2013-05-29', '2000-01-01', '2014-05-29', 'room 3', '2000-01-01', '', '', '8/4/15 - spoke to avril carberry - service done by another provider, will revert once it is up for renewal.', '0000-00-00'),
(2234, '17678', '3m x 4m on b rails', 'gh3', 'guldmann', '', '2013-05-29', '2000-01-01', '2014-05-29', 'room 12', '2000-01-01', '', '', '8/4/15 - spoke to avril carberry - service done by another provider, will revert once it is up for renewal.', '0000-00-00'),
(2235, '17683', '3m x 4m on b rails', 'gh3', 'guldmann', '', '2013-05-29', '2000-01-01', '2014-05-29', 'room 11', '2000-01-01', '', '', '8/4/15 - spoke to avril carberry - service done by another provider, will revert once it is up for renewal.', '0000-00-00'),
(2236, '17678', '3m x 4m on b rails', 'gh3', 'guldmann', '', '2013-05-29', '2000-01-01', '2014-05-29', 'room 12', '2000-01-01', '', '', '8/4/15 - spoke to avril carberry - service done by another provider, will revert once it is up for renewal.', '0000-00-00'),
(2237, '17677', '3m x 4m on b rails', 'gh3', 'guldmann', '', '2013-05-29', '2000-01-01', '2014-05-29', 'room 7', '2000-01-01', '', '', '8/4/15 - spoke to avril carberry - service done by another provider, will revert once it is up for renewal.', '0000-00-00'),
(2238, '60543', '3m x 4m on b rails, 1 wall profiles', 'gh3', 'guldmann', '', '2014-10-15', '2000-01-01', '2015-10-15', 'bathroom', '2000-01-01', '', '', '03/04/15  scott and ian did installation 15/10/14', '0000-00-00'),
(2239, '60551', '3m x 4m on b rails, 2 wall profiles', 'gh3', 'guldmann', '', '2014-10-15', '2000-01-01', '2015-10-15', 'bedroom 1', '2000-01-01', '', '', '03/04/15  scott and ian did installation 15/10/14', '0000-00-00'),
(2240, '60554', '3m x 4m on b rails, 2 wall profiles', 'gh3', 'guldmann', '', '2014-10-15', '2000-01-01', '2015-10-15', 'bedroom 2', '2000-01-01', '', '', '03/04/15  scott and ian did installation 15/10/14', '0000-00-00'),
(2241, '27412', '3m x 4m on b rails, 2 wall profiles', 'gh3', 'guldmann', '', '2014-10-15', '2000-01-01', '2015-10-15', 'bedroom 5', '2000-01-01', '', '', '03/04/15  scott and ian did installation 15/10/14', '0000-00-00'),
(2242, '17680', '3m x 4m on b rails', 'gh3', 'guldmann', '', '2013-05-29', '2000-01-01', '2014-05-29', 'room 10', '2000-01-01', '', '', '8/4/15 - spoke to avril carberry - service done by another provider, will revert once it is up for renewal.', '0000-00-00'),
(2243, '82147', '3m x 4m on b rails', 'gh3', 'guldmann', '', '2013-05-29', '2000-01-01', '2014-05-29', 'room 6', '2000-01-01', '', '', '8/4/15 - spoke to avril carberry - service done by another provider, will revert once it is up for renewal.', '0000-00-00'),
(2244, '57337', '3m x 4m on b rails', 'gh3', 'guldmann', '', '2013-05-29', '2000-01-01', '2014-05-29', 'room 4', '2000-01-01', '', '', '8/4/15 - spoke to avril carberry - service done by another provider, will revert once it is up for renewal.', '0000-00-00'),
(2245, '27424', '3m x 4m on b rails, 2 wall profiles', 'gh3', 'guldmann', '', '2014-10-15', '2000-01-01', '2015-10-15', 'room 9', '2000-01-01', '', '', '03/04/15  scott and ian did installation 15/10/14', '0000-00-00'),
(2246, '45505', 'hoist', 'gh3', 'guldmann', '', '2014-04-15', '2000-01-01', '2015-04-15', 'st. mary''s hospital', '2000-01-01', '', '', '', '0000-00-00'),
(2247, '45502', 'hoist', 'gh3', 'guldmann', '', '2014-04-15', '2000-01-01', '2015-04-15', 'st. mary''s hospital', '2000-01-01', '', '', '', '0000-00-00'),
(2248, '45493', 'hoist', 'gh3', 'guldmann', '', '2014-04-15', '2000-01-01', '2015-04-15', 'st. mary''s hospital', '2000-01-01', '', '', '', '0000-00-00'),
(2249, '45503', 'hoist', 'gh3', 'guldmann', '', '2014-04-15', '2000-01-01', '2015-04-15', 'st. mary''s hospital', '2000-01-01', '', '', '', '0000-00-00'),
(2250, '45510', 'hoist', 'gh3', 'guldmann', '', '2014-04-15', '2000-01-01', '2015-04-15', 'st. mary''s hospital', '2000-01-01', '', '', '', '0000-00-00'),
(2251, '45494', 'hoist', 'gh3', 'guldmann', '', '2014-04-15', '2000-01-01', '2015-04-15', 'st. mary''s hospital', '2000-01-01', '', '', '', '0000-00-00'),
(2252, '45501', 'hoist', 'gh3', 'guldmann', '', '2014-04-15', '2000-01-01', '2015-04-15', 'st. mary''s hospital', '2000-01-01', '', '', '', '0000-00-00'),
(2253, '45516', 'hoist', 'gh3', 'guldmann', '', '2014-04-11', '2000-01-01', '2015-04-11', 'st. mary''s hospital', '2000-01-01', '', '', '', '0000-00-00'),
(2254, '45499', 'hoist', 'gh3', 'guldmann', '', '2014-04-15', '2000-01-01', '2015-04-15', 'st. mary''s hospital', '2000-01-01', '', '', '', '0000-00-00'),
(2255, '45509', 'hoist', 'gh3', 'guldmann', '', '2014-04-15', '2000-01-01', '2015-04-15', 'st. mary''s hospital', '2000-01-01', '', '', '', '0000-00-00'),
(2256, 'TBA', 'hoist', 'gh3', 'guldmann', '', '2000-01-01', '2000-01-01', '2000-01-01', 'st. mary''s hospital', '2000-01-01', '', '', '', '0000-00-00'),
(2257, '45509', 'hoist', 'gh3', 'guldmann', '', '2014-04-15', '2000-01-01', '2015-04-15', 'st. mary''s hospital', '2000-01-01', '', '', '', '0000-00-00'),
(2258, '45503', 'hoist', 'gh3', 'guldmann', '', '2014-04-15', '2000-01-01', '2015-04-15', 'st. mary''s hospital', '2000-01-01', '', '', '', '0000-00-00'),
(2259, '65459', 'hoist', 'gh3 4bx3b room cover', 'guldmann', '', '2014-12-11', '2000-01-01', '2015-12-11', 'room 124', '2000-01-01', '', '', '11/12/14 gh3 installed by mariusz, scott and ian', '0000-00-00'),
(2260, '68350', 'hoist', 'gh3 4bx3b room cover', 'guldmann', '', '2014-12-11', '2000-01-01', '2015-12-11', 'room 401', '2000-01-01', '', '', '11/12/14 gh3 installed by mariusz, scott and ian', '0000-00-00'),
(2261, '65464', 'hoist', 'gh3 4bx3b room cover', 'guldmann', '', '2014-12-11', '2000-01-01', '2015-12-11', 'room 130', '2000-01-01', '', '', '11/12/14 gh3 installed by mariusz, scott and ian', '0000-00-00'),
(2262, '68351', 'hoist', 'gh3 4bx3b room cover', 'guldmann', '', '2014-12-11', '2000-01-01', '2015-12-11', 'bathroom', '2000-01-01', '', '', '11/12/14 gh3 installed by mariusz, scott and ian', '0000-00-00'),
(2263, '65454', 'hoist', 'gh3 4bx3b room cover', 'guldmann', '', '2014-12-11', '2000-01-01', '2015-12-11', 'room 411', '2000-01-01', '', '', '11/12/14 gh3 installed by mariusz, scott and ian', '0000-00-00'),
(2264, '68349', 'hoist', 'gh3 4bx5b room cover', 'guldmann', '', '2014-12-11', '2000-01-01', '2015-12-11', 'room 2 internal (side corridor)', '2000-01-01', '', '', '11/12/14 gh3 installed by mariusz, scott and ian', '0000-00-00'),
(2265, '68342', 'hoist', 'gh3 4bx5b room cover', 'guldmann', '', '2014-12-11', '2000-01-01', '2015-12-11', 'room 1 external (side corridor)', '2000-01-01', '', '', '11/12/14 gh3 installed by mariusz, scott and ian', '0000-00-00'),
(2266, '65463', 'hoist', 'gh3 4bx6b room cover', 'guldmann', '', '2014-12-11', '2000-01-01', '2015-12-11', 'room 410', '2000-01-01', '', '', '11/12/14 gh3 installed by mariusz, scott and ian', '0000-00-00'),
(2267, '68354', 'hoist', 'gh3 4bx6c room cover', 'guldmann', '', '2014-12-11', '2000-01-01', '2015-12-11', 'room 139', '2000-01-01', '', '', '11/12/14 gh3 installed by mariusz, scott and ian', '0000-00-00'),
(2268, '68347', 'hoist', 'gh3 4bx6c room cover', 'guldmann', '', '2014-12-11', '2000-01-01', '2015-12-11', 'room 138', '2000-01-01', '', '', '11/12/14 gh3 installed by mariusz, scott and ian', '0000-00-00'),
(2269, '68355', 'hoist', 'gh3 4bx6c room cover', 'guldmann', '', '2014-12-11', '2000-01-01', '2015-12-11', 'room 137', '2000-01-01', '', '', '11/12/14 gh3 installed by mariusz, scott and ian', '0000-00-00'),
(2270, '68356', 'hoist', 'gh3 4bx6c room cover', 'guldmann', '', '2014-12-11', '2000-01-01', '2015-12-11', 'room 136', '2000-01-01', '', '', '11/12/14 gh3 installed by mariusz, scott and ian', '0000-00-00'),
(2271, '68352', 'hoist', 'gh3 4bx6c room cover', 'guldmann', '', '2014-12-11', '2000-01-01', '2015-12-11', 'room 135', '2000-01-01', '', '', '11/12/14 gh3 installed by mariusz', '0000-00-00'),
(2272, '45492', 'hoist', 'gh3 4bx6c room cover 1 profile', 'guldmann', '', '2014-12-11', '2000-01-01', '2015-12-11', 'middle room extension, bedroom 416', '2000-01-01', '', '', '20/4/15 scott and ian went out for call out to emergency repair - replaced handset under warranty nc', '0000-00-00'),
(2273, '15338', 'hoist', 'gh3 4x4 room cover', 'guldmann', '', '2015-11-30', '2000-01-01', '2016-11-30', 'room 612', '2016-11-30', '', '', '30/11/2015 system installed by ruiri and kazik - late installation', '0000-00-00'),
(2274, '11xxx-1075-2005', 'hoist', 'gl3', 'guldmann', '', '2005-01-01', '2000-01-01', '2013-06-27', '', '2000-01-01', '', '', '', '0000-00-00'),
(2275, '11xxx-0242-0906-2007', 'hoist', 'gl3', 'guldmann', '', '2006-09-01', '2000-01-01', '2012-08-25', '', '2000-01-01', '', '', '', '0000-00-00'),
(2276, '11xxx-0126-2006', 'hoist', 'gl3', 'guldmann', '', '2006-08-26', '2000-01-01', '2013-07-26', '', '2000-01-01', '', '', '', '0000-00-00'),
(2277, '120001-1784-2006', 'gh2', 'guldmann', '', '', '2012-05-31', '2000-01-01', '2013-05-30', 'thomastown', '2000-01-01', '', '', '', '0000-00-00'),
(2278, '0256.38.09', 'bathtub', 'k2', 'beka', '', '2010-06-14', '2000-01-01', '2014-07-23', '', '2015-07-23', '', '', '15/1/15 replaced lever fitting for drain, needs new kit for lever for drain', '0000-00-00'),
(2279, '0154.49.06', 'k2', 'k2 spa', 'beka', '', '2000-01-01', '2000-01-01', '2012-08-10', 'ardfoyle', '2000-01-01', '', '', '', '0000-00-00'),
(2280, 'n30-1353', 'kitchen', 'kitframe', 'ropox', '', '2011-11-22', '2000-01-01', '2012-11-21', 'cherry orchard', '2000-01-01', '', '', '', '0000-00-00'),
(2281, '', 'bed', 'sentida', 'wi-bo', '', '2010-09-08', '2000-01-01', '2011-09-07', 'hazelwood house', '2000-01-01', '', '', '', '0000-00-00'),
(2282, 'xxxxx', 'bed', 'sentida', 'wi-bo', '', '2010-09-08', '2000-01-01', '2011-09-07', 'hazelwood house', '2000-01-01', '', '', '', '0000-00-00'),
(2283, '2011102103-0006', 'bed', 'sentida', 'wi-bo', '', '2011-12-20', '2000-01-01', '2012-12-19', 'bungalow 8', '2000-01-01', '', '', '', '0000-00-00'),
(2284, '2014010305-0001', 'bed', 'sentida 6', 'wi-bo', '', '2000-01-01', '2000-01-01', '2015-10-29', 'room 22 the orchard', '2000-01-01', '', '', '29/10/14 mariusz repaired bed and replaced hand control', '0000-00-00'),
(2285, '', 'shower chair', 'tilt and space', 'sway2', '', '2015-03-09', '2000-01-01', '2016-03-09', 'oakvale', '2000-01-01', '', '', '09/03/2015 delivered by scott, sway2 chair and bucket to sheila', '0000-00-00'),
(2286, 'N41-3285', 'nursing bench', 'vario', 'ropox', '', '2014-09-29', '2000-01-01', '2015-09-29', 'bandon', '2015-09-29', '', '', '29/9/15 mariusz installed vario bench', '0000-00-00'),
(2287, 'N41-1783', 'bench', 'vario', 'ropox', '', '2013-08-13', '2000-01-01', '2015-11-26', 'thomas david', '2015-07-30', '', '', '26/11/14 full service carried out by mariusz', '0000-00-00'),
(2288, '59-1000', 'changing bench', 'vario', 'ropox', '', '2005-08-30', '2000-01-01', '2014-12-09', 'newmarket on fergus', '2000-01-01', '', '', '', '0000-00-00'),
(2289, '4030628-7', 'changing bench', 'vario 1.8', 'ropox', '', '2013-09-30', '2000-01-01', '2014-09-30', '', '2000-01-01', '', '', '', '0000-00-00'),
(2290, '', 'ropox kitchen units', '', 'ropox', '', '2000-01-01', '2000-01-01', '2000-01-01', '', '2000-01-01', '', '', '', '0000-00-00'),
(2291, 'TX012515', 'trans actve', '', '', '', '2000-01-01', '2000-01-01', '2015-05-13', 'mardyke', '2000-01-01', '', '', 'not supplied by enable supplies', '0000-00-00'),
(2292, '', 'privacy screens', '', '', '', '2000-01-01', '2000-01-01', '2000-01-01', '', '2000-01-01', '', '', '', '0000-00-00'),
(2293, 'N40-0980', 'changing bench', 'a/s', 'ropox', '', '2000-01-01', '2000-01-01', '2015-11-12', 'hollypark', '2000-01-01', '', '', '12/11/14 power to bench turned off - ian carried out full service', '0000-00-00'),
(2294, '19142008', 'hoist', 'gl3', 'guldmann', '', '2008-08-26', '2000-01-01', '2013-10-08', 'tara ward', '2000-01-01', '', '', '', '0000-00-00'),
(2295, '17631', 'hoist', 'gh1', 'guldmann', '', '2013-09-30', '2000-01-01', '2015-11-26', 'thomas davis street', '2000-01-01', '', '', '26/11/14 thorough service carried out by mariusz', '0000-00-00'),
(2296, 'N41-1784', 'bench', 'vario', 'ropox', '', '2013-09-30', '2000-01-01', '2015-11-26', 'thomas davis street', '2000-01-01', '', '', '26/11/14 thorough service carried out by mariusz, agreed to put both hsr on one invoice', '0000-00-00'),
(2297, '54397', 'gh1 hoist on straight track', 'gh1', 'guldmann', '', '2014-09-29', '2000-01-01', '2015-09-29', 'bandon', '2015-09-29', '', '', '29/9/15 mariusz installed gh1 hoist onto 3.5m straight track', '0000-00-00'),
(2298, '56928', 'hoist', 'gh1', 'guldmann', '', '2012-07-11', '2000-01-01', '2015-09-02', 'st. patrick''s room', '2000-01-01', '', '', '25/3/15  scott and ian did thorough inspection, charger was switched off, needs metal hook type hanging bar - noted by insurance', '0000-00-00'),
(2299, '17666', 'hoist', 'gh3', 'guldmann', '', '2013-12-13', '2000-01-01', '2015-09-02', 'st. roch''s ward, top floor', '2000-01-01', '', '', '25/3/15  scott and ian did thorough inspection', '0000-00-00'),
(2300, '54398', 'hoist', 'gh1', 'guldmann', '', '2014-11-10', '2000-01-01', '2015-11-10', 'mitchelstown', '2000-01-01', '', '', '30//10/14 scott and ian installed 3x3.5 room cover, b rail, 4 x wall profiles', '0000-00-00'),
(2301, 'N41-3254', 'changing bench', 'vario', 'ropox', '', '2014-10-30', '2000-01-01', '2015-10-30', 'mitchelstown', '2000-01-01', '', '', '30/10/14 scott and ian installed 1.6m vario changing bench', '0000-00-00'),
(2302, '0680.32.04', 'bath', 'k2', 'beka', '', '2000-01-01', '2000-01-01', '2000-01-01', '', '2000-01-01', '', '', '', '0000-00-00');
INSERT INTO `stock` (`stockid`, `serialid`, `name`, `model`, `manufacturer`, `product_description`, `installation_date`, `inspection_date`, `service_date`, `location`, `contract_renewal_date`, `contract_type`, `funded_by`, `last_results`, `next_service`) VALUES
(2303, '120001-3775-2006', 'hoist', 'gh2-dc', 'guldmann', '', '2006-10-14', '2000-01-01', '2013-02-27', 'drumlin unit', '2000-01-01', '', '', '', '0000-00-00'),
(2304, '23936', 'gh3', '3x4', 'guldmann', '', '2015-12-18', '2000-01-01', '2016-12-18', 'room 12', '2016-12-18', '', '', '18/12/2015 ian and kristoff did installation', '0000-00-00'),
(2305, '23935', 'gh3', '3x4', 'guldmann', '', '2015-12-18', '2000-01-01', '2016-12-18', 'room 15', '2016-12-18', '', '', '18/12/2015 ian and kristoff did installation', '0000-00-00'),
(2306, '23941', 'gh3', '3x4', 'guldmann', '', '2015-12-18', '2000-01-01', '2016-12-18', 'room 14', '2016-12-18', '', '', '18/12/2015 ian and kristoff did installation', '0000-00-00'),
(2307, '23940', 'gh3', '3x4', 'guldmann', '', '2015-12-18', '2000-01-01', '2016-12-18', 'room 17', '2016-12-18', '', '', '18/12/2015 ian and kristoff did installation', '0000-00-00'),
(2308, '23937', 'gh3', '3x4', 'guldmann', '', '2015-12-18', '2000-01-01', '2016-12-18', 'room 16', '2016-12-18', '', '', '18/12/2015 ian and kristoff did installation', '0000-00-00'),
(2309, '23938', 'gh3', '3x4', 'guldmann', '', '2015-12-18', '2000-01-01', '2016-12-18', 'room 13', '2016-12-18', '', '', '18/12/2015 ian and kristoff did installation', '0000-00-00'),
(2310, '11346111262013', 'scales', 'guldmann', 'guldmann', '', '2013-10-17', '2000-01-01', '2016-07-07', 'community nursing unit', '2000-01-01', '', '', '02/09/2015 - repaired digital scales and replaced batteries, checked the scales', '0000-00-00'),
(2311, '', 'erfi table', 'erfi', 'erfi', '', '2009-08-20', '2000-01-01', '2010-10-18', 'ballycasheen', '2000-01-01', '', '', '', '0000-00-00'),
(2312, '', 'table', 'table', 'erfi', '', '2014-12-09', '2000-01-01', '2000-01-01', '', '2000-01-01', '', '', '02/03/16  - dawn phoned - school declined and refused to book service - school cannot afford it.', '0000-00-00'),
(2313, '120001-1040-2007', '', '', '', '', '2000-01-01', '2000-01-01', '2000-01-01', '', '2000-01-01', '', '', '', '0000-00-00'),
(2314, '120001-1039-2007', '', '', '', '', '2000-01-01', '2000-01-01', '2000-01-01', '', '2000-01-01', '', '', '', '0000-00-00'),
(2315, '1.8m', 'changing bench', 'trolley', 'freeway', '', '2011-10-19', '2000-01-01', '2015-10-14', 'killmullen lane', '2000-01-01', '', '', '14/10/14 mariusz carried out full service on bench static (freecote)', '0000-00-00'),
(2316, '181215969', 'shower bed xxl', 'sina', 'beka', '', '2000-01-01', '2000-01-01', '2014-03-25', '', '2000-01-01', '', '', 'ref: kathy cunningham, rosaveel', '0000-00-00'),
(2317, '181215969', 'shower bed xxl', 'sina', 'beka', '', '2011-07-13', '2000-01-01', '2014-03-25', '', '2000-01-01', '', '', 'ref: kathy cunningham, rosaveel', '0000-00-00'),
(2318, '00550806', 'bed', 'flexi2', 'unknown', '', '2000-01-01', '2000-01-01', '2016-06-30', 'rehab care', '2000-01-01', '', '', '10/09/2015 new intelligent box fitted by ian', '0000-00-00'),
(2319, '79-1000', '', '', '', '', '2000-01-01', '2000-01-01', '2000-01-01', '', '2000-01-01', '', '', '26/8/15 - i was advised by mr mulvaney that arjo was going to service on 30/8/15', '0000-00-00'),
(2320, '0066', 'changing bench', '1.8 aqualine', 'ropox', '', '2004-09-07', '2000-01-01', '2011-09-13', 'raphoe', '2000-01-01', '', '', '', '0000-00-00'),
(2321, '2642', 'washbasin', 'wash basin', 'ropox', '', '2004-09-07', '2000-01-01', '2011-09-13', 'raphoe', '2000-01-01', '', '', '', '0000-00-00'),
(2322, '120001-1556-2006', 'hoist', 'gh2', 'guldmann', '', '2006-03-22', '2000-01-01', '2013-04-25', 'stockmans lane, musgrave park hospital', '2000-01-01', '', '', '', '0000-00-00'),
(2323, '120001-1559-2006', 'hoist', 'gh2', 'guldmann', '', '2006-03-22', '2000-01-01', '2013-04-25', 'stockmans lane, musgrave park hospital', '2000-01-01', '', '', '', '0000-00-00'),
(2338, 'ewfr', 'hoist', 'dsfsgfhg', 'beka', 'dsfsdgf', '2016-06-09', '2016-06-22', '2016-06-23', '32434', NULL, NULL, NULL, NULL, '0000-00-00'),
(2339, '23456', 'hoist', 'wdfv', 'beka', 'ghjkjhgtre', '2016-06-09', '2016-06-22', '2016-06-30', 'csdfet', NULL, NULL, NULL, NULL, '0000-00-00'),
(2340, 'dswret5y', 'flexi sink', 'cfghjuj', 'beka', 'ghty5rter', '2016-06-09', '2016-07-18', '2016-06-24', '4567yt', NULL, NULL, NULL, NULL, '0000-00-00'),
(2341, '34567', 'bed', 'oiu', 'beka', 'hguhi', '2016-06-14', '2016-06-15', '2016-06-16', '101', NULL, NULL, NULL, NULL, '0000-00-00'),
(2342, '345grf', 'bed', 'oiu', 'beka', 'hguhi', '2016-06-14', '2016-06-15', '2016-06-16', 'fe2353', NULL, NULL, NULL, NULL, '0000-00-00'),
(2343, 'ef52', 'bed', 'oiu', 'beka', 'hguhi', '2016-06-14', '2016-06-15', '2016-06-16', 'uy78', NULL, NULL, NULL, NULL, '0000-00-00'),
(2344, '5687', 'hoist', 'ytuiu', 'beka', 'uyiuo', '2016-06-14', '2016-06-23', '2016-06-23', 'kuy', NULL, NULL, NULL, NULL, '0000-00-00'),
(2345, 'gt67980', 'hoist', 'ytuiu', 'beka', 'uyiuo', '2016-06-14', '2016-06-23', '2016-06-23', '0987y', NULL, NULL, NULL, NULL, '0000-00-00'),
(2346, '3456y', 'air pressure relief mattress', '3fethq', 'beka', 'csdewg4', '2016-06-14', '2016-06-22', '2016-06-30', 'kio9u7', NULL, NULL, NULL, NULL, '0000-00-00'),
(2347, 'jhgyu8i9', 'air pressure relief mattress', '3fethq', 'beka', 'csdewg4', '2016-06-14', '2016-06-22', '2016-06-30', 'kjhy89708ijhgt86970uojhguft8y97u0ojhigut8y97u0ojhigut8y9708iojhgu', NULL, NULL, NULL, NULL, '0000-00-00'),
(2348, ';liu9y8t7r6tyr7t68798oiuhiut78679uoiut879uiyt8679u', 'air pressure relief mattress', '3fethq', 'beka', 'csdewg4', '2016-06-14', '2016-06-22', '2016-06-30', 'gp[80ij[opi', NULL, NULL, NULL, NULL, '0000-00-00'),
(2349, '3456y', 'air pressure relief mattress', '3fethq', 'beka', 'csdewg4', '2016-06-14', '2016-06-22', '2016-06-30', 'kio9u7', NULL, NULL, NULL, NULL, '0000-00-00'),
(2350, 'jhgyu8i9', 'air pressure relief mattress', '3fethq', 'beka', 'csdewg4', '2016-06-14', '2016-06-22', '2016-06-30', 'kjhy89708ijhgt86970uojhguft8y97u0ojhigut8y97u0ojhigut8y9708iojhgu', NULL, NULL, NULL, NULL, '0000-00-00'),
(2351, ';liu9y8t7r6tyr7t68798oiuhiut78679uoiut879uiyt8679u', 'air pressure relief mattress', '3fethq', 'beka', 'csdewg4', '2016-06-14', '2016-06-22', '2016-06-30', 'gp[80ij[opi', NULL, NULL, NULL, NULL, '0000-00-00'),
(2352, '3456y', 'air pressure relief mattress', '3fethq', 'beka', 'csdewg4', '2016-06-14', '2016-06-22', '2016-06-30', 'kio9u7', NULL, NULL, NULL, NULL, '0000-00-00'),
(2353, 'jhgyu8i9', 'air pressure relief mattress', '3fethq', 'beka', 'csdewg4', '2016-06-14', '2016-06-22', '2016-06-30', 'kjhy89708ijhgt86970uojhguft8y97u0ojhigut8y97u0ojhigut8y9708iojhgu', NULL, NULL, NULL, NULL, '0000-00-00'),
(2354, ';liu9y8t7r6tyr7t68798oiuhiut78679uoiut879uiyt8679u', 'air pressure relief mattress', '3fethq', 'beka', 'csdewg4', '2016-06-14', '2016-06-22', '2016-06-30', 'gp[80ij[opi', NULL, NULL, NULL, NULL, '0000-00-00'),
(2355, '3456y', 'air pressure relief mattress', '3fethq', 'beka', 'csdewg4', '2016-06-14', '2016-06-22', '2016-06-30', 'kio9u7', NULL, NULL, NULL, NULL, '0000-00-00'),
(2356, 'jhgyu8i9', 'air pressure relief mattress', '3fethq', 'beka', 'csdewg4', '2016-06-14', '2016-06-22', '2016-06-30', 'kjhy89708ijhgt86970uojhguft8y97u0ojhigut8y97u0ojhigut8y9708iojhgu', NULL, NULL, NULL, NULL, '0000-00-00'),
(2357, ';liu9y8t7r6tyr7t68798oiuhiut78679uoiut879uiyt8679u', 'air pressure relief mattress', '3fethq', 'beka', 'csdewg4', '2016-06-14', '2016-06-22', '2016-06-30', 'gp[80ij[opi', NULL, NULL, NULL, NULL, '0000-00-00'),
(2358, 'sf', 'air pressure relief mattress', '3fethq', 'beka', 'csdewg4', '2016-06-14', '2016-06-22', '2016-06-30', 'ewf', NULL, NULL, NULL, NULL, '0000-00-00'),
(2359, 'aerwt', 'air pressure relief mattress', '3fethq', 'beka', 'csdewg4', '2016-06-14', '2016-06-22', '2016-06-30', 'vewft', NULL, NULL, NULL, NULL, '0000-00-00'),
(2360, 'vefwrt', 'air pressure relief mattress', '3fethq', 'beka', 'csdewg4', '2016-06-14', '2016-06-22', '2016-06-30', 'cdfre', NULL, NULL, NULL, NULL, '0000-00-00'),
(2361, 'sf', 'air pressure relief mattress', '3fethq', 'beka', 'csdewg4', '2016-06-14', '2016-06-22', '2016-06-30', 'ewf', NULL, NULL, NULL, NULL, '0000-00-00'),
(2362, 'aerwt', 'air pressure relief mattress', '3fethq', 'beka', 'csdewg4', '2016-06-14', '2016-06-22', '2016-06-30', 'vewft', NULL, NULL, NULL, NULL, '0000-00-00'),
(2363, 'vefwrt', 'air pressure relief mattress', '3fethq', 'beka', 'csdewg4', '2016-06-14', '2016-06-22', '2016-06-30', 'cdfre', NULL, NULL, NULL, NULL, '0000-00-00'),
(2364, 'sf', 'air pressure relief mattress', '3fethq', 'beka', 'csdewg4', '2016-06-14', '2016-06-22', '2016-06-30', 'ewf', NULL, NULL, NULL, NULL, '0000-00-00'),
(2365, 'aerwt', 'air pressure relief mattress', '3fethq', 'beka', 'csdewg4', '2016-06-14', '2016-06-22', '2016-06-30', 'vewft', NULL, NULL, NULL, NULL, '0000-00-00'),
(2366, 'vefwrt', 'air pressure relief mattress', '3fethq', 'beka', 'csdewg4', '2016-06-14', '2016-06-22', '2016-06-30', 'cdfre', NULL, NULL, NULL, NULL, '0000-00-00'),
(2367, 'ghguhi', 'air pressure relief mattress', '3fethq', 'beka', 'csdewg4', '2016-06-14', '2016-06-22', '2016-06-30', ',oiui', NULL, NULL, NULL, NULL, '0000-00-00'),
(2368, 'bgyiu', 'air pressure relief mattress', '3fethq', 'beka', 'csdewg4', '2016-06-14', '2016-06-22', '2016-06-30', 'vguiy', NULL, NULL, NULL, NULL, '0000-00-00'),
(2369, 'lkio', 'air pressure relief mattress', '3fethq', 'beka', 'csdewg4', '2016-06-14', '2016-06-22', '2016-06-30', 'oi09', NULL, NULL, NULL, NULL, '0000-00-00'),
(2370, 'ghguhi', 'air pressure relief mattress', '3fethq', 'beka', 'csdewg4', '2016-06-14', '2016-06-22', '2016-06-30', ',oiui', NULL, NULL, NULL, NULL, '0000-00-00'),
(2371, 'bgyiu', 'air pressure relief mattress', '3fethq', 'beka', 'csdewg4', '2016-06-14', '2016-06-22', '2016-06-30', 'vguiy', NULL, NULL, NULL, NULL, '0000-00-00'),
(2372, 'lkio', 'air pressure relief mattress', '3fethq', 'beka', 'csdewg4', '2016-06-14', '2016-06-22', '2016-06-30', 'oi09', NULL, NULL, NULL, NULL, '0000-00-00'),
(2373, 'ewf43t', 'air pressure relief mattress', 'bgrhwt', 'beka', 'vderq4', '2016-06-14', '2016-06-30', '2016-07-01', 'swqefw4g35', NULL, NULL, NULL, NULL, '0000-00-00'),
(2374, 'wqfe453y', 'air pressure relief mattress', 'bgrhwt', 'beka', 'vderq4', '2016-06-14', '2016-06-30', '2016-07-01', 'scwqefw3g5h45k6l897iy', NULL, NULL, NULL, NULL, '0000-00-00'),
(2375, 'ios auc9efw-374980', 'air pressure relief mattress', 'bgrhwt', 'beka', 'vderq4', '2016-06-14', '2016-06-30', '2016-07-01', 'ysrudtxiycfouvpiyb[ou', NULL, NULL, NULL, NULL, '0000-00-00'),
(2376, 'sqew43', 'air pressure relief mattress', 'daew435', 'beka', 'xdewr3564', '2016-06-14', '2016-06-29', '2016-06-29', 'ewfr543', NULL, NULL, NULL, NULL, '0000-00-00'),
(2377, 'erg54y6', 'air pressure relief mattress', 'daew435', 'beka', 'xdewr3564', '2016-06-14', '2016-06-29', '2016-06-29', 'g', NULL, NULL, NULL, NULL, '0000-00-00'),
(2378, 'yigu', 'air pressure relief mattress', 'ceqf34', 'beka', 'dwvr35', '2016-06-14', '2016-06-22', '2016-06-30', 'd', NULL, NULL, NULL, NULL, '0000-00-00'),
(2379, 'gw', 'air pressure relief mattress', 'ceqf34', 'beka', 'dwvr35', '2016-06-14', '2016-06-22', '2016-06-30', 'f', NULL, NULL, NULL, NULL, '0000-00-00'),
(2380, 'w', 'air pressure relief mattress', 'ceqf34', 'beka', 'dwvr35', '2016-06-14', '2016-06-22', '2016-06-30', 'bjhi', NULL, NULL, NULL, NULL, '0000-00-00'),
(2381, 'bjio', 'air pressure relief mattress', 'ceqf34', 'beka', 'dwvr35', '2016-06-14', '2016-06-22', '2016-06-30', 'guy9u', NULL, NULL, NULL, NULL, '0000-00-00'),
(2382, 'uiuo', 'air pressure relief mattress', 'ceqf34', 'beka', 'dwvr35', '2016-06-14', '2016-06-22', '2016-06-30', 'juhi', NULL, NULL, NULL, NULL, '0000-00-00'),
(2383, '555555', 'air pressure relief mattress', 'ceqf34', 'beka', 'dwvr35', '2016-06-14', '2016-06-22', '2016-06-30', 'hiuo', NULL, NULL, '', '', '0000-00-00'),
(2384, 'hi', 'air pressure relief mattress', 'ceqf34', 'beka', 'dwvr35', '2016-06-14', '2016-06-22', '2016-06-30', 'hiu', NULL, NULL, NULL, NULL, '0000-00-00'),
(2385, 'wq3243', 'air pressure relief mattress', 'wqe', 'beka', 'eww34', '2016-06-15', '2016-06-22', '2016-06-24', 'dewr', NULL, NULL, NULL, NULL, '0000-00-00'),
(2386, 'wq3243', 'air pressure relief mattress', 'wqe', 'beka', 'eww34', '2016-06-15', '2016-06-22', '2016-06-24', 'dewr', NULL, NULL, NULL, NULL, '0000-00-00'),
(2387, 'q3tw4y5erq3', 'hoist', 'qrwret', 'beka', 'wewret', '2016-06-15', '2016-06-22', '2016-06-23', '5', NULL, NULL, NULL, NULL, '0000-00-00'),
(2388, 'i', 'hoist', 'qrwret', 'beka', 'wewret', '2016-06-15', '2016-06-22', '2016-06-23', 'o', NULL, NULL, NULL, NULL, '0000-00-00'),
(2389, 'k', 'hoist', 'qrwret', 'beka', 'wewret', '2016-06-15', '2016-06-22', '2016-06-23', 'o', NULL, NULL, NULL, NULL, '0000-00-00'),
(2390, 'k', 'hoist', 'qrwret', 'beka', 'wewret', '2016-06-15', '2016-06-22', '2016-06-23', '0o', NULL, NULL, NULL, NULL, '0000-00-00'),
(2391, 'k', 'hoist', 'qrwret', 'beka', 'wewret', '2016-06-15', '2016-06-22', '2016-06-23', 'ji', NULL, NULL, NULL, NULL, '0000-00-00'),
(2392, 'q3tw4y5erq3', 'hoist', 'qrwret', 'beka', 'wewret', '2016-06-15', '2016-06-22', '2016-06-23', '5', NULL, NULL, NULL, NULL, '0000-00-00'),
(2393, 'i', 'hoist', 'qrwret', 'beka', 'wewret', '2016-06-15', '2016-06-22', '2016-06-23', 'o', NULL, NULL, NULL, NULL, '0000-00-00'),
(2394, 'k', 'hoist', 'qrwret', 'beka', 'wewret', '2016-06-15', '2016-06-22', '2016-06-23', 'o', NULL, NULL, NULL, NULL, '0000-00-00'),
(2395, 'k', 'hoist', 'qrwret', 'beka', 'wewret', '2016-06-15', '2016-06-22', '2016-06-23', '0o', NULL, NULL, NULL, NULL, '0000-00-00'),
(2396, 'k', 'hoist', 'qrwret', 'beka', 'wewret', '2016-06-15', '2016-06-22', '2016-06-23', 'ji', NULL, NULL, NULL, NULL, '0000-00-00'),
(2397, '0425', 'v-amat', '1', 'spahn reha', '', '2016-06-16', '2016-06-16', '2016-06-30', 'bathroom', NULL, NULL, NULL, NULL, '0000-00-00'),
(2398, '12345', 'hoist', 'gh3', 'guldmann', 'ytjhsrega', '2016-06-27', '2016-12-27', '2017-06-27', 'room 12', NULL, NULL, NULL, NULL, '0000-00-00'),
(2399, '1234', 'air pressure relief mattress', 'model', 'erfi', 'this is a test', '2016-06-27', '2016-12-27', '2017-06-27', 'jwrbeoiqlva', NULL, NULL, NULL, NULL, '0000-00-00'),
(2400, '12345', 'aqualine', 'this is a test', 'silentia', 'NO INSTALLATION', '2016-06-27', '2016-12-27', '2017-06-27', '2345tr', NULL, NULL, NULL, NULL, '0000-00-00'),
(2401, '3456y', 'changing bench', 'no inspection set', 'cura seating', '', '2016-06-27', NULL, '2017-06-27', 'ertf', NULL, NULL, NULL, NULL, '0000-00-00'),
(2402, '3456y', 'changing bench', 'no inspection set', 'cura seating', '', '2016-06-27', NULL, '2017-06-27', 'ertf', NULL, NULL, NULL, NULL, '0000-00-00'),
(2403, '1234567888676', 'hoist', 'gh3', 'guldmann', '', '2016-08-17', NULL, '2017-08-17', 'g20', NULL, NULL, NULL, NULL, '0000-00-00'),
(2404, '1', 'bed', 'sentida 6', 'wi-bo', '', '2016-08-22', '2017-02-22', '2017-08-22', '1', NULL, NULL, NULL, NULL, '0000-00-00'),
(2405, '2', 'bed', 'sentida 6', 'wi-bo', '', '2016-08-22', '2017-02-22', '2017-08-22', '3', NULL, NULL, NULL, NULL, '0000-00-00'),
(2406, '1', 'bed', 'sentida 6', 'wi-bo', '', '2016-08-22', '2017-02-22', '2017-08-22', '1', NULL, NULL, NULL, NULL, '0000-00-00'),
(2407, '3', 'bed', 'sentida 6', 'wi-bo', '', '2016-08-22', '2017-02-22', '2017-08-22', '3', NULL, NULL, NULL, NULL, '0000-00-00'),
(2408, '2', 'bed', 'sentida 6', 'wi-bo', '', '2016-08-22', '2017-02-22', '2017-08-22', '3', NULL, NULL, NULL, NULL, '0000-00-00'),
(2409, '4', 'bed', 'sentida 6', 'wi-bo', '', '2016-08-22', '2017-02-22', '2017-08-22', '4', NULL, NULL, NULL, NULL, '0000-00-00'),
(2410, '3', 'bed', 'sentida 6', 'wi-bo', '', '2016-08-22', '2017-02-22', '2017-08-22', '3', NULL, NULL, NULL, NULL, '0000-00-00'),
(2411, '5', 'bed', 'sentida 6', 'wi-bo', '', '2016-08-22', '2017-02-22', '2017-08-22', '5', NULL, NULL, NULL, NULL, '0000-00-00'),
(2412, '4', 'bed', 'sentida 6', 'wi-bo', '', '2016-08-22', '2017-02-22', '2017-08-22', '4', NULL, NULL, NULL, NULL, '0000-00-00'),
(2413, '6', 'bed', 'sentida 6', 'wi-bo', '', '2016-08-22', '2017-02-22', '2017-08-22', '6', NULL, NULL, NULL, NULL, '0000-00-00'),
(2414, '5', 'bed', 'sentida 6', 'wi-bo', '', '2016-08-22', '2017-02-22', '2017-08-22', '5', NULL, NULL, NULL, NULL, '0000-00-00'),
(2415, '6', 'bed', 'sentida 6', 'wi-bo', '', '2016-08-22', '2017-02-22', '2017-08-22', '6', NULL, NULL, NULL, NULL, '0000-00-00'),
(2416, '7', 'bed', 'sentida 6', 'wi-bo', '', '2016-08-22', '2017-02-22', '2017-08-22', '7', NULL, NULL, NULL, NULL, '0000-00-00'),
(2417, '7', 'bed', 'sentida 6', 'wi-bo', '', '2016-08-22', '2017-02-22', '2017-08-22', '7', NULL, NULL, NULL, NULL, '0000-00-00'),
(2418, '8', 'bed', 'sentida 6', 'wi-bo', '', '2016-08-22', '2017-02-22', '2017-08-22', '8', NULL, NULL, NULL, NULL, '0000-00-00'),
(2419, '8', 'bed', 'sentida 6', 'wi-bo', '', '2016-08-22', '2017-02-22', '2017-08-22', '8', NULL, NULL, NULL, NULL, '0000-00-00'),
(2420, '9', 'bed', 'sentida 6', 'wi-bo', '', '2016-08-22', '2017-02-22', '2017-08-22', '9', NULL, NULL, NULL, NULL, '0000-00-00'),
(2421, '9', 'bed', 'sentida 6', 'wi-bo', '', '2016-08-22', '2017-02-22', '2017-08-22', '9', NULL, NULL, NULL, NULL, '0000-00-00'),
(2422, '10', 'bed', 'sentida 6', 'wi-bo', '', '2016-08-22', '2017-02-22', '2017-08-22', '10', NULL, NULL, NULL, NULL, '0000-00-00'),
(2423, '10', 'bed', 'sentida 6', 'wi-bo', '', '2016-08-22', '2017-02-22', '2017-08-22', '10', NULL, NULL, NULL, NULL, '0000-00-00'),
(2424, '1', 'bed', 'sentida 6', 'wi-bo', '', '2016-08-22', '2017-02-22', '2017-08-22', '1', NULL, NULL, NULL, NULL, '0000-00-00'),
(2425, '1', 'bed', 'sentida 6', 'wi-bo', '', '2016-08-22', '2017-02-22', '2017-08-22', '1', NULL, NULL, NULL, NULL, '0000-00-00'),
(2426, '2', 'bed', 'sentida 6', 'wi-bo', '', '2016-08-22', '2017-02-22', '2017-08-22', '2', NULL, NULL, NULL, NULL, '0000-00-00'),
(2427, '2', 'bed', 'sentida 6', 'wi-bo', '', '2016-08-22', '2017-02-22', '2017-08-22', '2', NULL, NULL, NULL, NULL, '0000-00-00'),
(2428, '3', 'bed', 'sentida 6', 'wi-bo', '', '2016-08-22', '2017-02-22', '2017-08-22', '3', NULL, NULL, NULL, NULL, '0000-00-00'),
(2429, '1', 'bed', 'sentida 6', 'wi-bo', '', '2016-08-22', '2017-02-22', '2017-08-22', '1', NULL, NULL, NULL, NULL, '0000-00-00'),
(2430, '3', 'bed', 'sentida 6', 'wi-bo', '', '2016-08-22', '2017-02-22', '2017-08-22', '3', NULL, NULL, NULL, NULL, '0000-00-00'),
(2431, '4', 'bed', 'sentida 6', 'wi-bo', '', '2016-08-22', '2017-02-22', '2017-08-22', '4', NULL, NULL, NULL, NULL, '0000-00-00'),
(2432, '2', 'bed', 'sentida 6', 'wi-bo', '', '2016-08-22', '2017-02-22', '2017-08-22', '3', NULL, NULL, NULL, NULL, '0000-00-00'),
(2433, '4', 'bed', 'sentida 6', 'wi-bo', '', '2016-08-22', '2017-02-22', '2017-08-22', '4', NULL, NULL, NULL, NULL, '0000-00-00'),
(2434, '5', 'bed', 'sentida 6', 'wi-bo', '', '2016-08-22', '2017-02-22', '2017-08-22', '5', NULL, NULL, NULL, NULL, '0000-00-00'),
(2435, '3', 'bed', 'sentida 6', 'wi-bo', '', '2016-08-22', '2017-02-22', '2017-08-22', '3', NULL, NULL, NULL, NULL, '0000-00-00'),
(2436, '5', 'bed', 'sentida 6', 'wi-bo', '', '2016-08-22', '2017-02-22', '2017-08-22', '5', NULL, NULL, NULL, NULL, '0000-00-00'),
(2437, '6', 'bed', 'sentida 6', 'wi-bo', '', '2016-08-22', '2017-02-22', '2017-08-22', '6', NULL, NULL, NULL, NULL, '0000-00-00'),
(2438, '4', 'bed', 'sentida 6', 'wi-bo', '', '2016-08-22', '2017-02-22', '2017-08-22', '4', NULL, NULL, NULL, NULL, '0000-00-00'),
(2439, '6', 'bed', 'sentida 6', 'wi-bo', '', '2016-08-22', '2017-02-22', '2017-08-22', '6', NULL, NULL, NULL, NULL, '0000-00-00'),
(2440, '7', 'bed', 'sentida 6', 'wi-bo', '', '2016-08-22', '2017-02-22', '2017-08-22', '7', NULL, NULL, NULL, NULL, '0000-00-00'),
(2441, '5', 'bed', 'sentida 6', 'wi-bo', '', '2016-08-22', '2017-02-22', '2017-08-22', '5', NULL, NULL, NULL, NULL, '0000-00-00'),
(2442, '7', 'bed', 'sentida 6', 'wi-bo', '', '2016-08-22', '2017-02-22', '2017-08-22', '7', NULL, NULL, NULL, NULL, '0000-00-00'),
(2443, '8', 'bed', 'sentida 6', 'wi-bo', '', '2016-08-22', '2017-02-22', '2017-08-22', '8', NULL, NULL, NULL, NULL, '0000-00-00'),
(2444, '6', 'bed', 'sentida 6', 'wi-bo', '', '2016-08-22', '2017-02-22', '2017-08-22', '6', NULL, NULL, NULL, NULL, '0000-00-00'),
(2445, '8', 'bed', 'sentida 6', 'wi-bo', '', '2016-08-22', '2017-02-22', '2017-08-22', '8', NULL, NULL, NULL, NULL, '0000-00-00'),
(2446, '9', 'bed', 'sentida 6', 'wi-bo', '', '2016-08-22', '2017-02-22', '2017-08-22', '9', NULL, NULL, NULL, NULL, '0000-00-00'),
(2447, '7', 'bed', 'sentida 6', 'wi-bo', '', '2016-08-22', '2017-02-22', '2017-08-22', '7', NULL, NULL, NULL, NULL, '0000-00-00'),
(2448, '9', 'bed', 'sentida 6', 'wi-bo', '', '2016-08-22', '2017-02-22', '2017-08-22', '9', NULL, NULL, NULL, NULL, '0000-00-00'),
(2449, '10', 'bed', 'sentida 6', 'wi-bo', '', '2016-08-22', '2017-02-22', '2017-08-22', '10', NULL, NULL, NULL, NULL, '0000-00-00'),
(2450, '8', 'bed', 'sentida 6', 'wi-bo', '', '2016-08-22', '2017-02-22', '2017-08-22', '8', NULL, NULL, NULL, NULL, '0000-00-00'),
(2451, '10', 'bed', 'sentida 6', 'wi-bo', '', '2016-08-22', '2017-02-22', '2017-08-22', '10', NULL, NULL, NULL, NULL, '0000-00-00'),
(2452, '1', 'bed', 'sentida 6', 'wi-bo', '', '2016-08-22', '2017-02-22', '2017-08-22', '1', NULL, NULL, NULL, NULL, '0000-00-00'),
(2453, '9', 'bed', 'sentida 6', 'wi-bo', '', '2016-08-22', '2017-02-22', '2017-08-22', '9', NULL, NULL, NULL, NULL, '0000-00-00'),
(2454, '1', 'bed', 'sentida 6', 'wi-bo', '', '2016-08-22', '2017-02-22', '2017-08-22', '1', NULL, NULL, NULL, NULL, '0000-00-00'),
(2455, '1', 'bed', 'sentida 6', 'wi-bo', '', '2016-08-22', '2017-02-22', '2017-08-22', '1', NULL, NULL, NULL, NULL, '0000-00-00'),
(2456, '10', 'bed', 'sentida 6', 'wi-bo', '', '2016-08-22', '2017-02-22', '2017-08-22', '10', NULL, NULL, NULL, NULL, '0000-00-00'),
(2457, '1', 'bed', 'sentida 6', 'wi-bo', '', '2016-08-22', '2017-02-22', '2017-08-22', '1', NULL, NULL, NULL, NULL, '0000-00-00'),
(2458, '1', 'bed', 'sentida 6', 'wi-bo', '', '2016-08-22', '2017-02-22', '2017-08-22', '1', NULL, NULL, NULL, NULL, '0000-00-00'),
(2459, '1', 'bed', 'sentida 6', 'wi-bo', '', '2016-08-22', '2017-02-22', '2017-08-22', '1', NULL, NULL, NULL, NULL, '0000-00-00'),
(2460, '1', 'bed', 'sentida 6', 'wi-bo', '', '2016-08-22', '2017-02-22', '2017-08-22', '1', NULL, NULL, NULL, NULL, '0000-00-00'),
(2461, '1', 'bed', 'sentida 6', 'wi-bo', '', '2016-08-22', '2017-02-22', '2017-08-22', '1', NULL, NULL, NULL, NULL, '0000-00-00'),
(2462, '2', 'bed', 'sentida 6', 'wi-bo', '', '2016-08-22', '2017-02-22', '2017-08-22', '2', NULL, NULL, NULL, NULL, '0000-00-00'),
(2463, '1', 'bed', 'sentida 6', 'wi-bo', '', '2016-08-22', '2017-02-22', '2017-08-22', '1', NULL, NULL, NULL, NULL, '0000-00-00'),
(2464, '1', 'bed', 'sentida 6', 'wi-bo', '', '2016-08-22', '2017-02-22', '2017-08-22', '1', NULL, NULL, NULL, NULL, '0000-00-00'),
(2465, '3', 'bed', 'sentida 6', 'wi-bo', '', '2016-08-22', '2017-02-22', '2017-08-22', '3', NULL, NULL, NULL, NULL, '0000-00-00'),
(2466, '1', 'bed', 'sentida 6', 'wi-bo', '', '2016-08-22', '2017-02-22', '2017-08-22', '1', NULL, NULL, NULL, NULL, '0000-00-00'),
(2467, '1', 'bed', 'sentida 6', 'wi-bo', '', '2016-08-22', '2017-02-22', '2017-08-22', '1', NULL, NULL, NULL, NULL, '0000-00-00'),
(2468, '4', 'bed', 'sentida 6', 'wi-bo', '', '2016-08-22', '2017-02-22', '2017-08-22', '4', NULL, NULL, NULL, NULL, '0000-00-00'),
(2469, '1', 'bed', 'sentida 6', 'wi-bo', '', '2016-08-22', '2017-02-22', '2017-08-22', '1', NULL, NULL, NULL, NULL, '0000-00-00'),
(2470, '1', 'bed', 'sentida 6', 'wi-bo', '', '2016-08-22', '2017-02-22', '2017-08-22', '1', NULL, NULL, NULL, NULL, '0000-00-00'),
(2471, '5', 'bed', 'sentida 6', 'wi-bo', '', '2016-08-22', '2017-02-22', '2017-08-22', '5', NULL, NULL, NULL, NULL, '0000-00-00'),
(2472, '1', 'bed', 'sentida 6', 'wi-bo', '', '2016-08-22', '2017-02-22', '2017-08-22', '1', NULL, NULL, NULL, NULL, '0000-00-00'),
(2473, '1', 'bed', 'sentida 6', 'wi-bo', '', '2016-08-22', '2017-02-22', '2017-08-22', '1', NULL, NULL, NULL, NULL, '0000-00-00'),
(2474, '6', 'bed', 'sentida 6', 'wi-bo', '', '2016-08-22', '2017-02-22', '2017-08-22', '6', NULL, NULL, NULL, NULL, '0000-00-00'),
(2475, '1', 'bed', 'sentida 6', 'wi-bo', '', '2016-08-22', '2017-02-22', '2017-08-22', '1', NULL, NULL, NULL, NULL, '0000-00-00'),
(2476, '1', 'bed', 'sentida 6', 'wi-bo', '', '2016-08-22', '2017-02-22', '2017-08-22', '1', NULL, NULL, NULL, NULL, '0000-00-00'),
(2477, '7', 'bed', 'sentida 6', 'wi-bo', '', '2016-08-22', '2017-02-22', '2017-08-22', '7', NULL, NULL, NULL, NULL, '0000-00-00'),
(2478, '1', 'bed', 'sentida 6', 'wi-bo', '', '2016-08-22', '2017-02-22', '2017-08-22', '1', NULL, NULL, NULL, NULL, '0000-00-00'),
(2479, '1', 'bed', 'sentida 6', 'wi-bo', '', '2016-08-22', '2017-02-22', '2017-08-22', '1', NULL, NULL, NULL, NULL, '0000-00-00'),
(2480, '8', 'bed', 'sentida 6', 'wi-bo', '', '2016-08-22', '2017-02-22', '2017-08-22', '8', NULL, NULL, NULL, NULL, '0000-00-00'),
(2481, '1', 'bed', 'sentida 6', 'wi-bo', '', '2016-08-22', '2017-02-22', '2017-08-22', '1', NULL, NULL, NULL, NULL, '0000-00-00'),
(2482, '1', 'bed', 'sentida 6', 'wi-bo', '', '2016-08-22', '2017-02-22', '2017-08-22', '1', NULL, NULL, NULL, NULL, '0000-00-00'),
(2483, '9', 'bed', 'sentida 6', 'wi-bo', '', '2016-08-22', '2017-02-22', '2017-08-22', '9', NULL, NULL, NULL, NULL, '0000-00-00'),
(2484, '1', 'bed', 'sentida 6', 'wi-bo', '', '2016-08-22', '2017-02-22', '2017-08-22', '1', NULL, NULL, NULL, NULL, '0000-00-00'),
(2485, '1', 'bed', 'sentida 6', 'wi-bo', '', '2016-08-22', '2017-02-22', '2017-08-22', '1', NULL, NULL, NULL, NULL, '0000-00-00'),
(2486, '10', 'bed', 'sentida 6', 'wi-bo', '', '2016-08-22', '2017-02-22', '2017-08-22', '10', NULL, NULL, NULL, NULL, '0000-00-00'),
(2487, '1', 'bed', 'sentida 6', 'wi-bo', '', '2016-08-22', '2017-02-22', '2017-08-22', '1', NULL, NULL, NULL, NULL, '0000-00-00'),
(2488, '1', 'bed', 'sentida 6', 'wi-bo', '', '2016-08-22', '2017-02-22', '2017-08-22', '1', NULL, NULL, NULL, NULL, '0000-00-00'),
(2489, '1', 'bed', 'sentida 6', 'wi-bo', '', '2016-08-22', '2017-02-22', '2017-08-22', '1', NULL, NULL, NULL, NULL, '0000-00-00'),
(2490, '1', 'bed', 'sentida 6', 'wi-bo', '', '2016-08-22', '2017-02-22', '2017-08-22', '1', NULL, NULL, NULL, NULL, '0000-00-00'),
(2491, '1', 'bed', 'sentida 6', 'wi-bo', '', '2016-08-22', '2017-02-22', '2017-08-22', '1', NULL, NULL, NULL, NULL, '0000-00-00'),
(2492, '1', 'bed', 'sentida 6', 'wi-bo', '', '2016-08-22', '2017-02-22', '2017-08-22', '1', NULL, NULL, NULL, NULL, '0000-00-00'),
(2493, '1', 'bed', 'sentida 6', 'wi-bo', '', '2016-08-22', '2017-02-22', '2017-08-22', '1', NULL, NULL, NULL, NULL, '0000-00-00'),
(2494, '1', 'bed', 'sentida 6', 'wi-bo', '', '2016-08-22', '2017-02-22', '2017-08-22', '1', NULL, NULL, NULL, NULL, '0000-00-00'),
(2495, '1', 'bed', 'sentida 6', 'wi-bo', '', '2016-08-22', '2017-02-22', '2017-08-22', '1', NULL, NULL, NULL, NULL, '0000-00-00'),
(2496, '1', 'bed', 'sentida 6', 'wi-bo', '', '2016-08-22', '2017-02-22', '2017-08-22', '1', NULL, NULL, NULL, NULL, '0000-00-00'),
(2497, '1', 'bed', 'sentida 6', 'wi-bo', '', '2016-08-22', '2017-02-22', '2017-08-22', '1', NULL, NULL, NULL, NULL, '0000-00-00'),
(2498, '1', 'bed', 'sentida 6', 'wi-bo', '', '2016-08-22', '2017-02-22', '2017-08-22', '1', NULL, NULL, NULL, NULL, '0000-00-00'),
(2499, '1', 'bed', 'sentida 6', 'wi-bo', '', '2016-08-22', '2017-02-22', '2017-08-22', '1', NULL, NULL, NULL, NULL, '0000-00-00'),
(2500, '1', 'bed', 'sentida 6', 'wi-bo', '', '2016-08-22', '2017-02-22', '2017-08-22', '1', NULL, NULL, NULL, NULL, '0000-00-00'),
(2501, '1', 'bed', 'sentida 6', 'wi-bo', '', '2016-08-22', '2017-02-22', '2017-08-22', '1', NULL, NULL, NULL, NULL, '0000-00-00'),
(2502, '1', 'bed', 'sentida 6', 'wi-bo', '', '2016-08-22', '2017-02-22', '2017-08-22', '1', NULL, NULL, NULL, NULL, '0000-00-00'),
(2503, '1', 'bed', 'sentida 6', 'wi-bo', '', '2016-08-22', '2017-02-22', '2017-08-22', '1', NULL, NULL, NULL, NULL, '0000-00-00'),
(2504, '1', 'bed', 'sentida 6', 'wi-bo', '', '2016-08-22', '2017-02-22', '2017-08-22', '1', NULL, NULL, NULL, NULL, '0000-00-00'),
(2505, '1', 'bed', 'sentida 6', 'wi-bo', '', '2016-08-22', '2017-02-22', '2017-08-22', '1', NULL, NULL, NULL, NULL, '0000-00-00'),
(2506, '1', 'bed', 'sentida 6', 'wi-bo', '', '2016-08-22', '2017-02-22', '2017-08-22', '1', NULL, NULL, NULL, NULL, '0000-00-00'),
(2507, '1', 'bed', 'sentida 6', 'wi-bo', '', '2016-08-22', '2017-02-22', '2017-08-22', '1', NULL, NULL, NULL, NULL, '0000-00-00'),
(2508, '1', 'bed', 'sentida 6', 'wi-bo', '', '2016-08-22', '2017-02-22', '2017-08-22', '1', NULL, NULL, NULL, NULL, '0000-00-00'),
(2509, '2', 'bed', 'sentida 6', 'wi-bo', '', '2016-08-22', '2017-02-22', '2017-08-22', '2', NULL, NULL, NULL, NULL, '0000-00-00'),
(2510, '1', 'bed', 'sentida 6', 'wi-bo', '', '2016-08-22', '2017-02-22', '2017-08-22', '1', NULL, NULL, NULL, NULL, '0000-00-00'),
(2511, '2', 'bed', 'sentida 6', 'wi-bo', '', '2016-08-22', '2017-02-22', '2017-08-22', '2', NULL, NULL, NULL, NULL, '0000-00-00'),
(2512, '2', 'bed', 'sentida 6', 'wi-bo', '', '2016-08-22', '2017-02-22', '2017-08-22', '2', NULL, NULL, NULL, NULL, '0000-00-00'),
(2513, '1', 'bed', 'sentida 6', 'wi-bo', '', '2016-08-22', '2017-02-22', '2017-08-22', '1', NULL, NULL, NULL, NULL, '0000-00-00'),
(2514, '2', 'bed', 'sentida 6', 'wi-bo', '', '2016-08-22', '2017-02-22', '2017-08-22', '2', NULL, NULL, NULL, NULL, '0000-00-00'),
(2515, '2', 'bed', 'sentida 6', 'wi-bo', '', '2016-08-22', '2017-02-22', '2017-08-22', '2', NULL, NULL, NULL, NULL, '0000-00-00'),
(2516, '1', 'bed', 'sentida 6', 'wi-bo', '', '2016-08-22', '2017-02-22', '2017-08-22', '1', NULL, NULL, NULL, NULL, '0000-00-00'),
(2517, '2', 'bed', 'sentida 6', 'wi-bo', '', '2016-08-22', '2017-02-22', '2017-08-22', '2', NULL, NULL, NULL, NULL, '0000-00-00'),
(2518, '2', 'bed', 'sentida 6', 'wi-bo', '', '2016-08-22', '2017-02-22', '2017-08-22', '2', NULL, NULL, NULL, NULL, '0000-00-00'),
(2519, '1', 'bed', 'sentida 6', 'wi-bo', '', '2016-08-22', '2017-02-22', '2017-08-22', '1', NULL, NULL, NULL, NULL, '0000-00-00'),
(2520, '2', 'bed', 'sentida 6', 'wi-bo', '', '2016-08-22', '2017-02-22', '2017-08-22', '2', NULL, NULL, NULL, NULL, '0000-00-00'),
(2521, '2', 'bed', 'sentida 6', 'wi-bo', '', '2016-08-22', '2017-02-22', '2017-08-22', '2', NULL, NULL, NULL, NULL, '0000-00-00'),
(2522, '1', 'bed', 'sentida 6', 'wi-bo', '', '2016-08-22', '2017-02-22', '2017-08-22', '1', NULL, NULL, NULL, NULL, '0000-00-00'),
(2523, '2', 'bed', 'sentida 6', 'wi-bo', '', '2016-08-22', '2017-02-22', '2017-08-22', '2', NULL, NULL, NULL, NULL, '0000-00-00'),
(2524, '2', 'bed', 'sentida 6', 'wi-bo', '', '2016-08-22', '2017-02-22', '2017-08-22', '2', NULL, NULL, NULL, NULL, '0000-00-00'),
(2525, '1', 'bed', 'sentida 6', 'wi-bo', '', '2016-08-22', '2017-02-22', '2017-08-22', '1', NULL, NULL, NULL, NULL, '0000-00-00'),
(2526, '2', 'bed', 'sentida 6', 'wi-bo', '', '2016-08-22', '2017-02-22', '2017-08-22', '2', NULL, NULL, NULL, NULL, '0000-00-00'),
(2527, '2', 'bed', 'sentida 6', 'wi-bo', '', '2016-08-22', '2017-02-22', '2017-08-22', '2', NULL, NULL, NULL, NULL, '0000-00-00'),
(2528, '1', 'bed', 'sentida 6', 'wi-bo', '', '2016-08-22', '2017-02-22', '2017-08-22', '1', NULL, NULL, NULL, NULL, '0000-00-00'),
(2529, '2', 'bed', 'sentida 6', 'wi-bo', '', '2016-08-22', '2017-02-22', '2017-08-22', '2', NULL, NULL, NULL, NULL, '0000-00-00'),
(2530, '2', 'bed', 'sentida 6', 'wi-bo', '', '2016-08-22', '2017-02-22', '2017-08-22', '1', NULL, NULL, NULL, NULL, '0000-00-00'),
(2531, '1', 'bed', 'sentida 6', 'wi-bo', '', '2016-08-22', '2017-02-22', '2017-08-22', '1', NULL, NULL, NULL, NULL, '0000-00-00'),
(2532, '2', 'bed', 'sentida 6', 'wi-bo', '', '2016-08-22', '2017-02-22', '2017-08-22', '1', NULL, NULL, NULL, NULL, '0000-00-00'),
(2533, '0', 'bed', 'sentida 6', 'wi-bo', '', '2016-08-22', '2017-02-22', '2017-08-22', '0', NULL, NULL, NULL, NULL, '0000-00-00'),
(2534, '1', 'bed', 'sentida 6', 'wi-bo', '', '2016-08-22', '2017-02-22', '2017-08-22', '1', NULL, NULL, NULL, NULL, '0000-00-00'),
(2535, '0', 'bed', 'sentida 6', 'wi-bo', '', '2016-08-22', '2017-02-22', '2017-08-22', '0', NULL, NULL, NULL, NULL, '0000-00-00'),
(2536, '1', 'bed', 'sentida 6', 'wi-bo', '', '2016-08-22', '2017-02-22', '2017-08-22', '1', NULL, NULL, NULL, NULL, '0000-00-00'),
(2537, '1', 'bed', 'sentida 6', 'wi-bo', '', '2016-08-22', '2017-02-22', '2017-08-22', '1', NULL, NULL, NULL, NULL, '0000-00-00'),
(2538, '1', 'bed', 'sentida 6', 'wi-bo', '', '2016-08-22', '2017-02-22', '2017-08-22', '1', NULL, NULL, NULL, NULL, '0000-00-00'),
(2539, '1', 'bed', 'sentida 6', 'wi-bo', '', '2016-08-22', '2017-02-22', '2017-08-22', '1', NULL, NULL, NULL, NULL, '0000-00-00'),
(2540, '1', 'bed', 'sentida 6', 'wi-bo', '', '2016-08-22', '2017-02-22', '2017-08-22', '1', NULL, NULL, NULL, NULL, '0000-00-00'),
(2541, '1', 'bed', 'sentida 6', 'wi-bo', '', '2016-08-22', '2017-02-22', '2017-08-22', '1', NULL, NULL, NULL, NULL, '0000-00-00'),
(2542, '1', 'bed', 'sentida 6', 'wi-bo', '', '2016-08-22', '2017-02-22', '2017-08-22', '1', NULL, NULL, NULL, NULL, '0000-00-00'),
(2543, '1', 'bed', 'sentida 6', 'wi-bo', '', '2016-08-22', '2017-02-22', '2017-08-22', '1', NULL, NULL, NULL, NULL, '0000-00-00'),
(2544, '1', 'bed', 'sentida 6', 'wi-bo', '', '2016-08-22', '2017-02-22', '2017-08-22', '1', NULL, NULL, NULL, NULL, '0000-00-00'),
(2545, '1', 'bed', 'sentida 6', 'wi-bo', '', '2016-08-22', '2017-02-22', '2017-08-22', '1', NULL, NULL, NULL, NULL, '0000-00-00'),
(2546, '2', 'bed', 'sentida 6', 'wi-bo', '', '2016-08-22', '2017-02-22', '2017-08-22', '2', NULL, NULL, NULL, NULL, '0000-00-00'),
(2547, '1', 'bed', 'sentida 6', 'wi-bo', '', '2016-08-22', '2017-02-22', '2017-08-22', '1', NULL, NULL, NULL, NULL, '0000-00-00'),
(2548, '1', 'bed', 'sentida 6', 'wi-bo', '', '2016-08-22', '2017-02-22', '2017-08-22', '1', NULL, NULL, NULL, NULL, '0000-00-00'),
(2549, '2', 'bed', 'sentida 6', 'wi-bo', '', '2016-08-22', '2017-02-22', '2017-08-22', '2', NULL, NULL, NULL, NULL, '0000-00-00'),
(2550, '1', 'bed', 'sentida 6', 'wi-bo', '', '2016-08-22', '2017-02-22', '2017-08-22', '1', NULL, NULL, NULL, NULL, '0000-00-00'),
(2551, '1', 'bed', 'sentida 6', 'wi-bo', '', '2016-08-22', '2017-02-22', '2017-08-22', '1', NULL, NULL, NULL, NULL, '0000-00-00'),
(2552, '2', 'bed', 'sentida 6', 'wi-bo', '', '2016-08-22', '2017-02-22', '2017-08-22', '2', NULL, NULL, NULL, NULL, '0000-00-00'),
(2553, '1', 'bed', 'sentida 6', 'wi-bo', '', '2016-08-22', '2017-02-22', '2017-08-22', '1', NULL, NULL, NULL, NULL, '0000-00-00'),
(2554, '1', 'bed', 'sentida 6', 'wi-bo', '', '2016-08-22', '2017-02-22', '2017-08-22', '1', NULL, NULL, NULL, NULL, '0000-00-00'),
(2555, '2', 'bed', 'sentida 6', 'wi-bo', '', '2016-08-22', '2017-02-22', '2017-08-22', '2', NULL, NULL, NULL, NULL, '0000-00-00'),
(2556, '1', 'bed', 'sentida 6', 'wi-bo', '', '2016-08-22', '2017-02-22', '2017-08-22', '1', NULL, NULL, NULL, NULL, '0000-00-00'),
(2557, '1', 'bed', 'sentida 6', 'wi-bo', '', '2016-08-22', '2017-02-22', '2017-08-22', '1', NULL, NULL, NULL, NULL, '0000-00-00'),
(2558, '2', 'bed', 'sentida 6', 'wi-bo', '', '2016-08-22', '2017-02-22', '2017-08-22', '2', NULL, NULL, NULL, NULL, '0000-00-00'),
(2559, '1', 'bed', 'sentida 6', 'wi-bo', '', '2016-08-22', '2017-02-22', '2017-08-22', '1', NULL, NULL, NULL, NULL, '0000-00-00'),
(2560, '1', 'bed', 'sentida 6', 'wi-bo', '', '2016-08-22', '2017-02-22', '2017-08-22', '1', NULL, NULL, NULL, NULL, '0000-00-00'),
(2561, '2', 'bed', 'sentida 6', 'wi-bo', '', '2016-08-22', '2017-02-22', '2017-08-22', '2', NULL, NULL, NULL, NULL, '0000-00-00'),
(2562, '1', 'bed', 'sentida 6', 'wi-bo', '', '2016-08-22', '2017-02-22', '2017-08-22', '1', NULL, NULL, NULL, NULL, '0000-00-00'),
(2563, '1', 'bed', 'sentida 6', 'wi-bo', '', '2016-08-22', '2017-02-22', '2017-08-22', '1', NULL, NULL, NULL, NULL, '0000-00-00'),
(2564, '2', 'bed', 'sentida 6', 'wi-bo', '', '2016-08-22', '2017-02-22', '2017-08-22', '2', NULL, NULL, NULL, NULL, '0000-00-00'),
(2565, '1', 'bed', 'sentida 6', 'wi-bo', '', '2016-08-22', '2017-02-22', '2017-08-22', '1', NULL, NULL, NULL, NULL, '0000-00-00'),
(2566, '1', 'bed', 'sentida 6', 'wi-bo', '', '2016-08-22', '2017-02-22', '2017-08-22', '1', NULL, NULL, NULL, NULL, '0000-00-00'),
(2567, '2', 'bed', 'sentida 6', 'wi-bo', '', '2016-08-22', '2017-02-22', '2017-08-22', '1', NULL, NULL, NULL, NULL, '0000-00-00'),
(2568, '1', 'bed', 'sentida 6', 'wi-bo', '', '2016-08-22', '2017-02-22', '2017-08-22', '1', NULL, NULL, NULL, NULL, '0000-00-00'),
(2569, '1', 'bed', 'sentida 6', 'wi-bo', '', '2016-08-22', '2017-02-22', '2017-08-22', '1', NULL, NULL, NULL, NULL, '0000-00-00'),
(2570, '0', 'bed', 'sentida 6', 'wi-bo', '', '2016-08-22', '2017-02-22', '2017-08-22', '0', NULL, NULL, NULL, NULL, '0000-00-00'),
(2571, '1', 'bed', 'sentida 6', 'wi-bo', '', '2016-08-22', '2017-02-22', '2017-08-22', '1', NULL, NULL, NULL, NULL, '0000-00-00'),
(2572, '1', 'bed', 'sentida 6', 'wi-bo', '', '2016-08-22', '2017-02-22', '2017-08-22', '1', NULL, NULL, NULL, NULL, '0000-00-00'),
(2573, '1', 'bed', 'sentida 6', 'wi-bo', '', '2016-08-22', '2017-02-22', '2017-08-22', '1', NULL, NULL, NULL, NULL, '0000-00-00'),
(2574, '1', 'bed', 'sentida 6', 'wi-bo', '', '2016-08-22', '2017-02-22', '2017-08-22', '1', NULL, NULL, NULL, NULL, '0000-00-00'),
(2575, '1', 'bed', 'sentida 6', 'wi-bo', '', '2016-08-22', '2017-02-22', '2017-08-22', '1', NULL, NULL, NULL, NULL, '0000-00-00'),
(2576, '1', 'bed', 'sentida 6', 'wi-bo', '', '2016-08-22', '2017-02-22', '2017-08-22', '1', NULL, NULL, NULL, NULL, '0000-00-00'),
(2577, '1', 'bed', 'sentida 6', 'wi-bo', '', '2016-08-22', '2017-02-22', '2017-08-22', '1', NULL, NULL, NULL, NULL, '0000-00-00'),
(2578, '1', 'bed', 'sentida 6', 'wi-bo', '', '2016-08-22', '2017-02-22', '2017-08-22', '1', NULL, NULL, NULL, NULL, '0000-00-00'),
(2579, '1', 'bed', 'sentida 6', 'wi-bo', '', '2016-08-22', '2017-02-22', '2017-08-22', '1', NULL, NULL, NULL, NULL, '0000-00-00'),
(2580, '1', 'bed', 'sentida 6', 'wi-bo', '', '2016-08-22', '2017-02-22', '2017-08-22', '1', NULL, NULL, NULL, NULL, '0000-00-00'),
(2581, '1', 'bed', 'sentida 6', 'wi-bo', '', '2016-08-22', '2017-02-22', '2017-08-22', '1', NULL, NULL, NULL, NULL, '0000-00-00'),
(2582, '1', 'bed', 'sentida 6', 'wi-bo', '', '2016-08-22', '2017-02-22', '2017-08-22', '1', NULL, NULL, NULL, NULL, '0000-00-00'),
(2583, '1', 'bed', 'sentida 6', 'wi-bo', '', '2016-08-22', '2017-02-22', '2017-08-22', '1', NULL, NULL, NULL, NULL, '0000-00-00'),
(2584, '1', 'bed', 'sentida 6', 'wi-bo', '', '2016-08-22', '2017-02-22', '2017-08-22', '1', NULL, NULL, NULL, NULL, '0000-00-00'),
(2585, '1', 'bed', 'sentida 6', 'wi-bo', '', '2016-08-22', '2017-02-22', '2017-08-22', '1', NULL, NULL, NULL, NULL, '0000-00-00'),
(2586, '1', 'bed', 'sentida 6', 'wi-bo', '', '2016-08-22', '2017-02-22', '2017-08-22', '1', NULL, NULL, NULL, NULL, '0000-00-00'),
(2587, '1', 'bed', 'sentida 6', 'wi-bo', '', '2016-08-22', '2017-02-22', '2017-08-22', '1', NULL, NULL, NULL, NULL, '0000-00-00'),
(2588, '1', 'bed', 'sentida 6', 'wi-bo', '', '2016-08-22', '2017-02-22', '2017-08-22', '1', NULL, NULL, NULL, NULL, '0000-00-00'),
(2589, '1', 'bed', 'sentida 6', 'wi-bo', '', '2016-08-22', '2017-02-22', '2017-08-22', '1', NULL, NULL, NULL, NULL, '0000-00-00'),
(2590, '1', 'bed', 'sentida 6', 'wi-bo', '', '2016-08-22', '2017-02-22', '2017-08-22', '1', NULL, NULL, NULL, NULL, '0000-00-00'),
(2591, '1', 'bed', 'sentida 6', 'wi-bo', '', '2016-08-22', '2017-02-22', '2017-08-22', '1', NULL, NULL, NULL, NULL, '0000-00-00'),
(2592, '1', 'bed', 'sentida 6', 'wi-bo', '', '2016-08-22', '2017-02-22', '2017-08-22', '1', NULL, NULL, NULL, NULL, '0000-00-00'),
(2593, '1', 'bed', 'sentida 6', 'wi-bo', '', '2016-08-22', '2017-02-22', '2017-08-22', '1', NULL, NULL, NULL, NULL, '0000-00-00'),
(2594, '1', 'bed', 'sentida 6', 'wi-bo', '', '2016-08-22', '2017-02-22', '2017-08-22', '1', NULL, NULL, NULL, NULL, '0000-00-00'),
(2595, '1', 'bed', 'sentida 6', 'wi-bo', '', '2016-08-22', '2017-02-22', '2017-08-22', '1', NULL, NULL, NULL, NULL, '0000-00-00'),
(2596, '1', 'bed', 'sentida 6', 'wi-bo', '', '2016-08-22', '2017-02-22', '2017-08-22', '1', NULL, NULL, NULL, NULL, '0000-00-00'),
(2597, '1', 'bed', 'sentida 6', 'wi-bo', '', '2016-08-22', '2017-02-22', '2017-08-22', '1', NULL, NULL, NULL, NULL, '0000-00-00'),
(2598, '1', 'bed', 'sentida 6', 'wi-bo', '', '2016-08-22', '2017-02-22', '2017-08-22', '1', NULL, NULL, NULL, NULL, '0000-00-00'),
(2599, '1', 'bed', 'sentida 6', 'wi-bo', '', '2016-08-22', '2017-02-22', '2017-08-22', '1', NULL, NULL, NULL, NULL, '0000-00-00'),
(2600, '1', 'bed', 'sentida 6', 'wi-bo', '', '2016-08-22', '2017-02-22', '2017-08-22', '1', NULL, NULL, NULL, NULL, '0000-00-00'),
(2601, '1', 'bed', 'sentida 6', 'wi-bo', '', '2016-08-22', '2017-02-22', '2017-08-22', '1', NULL, NULL, NULL, NULL, '0000-00-00'),
(2602, '1', 'bed', 'sentida 6', 'wi-bo', '', '2016-08-22', '2017-02-22', '2017-08-22', '1', NULL, NULL, NULL, NULL, '0000-00-00'),
(2603, '1', 'bed', 'sentida 6', 'wi-bo', '', '2016-08-22', '2017-02-22', '2017-08-22', '1', NULL, NULL, NULL, NULL, '0000-00-00'),
(2604, '1', 'bed', 'sentida 6', 'wi-bo', '', '2016-08-22', '2017-02-22', '2017-08-22', '1', NULL, NULL, NULL, NULL, '0000-00-00'),
(2605, '1', 'bed', 'sentida 6', 'wi-bo', '', '2016-08-22', '2017-02-22', '2017-08-22', '1', NULL, NULL, NULL, NULL, '0000-00-00'),
(2606, '1', 'bed', 'sentida 6', 'wi-bo', '', '2016-08-22', '2017-02-22', '2017-08-22', '1', NULL, NULL, NULL, NULL, '0000-00-00'),
(2607, '1', 'bed', 'sentida 6', 'wi-bo', '', '2016-08-22', '2017-02-22', '2017-08-22', '1', NULL, NULL, NULL, NULL, '0000-00-00'),
(2608, '1', 'bed', 'sentida 6', 'wi-bo', '', '2016-08-22', '2017-02-22', '2017-08-22', '1', NULL, NULL, NULL, NULL, '0000-00-00'),
(2609, '1', 'bed', 'sentida 6', 'wi-bo', '', '2016-08-22', '2017-02-22', '2017-08-22', '1', NULL, NULL, NULL, NULL, '0000-00-00'),
(2610, '1', 'bed', 'sentida 6', 'wi-bo', '', '2016-08-22', '2017-02-22', '2017-08-22', '1', NULL, NULL, NULL, NULL, '0000-00-00'),
(2611, '1', 'bed', 'sentida 6', 'wi-bo', '', '2016-08-22', '2017-02-22', '2017-08-22', '1', NULL, NULL, NULL, NULL, '0000-00-00'),
(2612, '1', 'bed', 'sentida 6', 'wi-bo', '', '2016-08-22', '2017-02-22', '2017-08-22', '1', NULL, NULL, NULL, NULL, '0000-00-00'),
(2613, '1', 'bed', 'sentida 6', 'wi-bo', '', '2016-08-22', '2017-02-22', '2017-08-22', '1', NULL, NULL, NULL, NULL, '0000-00-00'),
(2614, '1', 'bed', 'sentida 6', 'wi-bo', '', '2016-08-22', '2017-02-22', '2017-08-22', '1', NULL, NULL, NULL, NULL, '0000-00-00'),
(2615, '1', 'bed', 'sentida 6', 'wi-bo', '', '2016-08-22', '2017-02-22', '2017-08-22', '1', NULL, NULL, NULL, NULL, '0000-00-00'),
(2616, '1', 'bed', 'sentida 6', 'wi-bo', '', '2016-08-22', '2017-02-22', '2017-08-22', '1', NULL, NULL, NULL, NULL, '0000-00-00'),
(2617, '1', 'bed', 'sentida 6', 'wi-bo', '', '2016-08-22', '2017-02-22', '2017-08-22', '1', NULL, NULL, NULL, NULL, '0000-00-00'),
(2618, '1', 'bed', 'sentida 6', 'wi-bo', '', '2016-08-22', '2017-02-22', '2017-08-22', '1', NULL, NULL, NULL, NULL, '0000-00-00'),
(2619, '1', 'bed', 'sentida 6', 'wi-bo', '', '2016-08-22', '2017-02-22', '2017-08-22', '1', NULL, NULL, NULL, NULL, '0000-00-00'),
(2620, '1', 'bed', 'sentida 6', 'wi-bo', '', '2016-08-22', '2017-02-22', '2017-08-22', '1', NULL, NULL, NULL, NULL, '0000-00-00'),
(2621, '1', 'bed', 'sentida 6', 'wi-bo', '', '2016-08-22', '2017-02-22', '2017-08-22', '1', NULL, NULL, NULL, NULL, '0000-00-00'),
(2622, '1', 'bed', 'sentida 6', 'wi-bo', '', '2016-08-22', '2017-02-22', '2017-08-22', '1', NULL, NULL, NULL, NULL, '0000-00-00'),
(2623, '1', 'bed', 'sentida 6', 'wi-bo', '', '2016-08-22', '2017-02-22', '2017-08-22', '1', NULL, NULL, NULL, NULL, '0000-00-00'),
(2624, '1', 'bed', 'sentida 6', 'wi-bo', '', '2016-08-22', '2017-02-22', '2017-08-22', '1', NULL, NULL, NULL, NULL, '0000-00-00'),
(2625, '1', 'bed', 'sentida 6', 'wi-bo', '', '2016-08-22', '2017-02-22', '2017-08-22', '1', NULL, NULL, NULL, NULL, '0000-00-00'),
(2626, '1', 'bed', 'sentida 6', 'wi-bo', '', '2016-08-22', '2017-02-22', '2017-08-22', '1', NULL, NULL, NULL, NULL, '0000-00-00'),
(2627, '1', 'bed', 'sentida 6', 'wi-bo', '', '2016-08-22', '2017-02-22', '2017-08-22', '1', NULL, NULL, NULL, NULL, '0000-00-00'),
(2628, '1', 'bed', 'sentida 6', 'wi-bo', '', '2016-08-22', '2017-02-22', '2017-08-22', '1', NULL, NULL, NULL, NULL, '0000-00-00'),
(2629, '1', 'bed', 'sentida 6', 'wi-bo', '', '2016-08-22', '2017-02-22', '2017-08-22', '1', NULL, NULL, NULL, NULL, '0000-00-00'),
(2630, '1', 'bed', 'sentida 6', 'wi-bo', '', '2016-08-22', '2017-02-22', '2017-08-22', '1', NULL, NULL, NULL, NULL, '0000-00-00'),
(2631, '1', 'bed', 'sentida 6', 'wi-bo', '', '2016-08-22', '2017-02-22', '2017-08-22', '1', NULL, NULL, NULL, NULL, '0000-00-00'),
(2632, '1', 'bed', 'sentida 6', 'wi-bo', '', '2016-08-22', '2017-02-22', '2017-08-22', '1', NULL, NULL, NULL, NULL, '0000-00-00'),
(2633, '1', 'bed', 'sentida 6', 'wi-bo', '', '2016-08-22', '2017-02-22', '2017-08-22', '1', NULL, NULL, NULL, NULL, '0000-00-00'),
(2634, '1', 'bed', 'sentida 6', 'wi-bo', '', '2016-08-22', '2017-02-22', '2017-08-22', '1', NULL, NULL, NULL, NULL, '0000-00-00'),
(2635, '1', 'bed', 'sentida 6', 'wi-bo', '', '2016-08-22', '2017-02-22', '2017-08-22', '1', NULL, NULL, NULL, NULL, '0000-00-00'),
(2636, '1', 'bed', 'sentida 6', 'wi-bo', '', '2016-08-22', '2017-02-22', '2017-08-22', '1', NULL, NULL, NULL, NULL, '0000-00-00'),
(2637, '1', 'bed', 'sentida 6', 'wi-bo', '', '2016-08-22', '2017-02-22', '2017-08-22', '1', NULL, NULL, NULL, NULL, '0000-00-00'),
(2638, '1', 'bed', 'sentida 6', 'wi-bo', '', '2016-08-22', '2017-02-22', '2017-08-22', '1', NULL, NULL, NULL, NULL, '0000-00-00'),
(2639, '1', 'bed', 'sentida 6', 'wi-bo', '', '2016-08-22', '2017-02-22', '2017-08-22', '1', NULL, NULL, NULL, NULL, '0000-00-00'),
(2640, '1', 'bed', 'sentida 6', 'wi-bo', '', '2016-08-22', '2017-02-22', '2017-08-22', '1', NULL, NULL, NULL, NULL, '0000-00-00'),
(2641, '1', 'bed', 'sentida 6', 'wi-bo', '', '2016-08-22', '2017-02-22', '2017-08-22', '1', NULL, NULL, NULL, NULL, '0000-00-00'),
(2642, '1', 'bed', 'sentida 6', 'wi-bo', '', '2016-08-22', '2017-02-22', '2017-08-22', '1', NULL, NULL, NULL, NULL, '0000-00-00'),
(2643, '1', 'bed', 'sentida 6', 'wi-bo', '', '2016-08-22', '2017-02-22', '2017-08-22', '1', NULL, NULL, NULL, NULL, '0000-00-00'),
(2644, '123', 'bed', 'sentida 6', 'wi-bo', '', '2016-08-26', '2017-02-26', '2017-08-26', '', NULL, NULL, NULL, NULL, '0000-00-00'),
(2645, '125', 'bed', 'sentida 6', 'wi-bo', '', '2016-08-26', '2017-02-26', '2017-08-26', '', NULL, NULL, NULL, NULL, '0000-00-00'),
(2646, '147521', 'hoist', 'arjo maxisky', 'arjo', '', '2004-02-02', '0216-09-02', '2017-03-02', 'tims room', '2017-03-02', 'pay as you go', 'themselves', NULL, '0000-00-00'),
(2662, '1234123745', 'bathtub', '4', 'beka', 'white bathtub', '2016-09-05', '2017-03-06', '2017-09-06', 'room 12', NULL, NULL, 'themselves', NULL, '0000-00-00'),
(2663, '0201', 'bed', 'rytr', 'beka', '', '2016-09-04', '2017-03-01', '2017-09-03', 'qwert', NULL, NULL, 'unknown', NULL, '0000-00-00'),
(2664, 'erg', 'air pressure relief mattress', 'sdfd', 'beka', '', '2017-03-08', NULL, '2017-04-01', 'erg', NULL, NULL, 'ge', NULL, NULL),
(2665, 'erg', 'air pressure relief mattress', 'sdfd', 'beka', '', '2017-03-08', NULL, '2017-04-01', 'erg', NULL, NULL, 'ge', NULL, NULL),
(2666, 'fake', 'hoist', 'fake', 'guldmann', 'fake', '2017-03-01', '2017-03-01', '2017-03-02', 'fake', NULL, NULL, 'fake', '', NULL),
(2667, '234r', 'hoist', 'fake', 'guldmann', '1', '2017-04-01', NULL, '2018-04-01', '2', NULL, NULL, NULL, NULL, NULL),
(2668, '7654', 'air pressure relief mattress', '4', 'egan medical', '', '2017-05-22', NULL, '2018-05-22', 'room 15', NULL, NULL, NULL, NULL, NULL),
(2669, '111111111111111', 'hoist', '43', 'guldmann', 'testing', '2017-12-18', NULL, '2018-12-18', 'bedroom', NULL, NULL, NULL, NULL, NULL),
(2670, '2222222222', 'hoist', '43', 'guldmann', 'testing', '2017-12-18', NULL, '2018-12-18', 'bath', NULL, NULL, NULL, NULL, NULL),
(2671, '143223', 'hoist', '3', 'beka', '2', '2017-12-18', NULL, '2018-12-18', '1', NULL, NULL, NULL, NULL, NULL),
(2672, '241234', 'hoist', '3', 'beka', '2', '2017-12-18', NULL, '2018-12-18', '223', NULL, NULL, NULL, NULL, NULL),
(2673, '143223', 'hoist', '3', 'beka', '2', '2017-12-18', NULL, '2018-12-18', '1', NULL, NULL, NULL, NULL, NULL),
(2674, '241234', 'hoist', '3', 'beka', '2', '2017-12-18', NULL, '2018-12-18', '223', NULL, NULL, NULL, NULL, NULL),
(2675, '3', 'air pressure relief mattress', 'd', 'beka', '333', '2017-12-18', NULL, '2018-12-18', '3', NULL, NULL, NULL, NULL, NULL),
(2676, '4', 'air pressure relief mattress', 'd', 'beka', '333', '2017-12-18', NULL, '2018-12-18', '4', NULL, NULL, NULL, NULL, NULL),
(2677, '54', 'air pressure relief mattress', 'd', 'beka', '333', '2017-12-18', NULL, '2018-12-18', '4', NULL, NULL, NULL, NULL, NULL),
(2678, '2343', 'air pressure relief mattress', '5', 'guldmann', 'aerhsrtj', '2017-12-18', NULL, '2018-12-18', '245', NULL, NULL, NULL, NULL, NULL),
(2679, '6543', 'air pressure relief mattress', '5', 'guldmann', 'aerhsrtj', '2017-12-18', NULL, '2018-12-18', '13', NULL, NULL, NULL, NULL, NULL),
(2680, '543', 'bed', '2', 'cura seating', '2', '2017-12-18', NULL, '2018-12-18', '2345', NULL, NULL, NULL, NULL, NULL),
(2681, '543', 'bed', '2', 'cura seating', '2', '2017-12-18', NULL, '2018-12-18', '4', NULL, NULL, NULL, NULL, NULL);

-- --------------------------------------------------------

--
-- Table structure for table `stock_to_worksheets`
--

DROP TABLE IF EXISTS `stock_to_worksheets`;
CREATE TABLE IF NOT EXISTS `stock_to_worksheets` (
  `stockid` int(10) NOT NULL,
  `worksheetid` int(10) NOT NULL,
  KEY `stockid` (`stockid`),
  KEY `worksheetid` (`worksheetid`)
) ENGINE=InnoDB DEFAULT CHARSET=latin1;

--
-- Dumping data for table `stock_to_worksheets`
--

INSERT INTO `stock_to_worksheets` (`stockid`, `worksheetid`) VALUES
(2338, 11),
(2339, 12),
(2340, 13),
(2341, 14),
(2342, 15),
(2343, 16),
(2344, 17),
(2345, 18),
(2346, 19),
(2347, 20),
(2348, 21),
(2349, 22),
(2350, 23),
(2351, 24),
(2352, 25),
(2353, 26),
(2354, 27),
(2355, 28),
(2356, 29),
(2357, 30),
(2358, 31),
(2359, 32),
(2360, 33),
(2361, 34),
(2362, 35),
(2363, 36),
(2364, 37),
(2365, 38),
(2366, 39),
(2367, 40),
(2368, 41),
(2369, 42),
(2370, 43),
(2371, 44),
(2372, 45),
(2373, 46),
(2374, 47),
(2375, 48),
(2376, 49),
(2377, 50),
(2378, 51),
(2379, 52),
(2380, 53),
(2381, 54),
(2382, 55),
(2383, 56),
(2384, 57),
(2385, 58),
(2386, 59),
(2387, 60),
(2388, 61),
(2389, 62),
(2390, 63),
(2391, 64),
(2392, 65),
(2393, 66),
(2394, 67),
(2395, 68),
(2396, 69),
(2397, 70),
(2397, 71),
(2397, 72),
(2398, 73),
(2399, 74),
(2400, 75),
(2400, 76),
(2400, 77),
(2401, 78),
(2402, 79),
(2403, 80),
(2404, 81),
(2406, 83),
(2406, 83),
(2408, 84),
(2408, 85),
(2410, 87),
(2410, 87),
(2412, 89),
(2412, 89),
(2414, 91),
(2414, 91),
(2416, 93),
(2416, 93),
(2418, 95),
(2418, 95),
(2420, 97),
(2420, 97),
(2422, 99),
(2422, 99),
(2424, 101),
(2424, 101),
(2426, 102),
(2426, 103),
(2427, 105),
(2428, 105),
(2429, 106),
(2430, 107),
(2431, 108),
(2432, 109),
(2433, 110),
(2435, 112),
(2435, 112),
(2437, 114),
(2437, 114),
(2438, 115),
(2440, 117),
(2441, 117),
(2441, 118),
(2443, 120),
(2443, 120),
(2444, 121),
(2446, 123),
(2446, 123),
(2447, 124),
(2449, 126),
(2449, 126),
(2450, 127),
(2452, 129),
(2453, 129),
(2453, 130),
(2455, 132),
(2455, 132),
(2456, 133),
(2458, 135),
(2458, 135),
(2459, 136),
(2461, 138),
(2462, 138),
(2462, 139),
(2464, 141),
(2465, 141),
(2465, 142),
(2467, 144),
(2467, 144),
(2468, 145),
(2470, 147),
(2470, 147),
(2471, 148),
(2473, 150),
(2473, 150),
(2474, 151),
(2476, 153),
(2476, 153),
(2477, 154),
(2479, 156),
(2479, 156),
(2480, 157),
(2482, 159),
(2482, 159),
(2483, 160),
(2485, 162),
(2485, 162),
(2486, 163),
(2488, 165),
(2488, 165),
(2489, 166),
(2491, 168),
(2491, 168),
(2492, 169),
(2494, 171),
(2494, 171),
(2495, 172),
(2497, 174),
(2497, 174),
(2498, 175),
(2500, 177),
(2500, 177),
(2501, 178),
(2503, 180),
(2503, 180),
(2504, 181),
(2506, 183),
(2506, 183),
(2507, 184),
(2509, 186),
(2509, 186),
(2510, 187),
(2512, 189),
(2513, 189),
(2513, 190),
(2515, 192),
(2515, 192),
(2516, 193),
(2517, 194),
(2519, 196),
(2519, 196),
(2520, 197),
(2522, 199),
(2522, 199),
(2523, 200),
(2525, 202),
(2525, 202),
(2526, 203),
(2528, 205),
(2528, 205),
(2529, 206),
(2531, 208),
(2531, 208),
(2533, 209),
(2534, 211),
(2534, 211),
(2535, 212),
(2537, 214),
(2537, 214),
(2538, 215),
(2540, 217),
(2540, 217),
(2541, 218),
(2543, 220),
(2543, 220),
(2544, 221),
(2546, 223),
(2546, 223),
(2547, 224),
(2549, 226),
(2549, 226),
(2551, 227),
(2552, 229),
(2552, 229),
(2554, 230),
(2555, 232),
(2555, 232),
(2556, 233),
(2558, 235),
(2558, 235),
(2559, 236),
(2561, 238),
(2561, 238),
(2562, 239),
(2564, 241),
(2564, 241),
(2565, 242),
(2567, 244),
(2567, 244),
(2568, 245),
(2570, 247),
(2570, 247),
(2571, 248),
(2573, 250),
(2573, 250),
(2574, 251),
(2576, 253),
(2576, 253),
(2577, 254),
(2579, 256),
(2579, 256),
(2580, 257),
(2582, 259),
(2582, 259),
(2583, 260),
(2585, 262),
(2585, 262),
(2586, 263),
(2588, 265),
(2588, 265),
(2589, 266),
(2591, 268),
(2591, 268),
(2592, 269),
(2594, 271),
(2594, 271),
(2595, 272),
(2596, 273),
(2598, 275),
(2598, 275),
(2599, 276),
(2601, 278),
(2601, 278),
(2602, 279),
(2604, 281),
(2604, 281),
(2605, 283),
(2607, 284),
(2607, 284),
(2609, 286),
(2610, 287),
(2610, 287),
(2612, 289),
(2613, 290),
(2613, 290),
(2615, 292),
(2616, 293),
(2616, 293),
(2619, 295),
(2619, 296),
(2619, 296),
(2621, 298),
(2622, 299),
(2622, 299),
(2624, 301),
(2625, 302),
(2625, 302),
(2627, 304),
(2628, 305),
(2628, 305),
(2630, 307),
(2631, 308),
(2631, 308),
(2632, 309),
(2633, 310),
(2634, 311),
(2635, 312),
(2636, 313),
(2637, 314),
(2638, 315),
(2639, 316),
(2640, 317),
(2641, 318),
(2642, 319),
(2643, 320),
(2644, 321),
(2645, 322),
(2652, 323),
(2653, 324),
(2654, 325),
(2655, 326),
(2667, 327),
(2668, 328),
(2669, 329),
(2670, 330),
(2671, 331),
(2672, 332),
(2673, 333),
(2674, 334),
(2675, 335),
(2676, 336),
(2677, 337),
(2678, 338),
(2679, 339),
(2680, 340),
(2681, 341);

-- --------------------------------------------------------

--
-- Table structure for table `users`
--

DROP TABLE IF EXISTS `users`;
CREATE TABLE IF NOT EXISTS `users` (
  `userid` varchar(30) NOT NULL,
  `first_name` varchar(20) NOT NULL,
  `last_name` varchar(30) NOT NULL,
  `phone_num` varchar(12) DEFAULT NULL,
  `mobile_phone_num` varchar(12) DEFAULT NULL,
  `email` varchar(45) NOT NULL,
  `department` varchar(11) DEFAULT NULL,
  `password` char(128) NOT NULL,
  `active` tinyint(1) NOT NULL DEFAULT '1',
  `maiden_name` varchar(128) NOT NULL,
  `dob` date DEFAULT '2000-01-01',
  PRIMARY KEY (`userid`)
) ENGINE=InnoDB DEFAULT CHARSET=latin1;

--
-- Dumping data for table `users`
--

INSERT INTO `users` (`userid`, `first_name`, `last_name`, `phone_num`, `mobile_phone_num`, `email`, `department`, `password`, `active`, `maiden_name`, `dob`) VALUES
('Ana', 'ana', 'lastname', '1234567890', '0987654321', 'ana@enablesupplies.com', 'office', '12345', 1, '', '2018-01-01'),
('Christoff', 'christoff', 'lastname', '1234567890', '0987654321', 'christoff@enablesupplies.com', 'engineering', '12345', 1, '', '2000-01-01'),
('Colin', 'colin', 'curran', '4832049', '0851084442', 'tycurranc@gmail.com', 'sales', 'ba3253876aed6bc22d4a6ff53d8406c6ad864195ed144ab5c87621b6c233b548baeae6956df346ec8c17f5ea10f35ee3cbc514797ed7ddd3145464e2a0bab413', 1, 'fake', '2000-01-01'),
('Dawn', 'dawn', 'coughlan', '0987654321', '1234567890', 'dawn@enablesupplies.com', 'office', '12345', 1, '', '2000-01-01'),
('fdsd', 'fake', 'fake', NULL, NULL, 'fake@gmail.com', NULL, 'aa66509891ad28030349ba9581e8c92528faab6a34349061a44b6f8fcd8d6877a67b05508983f12f8610302d1783401a07ec41c7e9ebd656de34ec60d84d9511', 1, 'w', '2018-01-17'),
('Ian', 'ian', 'murphy', '1234567890', '0987654321', 'ian@enablesupplies.com', 'engineering', '12345', 1, '', '2000-01-01'),
('John', 'john', 'egan', '0987654321', '1234567890', 'john@enablesupplies.com', 'sales', '12345', 1, '', '2000-01-01'),
('Maebh', 'maebh', 'mcgrath', '1234567890', '0987654321', 'maebh@enablesupplies.com', 'office', '12345', 1, '', '2000-01-01'),
('Marc', 'marc', 'egan', '0987654321', '1234567890', 'marc@enablesupplies.com', 'admin', '3627909a29c31381a071ec27f7c9ca97726182aed29a7ddd2e54353322cfb30abb9e3a6df2ac2c20fe23436311d678564d0c8d305930575f60e2d3d048184d79', 1, '', '2000-01-01'),
('Nikki', 'nikki', 'heaphy', '1234567890', '0987654321', 'nikki@enablesupplies.com', 'office', '12345', 1, '', '2000-01-01'),
('Rory', 'rory', 'lastname', '1234567890', '0987654321', 'rory@enablesupplies.com', 'engineering', '12345', 1, '', '2000-01-01'),
('Tony', 'tony', 'lastname', '1234567890', '0987654321', 'tony@enablesupplies.com', 'sales', '12345', 1, '', '2000-01-01'),
('Vincent', 'vincent', 'murphy', '1234567890', '0987654321', 'vincent@enablesupplies.com', 'sales', '12345', 1, '', '2000-01-01');

-- --------------------------------------------------------

--
-- Table structure for table `uses`
--

DROP TABLE IF EXISTS `uses`;
CREATE TABLE IF NOT EXISTS `uses` (
  `stockid` int(10) NOT NULL,
  `jobid` int(10) NOT NULL,
  KEY `stockid` (`stockid`),
  KEY `jobid` (`jobid`)
) ENGINE=InnoDB DEFAULT CHARSET=latin1;

--
-- Dumping data for table `uses`
--

INSERT INTO `uses` (`stockid`, `jobid`) VALUES
(141, 1),
(142, 2),
(145, 3),
(147, 4),
(152, 5),
(153, 6),
(157, 7),
(158, 8),
(163, 9),
(164, 10),
(165, 11),
(167, 12),
(174, 13),
(178, 14),
(180, 15),
(179, 16),
(192, 17),
(195, 18),
(220, 19),
(221, 20),
(229, 21),
(248, 22),
(249, 23),
(250, 24),
(251, 25),
(252, 26),
(256, 27),
(298, 28),
(340, 29),
(343, 30),
(345, 31),
(346, 32),
(347, 33),
(349, 34),
(552, 35),
(563, 36),
(573, 37),
(581, 38),
(619, 39),
(620, 40),
(622, 41),
(623, 42),
(624, 43),
(651, 44),
(655, 45),
(657, 46),
(658, 47),
(660, 48),
(661, 49),
(662, 50),
(670, 51),
(671, 52),
(678, 53),
(689, 54),
(694, 55),
(706, 56),
(707, 57),
(708, 58),
(709, 59),
(710, 60),
(711, 61),
(739, 62),
(740, 63),
(741, 64),
(742, 65),
(745, 66),
(746, 67),
(780, 68),
(781, 69),
(788, 70),
(795, 71),
(821, 72),
(826, 73),
(827, 74),
(828, 75),
(829, 76),
(835, 77),
(836, 78),
(838, 79),
(839, 80),
(840, 81),
(849, 82),
(850, 83),
(851, 84),
(852, 85),
(853, 86),
(863, 87),
(864, 88),
(868, 89),
(869, 90),
(870, 91),
(876, 92),
(877, 93),
(878, 94),
(904, 95),
(911, 96),
(919, 97),
(921, 98),
(971, 99),
(978, 100),
(979, 101),
(982, 102),
(983, 103),
(984, 104),
(987, 105),
(1001, 106),
(1008, 107),
(1011, 108),
(1043, 109),
(1075, 110),
(1076, 111),
(1081, 112),
(1082, 113),
(1083, 114),
(1085, 115),
(1086, 116),
(1087, 117),
(1088, 118),
(1092, 119),
(1093, 120),
(1094, 121),
(1095, 122),
(1096, 123),
(1106, 124),
(1107, 125),
(1114, 126),
(1123, 127),
(1124, 128),
(1125, 129),
(1127, 130),
(1128, 131),
(1129, 132),
(1130, 133),
(1132, 134),
(1135, 135),
(1136, 136),
(1137, 137),
(1146, 138),
(1155, 139),
(1154, 140),
(1238, 141),
(1239, 142),
(1240, 143),
(1246, 144),
(1256, 145),
(1258, 146),
(1260, 147),
(1261, 148),
(1263, 149),
(1262, 150),
(1268, 151),
(1269, 152),
(1277, 153),
(1289, 154),
(1292, 155),
(1294, 156),
(1301, 157),
(1306, 158),
(1319, 159),
(1320, 160),
(1322, 161),
(1323, 162),
(1321, 163),
(1389, 164),
(1522, 165),
(1524, 166),
(1529, 167),
(1531, 168),
(1534, 169),
(1535, 170),
(1543, 171),
(1556, 172),
(1558, 173),
(1569, 174),
(1570, 175),
(1572, 176),
(1573, 177),
(1574, 178),
(1577, 179),
(1584, 180),
(1585, 181),
(1586, 182),
(1635, 183),
(1639, 184),
(1646, 185),
(1668, 186),
(1669, 187),
(1672, 188),
(1675, 189),
(1677, 190),
(1679, 191),
(1680, 192),
(1681, 193),
(1692, 194),
(1694, 195),
(1696, 196),
(1704, 197),
(1705, 198),
(1706, 199),
(1707, 200),
(1709, 201),
(1710, 202),
(1711, 203),
(1712, 204),
(1715, 205),
(1720, 206),
(1721, 207),
(1723, 208),
(1731, 209),
(1767, 210),
(1768, 211),
(1769, 212),
(1770, 213),
(1771, 214),
(1789, 215),
(1792, 216),
(1793, 217),
(1794, 218),
(1805, 219),
(1808, 220),
(1809, 221),
(1810, 222),
(1813, 223),
(1829, 224),
(1830, 225),
(1831, 226),
(1837, 227),
(1832, 228),
(1833, 229),
(1834, 230),
(1835, 231),
(1836, 232),
(1838, 233),
(1839, 234),
(1841, 235),
(1842, 236),
(1845, 237),
(1848, 238),
(1851, 239),
(1857, 240),
(1859, 241),
(1881, 242),
(1882, 243),
(1883, 244),
(1889, 245),
(1925, 246),
(1929, 247),
(1934, 248),
(1935, 249),
(1936, 250),
(1937, 251),
(1938, 252),
(1939, 253),
(1940, 254),
(1946, 255),
(1947, 256),
(1948, 257),
(1949, 258),
(1950, 259),
(1951, 260),
(1952, 261),
(2028, 262),
(2029, 263),
(2030, 264),
(2031, 265),
(2045, 266),
(2046, 267),
(2048, 268),
(2054, 269),
(2055, 270),
(2056, 271),
(2063, 272),
(2070, 273),
(2100, 274),
(2101, 275),
(2106, 276),
(2110, 277),
(2113, 278),
(2114, 279),
(2123, 280),
(2124, 281),
(1924, 282),
(143, 283),
(1880, 284),
(1693, 285),
(2159, 286),
(1120, 287),
(1376, 288),
(1380, 289),
(1381, 290),
(1382, 291),
(1383, 292),
(1385, 293),
(1386, 294),
(1375, 295),
(830, 296),
(1278, 297),
(548, 298),
(625, 299),
(912, 300),
(913, 301),
(914, 302),
(915, 303),
(1542, 304),
(1541, 305),
(549, 306),
(257, 307),
(258, 308),
(243, 309),
(1006, 310),
(465, 311),
(466, 312),
(459, 313),
(366, 314),
(365, 315),
(512, 316),
(488, 317),
(511, 318),
(487, 319),
(510, 320),
(478, 321),
(501, 322),
(477, 323),
(500, 324),
(476, 325),
(499, 326),
(475, 327),
(498, 328),
(474, 329),
(497, 330),
(473, 331),
(496, 332),
(472, 333),
(495, 334),
(471, 335),
(494, 336),
(470, 337),
(493, 338),
(469, 339),
(492, 340),
(486, 341),
(509, 342),
(468, 343),
(491, 344),
(467, 345),
(490, 346),
(489, 347),
(485, 348),
(508, 349),
(484, 350),
(507, 351),
(483, 352),
(506, 353),
(482, 354),
(505, 355),
(481, 356),
(504, 357),
(480, 358),
(503, 359),
(479, 360),
(502, 361),
(2288, 362),
(2280, 363),
(588, 364),
(607, 365),
(608, 366),
(610, 367),
(612, 368),
(611, 369),
(593, 370),
(605, 371),
(609, 372),
(606, 373),
(599, 374),
(595, 375),
(613, 376),
(592, 377),
(596, 378),
(591, 379),
(601, 380),
(602, 381),
(604, 382),
(603, 383),
(597, 384),
(589, 385),
(598, 386),
(594, 387),
(600, 388),
(590, 389),
(614, 390),
(615, 391),
(616, 392),
(617, 393),
(2108, 394),
(2107, 395),
(1811, 396),
(1812, 397),
(1566, 398),
(1567, 399),
(1568, 400),
(874, 401),
(1926, 402),
(1927, 403),
(1102, 404),
(1101, 405),
(1255, 406),
(980, 407),
(254, 408),
(255, 409),
(253, 410),
(230, 411),
(231, 412),
(233, 413),
(234, 414),
(235, 415),
(236, 416),
(237, 417),
(240, 418),
(232, 419),
(353, 420),
(144, 421),
(920, 422),
(653, 423),
(654, 424),
(1303, 425),
(1304, 426),
(565, 427),
(566, 428),
(582, 429),
(720, 430),
(730, 431),
(728, 432),
(729, 433),
(943, 434),
(580, 435),
(748, 436),
(749, 437),
(751, 438),
(1387, 439),
(854, 440),
(855, 441),
(856, 442),
(857, 443),
(968, 444),
(969, 445),
(970, 446),
(1691, 447),
(1530, 448),
(713, 449),
(1548, 450),
(1546, 451),
(1547, 452),
(1549, 453),
(1545, 454),
(1550, 455),
(1727, 456),
(1730, 457),
(714, 458),
(727, 459),
(731, 460),
(737, 461),
(715, 462),
(716, 463),
(1390, 464),
(925, 465),
(1552, 466),
(1553, 467),
(1554, 468),
(1551, 469),
(1738, 470),
(1734, 471),
(1736, 472),
(1735, 473),
(1737, 474),
(1305, 475),
(693, 476),
(2281, 477),
(2282, 478),
(1814, 479),
(936, 480),
(938, 481),
(939, 482),
(940, 483),
(941, 484),
(944, 485),
(948, 486),
(949, 487),
(937, 488),
(942, 489),
(933, 490),
(947, 491),
(950, 492),
(951, 493),
(952, 494),
(954, 495),
(955, 496),
(957, 497),
(960, 498),
(962, 499),
(963, 500),
(964, 501),
(965, 502),
(966, 503),
(967, 504),
(953, 505),
(958, 506),
(956, 507),
(961, 508),
(959, 509),
(717, 510),
(718, 511),
(719, 512),
(726, 513),
(721, 514),
(722, 515),
(732, 516),
(733, 517),
(735, 518),
(738, 519),
(1115, 520),
(1722, 521),
(945, 522),
(866, 523),
(627, 524),
(628, 525),
(734, 526),
(579, 527),
(817, 528),
(934, 529),
(935, 530),
(946, 531),
(1719, 532),
(1728, 533),
(1729, 534),
(736, 535),
(676, 536),
(677, 537),
(244, 538),
(723, 539),
(725, 540),
(724, 541),
(668, 542),
(669, 543),
(750, 544),
(1145, 545),
(554, 546),
(555, 547),
(553, 548),
(562, 549),
(1928, 550),
(1073, 551),
(1074, 552),
(796, 553),
(350, 554),
(656, 555),
(1702, 556),
(1703, 557),
(867, 558),
(1384, 559),
(1152, 560),
(1153, 561),
(972, 562),
(1267, 563),
(629, 564),
(630, 565),
(631, 566),
(632, 567),
(633, 568),
(634, 569),
(635, 570),
(636, 571),
(637, 572),
(638, 573),
(639, 574),
(640, 575),
(641, 576),
(642, 577),
(643, 578),
(644, 579),
(645, 580),
(646, 581),
(647, 582),
(648, 583),
(988, 584),
(989, 585),
(995, 586),
(994, 587),
(998, 588),
(996, 589),
(997, 590),
(993, 591),
(1000, 592),
(999, 593),
(1144, 594),
(1406, 595),
(675, 596),
(193, 597),
(560, 598),
(561, 599),
(1005, 600),
(1143, 601),
(1557, 602),
(1954, 603),
(704, 604),
(137, 605),
(138, 606),
(139, 607),
(140, 608),
(116, 609),
(115, 610),
(119, 611),
(114, 612),
(82, 613),
(132, 614),
(131, 615),
(130, 616),
(129, 617),
(128, 618),
(127, 619),
(126, 620),
(125, 621),
(124, 622),
(123, 623),
(122, 624),
(121, 625),
(112, 626),
(120, 627),
(118, 628),
(117, 629),
(51, 630),
(136, 631),
(135, 632),
(133, 633),
(134, 634),
(73, 635),
(92, 636),
(91, 637),
(90, 638),
(89, 639),
(88, 640),
(87, 641),
(86, 642),
(85, 643),
(84, 644),
(83, 645),
(81, 646),
(80, 647),
(79, 648),
(78, 649),
(77, 650),
(76, 651),
(75, 652),
(74, 653),
(94, 654),
(93, 655),
(66, 656),
(65, 657),
(64, 658),
(63, 659),
(62, 660),
(61, 661),
(60, 662),
(59, 663),
(58, 664),
(57, 665),
(56, 666),
(55, 667),
(54, 668),
(72, 669),
(53, 670),
(52, 671),
(70, 672),
(71, 673),
(69, 674),
(67, 675),
(68, 676),
(113, 677),
(111, 678),
(110, 679),
(109, 680),
(108, 681),
(107, 682),
(106, 683),
(105, 684),
(104, 685),
(103, 686),
(101, 687),
(100, 688),
(99, 689),
(98, 690),
(96, 691),
(95, 692),
(102, 693),
(97, 694),
(806, 695),
(807, 696),
(809, 697),
(808, 698),
(803, 699),
(804, 700),
(1647, 701),
(1650, 702),
(1648, 703),
(1649, 704),
(1661, 705),
(1666, 706),
(1655, 707),
(1656, 708),
(1657, 709),
(1658, 710),
(1659, 711),
(1660, 712),
(1665, 713),
(1664, 714),
(1654, 715),
(1651, 716),
(1652, 717),
(1653, 718),
(1663, 719),
(1662, 720),
(2302, 721),
(1953, 722),
(1149, 723),
(679, 724),
(1821, 725),
(785, 726),
(712, 727),
(2032, 728),
(1559, 729),
(1560, 730),
(1561, 731),
(1536, 732),
(1537, 733),
(1562, 734),
(1563, 735),
(1271, 736),
(1138, 737),
(1156, 738),
(1520, 739),
(1521, 740),
(223, 741),
(224, 742),
(225, 743),
(905, 744),
(906, 745),
(907, 746),
(908, 747),
(1700, 748),
(626, 749),
(1960, 750),
(1772, 751),
(2093, 752),
(148, 753),
(149, 754),
(150, 755),
(151, 756),
(354, 757),
(1774, 758),
(1777, 759),
(1779, 760),
(1780, 761),
(1781, 762),
(1782, 763),
(1783, 764),
(1773, 765),
(1778, 766),
(1775, 767),
(1776, 768),
(1786, 769),
(1784, 770),
(1787, 771),
(1788, 772),
(1785, 773),
(2064, 774),
(2092, 775),
(2094, 776),
(2095, 777),
(1943, 778),
(1241, 779),
(1242, 780),
(774, 781),
(775, 782),
(776, 783),
(777, 784),
(778, 785),
(779, 786),
(2169, 787),
(801, 788),
(1291, 789),
(1293, 790),
(786, 791),
(782, 792),
(783, 793),
(784, 794),
(841, 795),
(2065, 796),
(2066, 797),
(228, 798),
(1564, 799),
(1565, 800),
(1868, 801),
(2312, 802),
(1392, 803),
(1393, 804),
(2033, 805),
(2034, 806),
(2035, 807),
(2036, 808),
(2037, 809),
(1933, 810),
(1002, 811),
(1003, 812),
(1004, 813),
(652, 814),
(1410, 815),
(1411, 816),
(1412, 817),
(1413, 818),
(1414, 819),
(1415, 820),
(1416, 821),
(1417, 822),
(1419, 823),
(1420, 824),
(1421, 825),
(1422, 826),
(1423, 827),
(1424, 828),
(1418, 829),
(985, 830),
(986, 831),
(194, 832),
(831, 833),
(1103, 834),
(898, 835),
(899, 836),
(900, 837),
(901, 838),
(902, 839),
(162, 840),
(159, 841),
(160, 842),
(161, 843),
(909, 844),
(1288, 845),
(621, 846),
(1971, 847),
(1972, 848),
(1973, 849),
(917, 850),
(918, 851),
(916, 852),
(1870, 853),
(897, 854),
(1010, 855),
(894, 856),
(2134, 857),
(2135, 858),
(2136, 859),
(2137, 860),
(2138, 861),
(2139, 862),
(2140, 863),
(2141, 864),
(2142, 865),
(2143, 866),
(2144, 867),
(2145, 868),
(2146, 869),
(2147, 870),
(2148, 871),
(2149, 872),
(2150, 873),
(2151, 874),
(2152, 875),
(2322, 876),
(2323, 877),
(820, 878),
(825, 879),
(705, 880),
(1871, 881),
(1266, 882),
(1890, 883),
(1131, 884),
(1876, 885),
(1877, 886),
(1878, 887),
(1285, 888),
(1844, 889),
(1391, 890),
(865, 891),
(1286, 892),
(1274, 893),
(896, 894),
(1849, 895),
(1850, 896),
(1843, 897),
(1528, 898),
(1984, 899),
(1989, 900),
(1987, 901),
(1990, 902),
(1988, 903),
(1983, 904),
(1986, 905),
(1985, 906),
(1982, 907),
(2008, 908),
(1995, 909),
(2021, 910),
(2010, 911),
(2012, 912),
(2013, 913),
(1992, 914),
(1993, 915),
(1991, 916),
(1994, 917),
(2009, 918),
(2011, 919),
(2014, 920),
(2015, 921),
(2016, 922),
(2017, 923),
(2018, 924),
(2019, 925),
(2020, 926),
(2022, 927),
(2023, 928),
(2024, 929),
(2025, 930),
(2026, 931),
(2027, 932),
(1996, 933),
(1997, 934),
(1998, 935),
(1999, 936),
(2000, 937),
(2001, 938),
(2002, 939),
(2003, 940),
(2004, 941),
(2005, 942),
(2006, 943),
(2007, 944),
(1148, 945),
(650, 946),
(1009, 947),
(2069, 948),
(1790, 949),
(1791, 950),
(227, 951),
(2104, 952),
(2105, 953),
(48, 954),
(226, 955),
(2102, 956),
(45, 957),
(46, 958),
(41, 959),
(2, 960),
(3, 961),
(4, 962),
(5, 963),
(6, 964),
(7, 965),
(8, 966),
(9, 967),
(10, 968),
(11, 969),
(12, 970),
(13, 971),
(14, 972),
(15, 973),
(16, 974),
(17, 975),
(18, 976),
(43, 977),
(1, 978),
(40, 979),
(44, 980),
(22, 981),
(23, 982),
(24, 983),
(25, 984),
(26, 985),
(29, 986),
(30, 987),
(33, 988),
(34, 989),
(36, 990),
(37, 991),
(38, 992),
(35, 993),
(32, 994),
(31, 995),
(27, 996),
(21, 997),
(20, 998),
(19, 999),
(28, 1000),
(42, 1001),
(39, 1002),
(2161, 1003),
(1018, 1004),
(1576, 1005),
(1084, 1006),
(47, 1007),
(871, 1008),
(872, 1009),
(242, 1010),
(1158, 1011),
(1159, 1012),
(1160, 1013),
(1161, 1014),
(1162, 1015),
(1163, 1016),
(1164, 1017),
(1165, 1018),
(818, 1019),
(1078, 1020),
(926, 1021),
(927, 1022),
(928, 1023),
(929, 1024),
(930, 1025),
(1300, 1026),
(1296, 1027),
(1298, 1028),
(1297, 1029),
(1295, 1030),
(1299, 1031),
(1363, 1032),
(1372, 1033),
(1326, 1034),
(1368, 1035),
(1371, 1036),
(1360, 1037),
(1365, 1038),
(1332, 1039),
(1359, 1040),
(1370, 1041),
(1369, 1042),
(1346, 1043),
(1366, 1044),
(1334, 1045),
(1327, 1046),
(1355, 1047),
(1350, 1048),
(1345, 1049),
(1348, 1050),
(1330, 1051),
(1351, 1052),
(1373, 1053),
(1361, 1054),
(1352, 1055),
(1341, 1056),
(1337, 1057),
(1329, 1058),
(1340, 1059),
(1362, 1060),
(1335, 1061),
(1347, 1062),
(1358, 1063),
(1336, 1064),
(1343, 1065),
(1324, 1066),
(1367, 1067),
(1333, 1068),
(1342, 1069),
(1356, 1070),
(1349, 1071),
(1338, 1072),
(1344, 1073),
(1354, 1074),
(1331, 1075),
(1339, 1076),
(1328, 1077),
(1325, 1078),
(1364, 1079),
(1357, 1080),
(1353, 1081),
(1591, 1082),
(1133, 1083),
(1134, 1084),
(173, 1085),
(1012, 1086),
(910, 1087),
(1111, 1088),
(1112, 1089),
(1113, 1090),
(1151, 1091),
(348, 1092),
(1758, 1093),
(1763, 1094),
(1764, 1095),
(1766, 1096),
(1762, 1097),
(1761, 1098),
(1765, 1099),
(1757, 1100),
(1759, 1101),
(1760, 1102),
(1104, 1103),
(1105, 1104),
(1282, 1105),
(1283, 1106),
(1273, 1107),
(246, 1108),
(247, 1109),
(177, 1110),
(259, 1111),
(260, 1112),
(261, 1113),
(1944, 1114),
(1945, 1115),
(360, 1116),
(1264, 1117),
(1265, 1118),
(355, 1119),
(351, 1120),
(352, 1121),
(175, 1122),
(176, 1123),
(1126, 1124),
(1555, 1125),
(690, 1126),
(691, 1127),
(460, 1128),
(383, 1129),
(425, 1130),
(438, 1131),
(397, 1132),
(443, 1133),
(428, 1134),
(432, 1135),
(440, 1136),
(403, 1137),
(399, 1138),
(448, 1139),
(449, 1140),
(430, 1141),
(421, 1142),
(414, 1143),
(407, 1144),
(380, 1145),
(401, 1146),
(400, 1147),
(431, 1148),
(370, 1149),
(456, 1150),
(415, 1151),
(461, 1152),
(398, 1153),
(412, 1154),
(404, 1155),
(405, 1156),
(452, 1157),
(385, 1158),
(420, 1159),
(402, 1160),
(413, 1161),
(436, 1162),
(419, 1163),
(450, 1164),
(378, 1165),
(369, 1166),
(409, 1167),
(422, 1168),
(372, 1169),
(416, 1170),
(433, 1171),
(382, 1172),
(367, 1173),
(391, 1174),
(439, 1175),
(463, 1176),
(388, 1177),
(457, 1178),
(395, 1179),
(418, 1180),
(371, 1181),
(368, 1182),
(423, 1183),
(437, 1184),
(384, 1185),
(427, 1186),
(376, 1187),
(374, 1188),
(454, 1189),
(381, 1190),
(444, 1191),
(411, 1192),
(451, 1193),
(406, 1194),
(435, 1195),
(458, 1196),
(455, 1197),
(373, 1198),
(394, 1199),
(462, 1200),
(464, 1201),
(390, 1202),
(393, 1203),
(447, 1204),
(392, 1205),
(445, 1206),
(408, 1207),
(389, 1208),
(375, 1209),
(426, 1210),
(453, 1211),
(441, 1212),
(379, 1213),
(386, 1214),
(434, 1215),
(417, 1216),
(396, 1217),
(446, 1218),
(377, 1219),
(424, 1220),
(387, 1221),
(429, 1222),
(442, 1223),
(410, 1224),
(361, 1225),
(362, 1226),
(363, 1227),
(364, 1228),
(1047, 1229),
(674, 1230),
(513, 1231),
(514, 1232),
(515, 1233),
(519, 1234),
(521, 1235),
(516, 1236),
(517, 1237),
(520, 1238),
(518, 1239),
(981, 1240),
(744, 1241),
(1745, 1242),
(1751, 1243),
(1747, 1244),
(1752, 1245),
(1746, 1246),
(1756, 1247),
(1750, 1248),
(1753, 1249),
(1748, 1250),
(1749, 1251),
(1755, 1252),
(1754, 1253),
(618, 1254),
(2097, 1255),
(1806, 1256),
(2103, 1257),
(154, 1258),
(155, 1259),
(156, 1260),
(359, 1261),
(357, 1262),
(358, 1263),
(356, 1264),
(1117, 1265),
(1116, 1266),
(2126, 1267),
(1532, 1268),
(1533, 1269),
(2073, 1270),
(2075, 1271),
(2082, 1272),
(2084, 1273),
(2085, 1274),
(2083, 1275),
(2086, 1276),
(2074, 1277),
(2077, 1278),
(2076, 1279),
(2081, 1280),
(789, 1281),
(790, 1282),
(1817, 1283),
(1818, 1284),
(1819, 1285),
(1820, 1286),
(1866, 1287),
(1867, 1288),
(1816, 1289),
(1815, 1290),
(797, 1291),
(798, 1292),
(799, 1293),
(800, 1294),
(791, 1295),
(903, 1296),
(931, 1297),
(1980, 1298),
(1981, 1299),
(575, 1300),
(576, 1301),
(551, 1302),
(1930, 1303),
(1931, 1304),
(1932, 1305),
(1644, 1306),
(1645, 1307),
(990, 1308),
(991, 1309),
(773, 1310),
(766, 1311),
(768, 1312),
(754, 1313),
(761, 1314),
(752, 1315),
(765, 1316),
(755, 1317),
(767, 1318),
(760, 1319),
(764, 1320),
(770, 1321),
(757, 1322),
(756, 1323),
(753, 1324),
(769, 1325),
(758, 1326),
(763, 1327),
(772, 1328),
(771, 1329),
(759, 1330),
(762, 1331),
(1065, 1332),
(1070, 1333),
(1069, 1334),
(1062, 1335),
(1064, 1336),
(1061, 1337),
(1048, 1338),
(1063, 1339),
(1058, 1340),
(1071, 1341),
(1051, 1342),
(1057, 1343),
(1056, 1344),
(1059, 1345),
(1054, 1346),
(1049, 1347),
(1052, 1348),
(1055, 1349),
(1060, 1350),
(1072, 1351),
(1066, 1352),
(1067, 1353),
(1050, 1354),
(1068, 1355),
(1053, 1356),
(1686, 1357),
(687, 1358),
(688, 1359),
(522, 1360),
(523, 1361),
(527, 1362),
(530, 1363),
(534, 1364),
(537, 1365),
(538, 1366),
(524, 1367),
(526, 1368),
(528, 1369),
(533, 1370),
(535, 1371),
(536, 1372),
(539, 1373),
(545, 1374),
(525, 1375),
(542, 1376),
(529, 1377),
(531, 1378),
(541, 1379),
(540, 1380),
(547, 1381),
(544, 1382),
(532, 1383),
(543, 1384),
(546, 1385),
(1796, 1386),
(1797, 1387),
(1798, 1388),
(1799, 1389),
(1800, 1390),
(1852, 1391),
(1853, 1392),
(1854, 1393),
(1855, 1394),
(1856, 1395),
(2318, 1396),
(1724, 1397),
(1725, 1398),
(1726, 1399),
(1640, 1400),
(1641, 1401),
(1642, 1402),
(1643, 1403),
(586, 1404),
(587, 1405),
(692, 1406),
(802, 1407),
(680, 1408),
(683, 1409),
(682, 1410),
(681, 1411),
(1575, 1412),
(1840, 1413),
(1157, 1414),
(2304, 1415),
(2309, 1416),
(2306, 1417),
(2305, 1418),
(2308, 1419),
(2307, 1420),
(1667, 1421),
(663, 1422),
(664, 1423),
(665, 1424),
(666, 1425),
(667, 1426),
(559, 1427),
(1634, 1428),
(181, 1429),
(1394, 1430),
(1395, 1431),
(1396, 1432),
(1397, 1433),
(1398, 1434),
(1399, 1435),
(1400, 1436),
(1401, 1437),
(1402, 1438),
(1403, 1439),
(1404, 1440),
(1405, 1441),
(218, 1442),
(219, 1443),
(1254, 1444),
(2129, 1445),
(2130, 1446),
(2132, 1447),
(2127, 1448),
(2128, 1449),
(2133, 1450),
(2131, 1451),
(792, 1452),
(793, 1453),
(794, 1454),
(1879, 1455),
(1109, 1456),
(1110, 1457),
(844, 1458),
(845, 1459),
(842, 1460),
(843, 1461),
(846, 1462),
(1118, 1463),
(1119, 1464),
(684, 1465),
(685, 1466),
(992, 1467),
(659, 1468),
(1670, 1469),
(1671, 1470),
(1687, 1471),
(1091, 1472),
(2290, 1473),
(1097, 1474),
(299, 1475),
(2057, 1476),
(2058, 1477),
(2059, 1478),
(2060, 1479),
(2061, 1480),
(2062, 1481),
(2310, 1482),
(333, 1483),
(301, 1484),
(315, 1485),
(303, 1486),
(304, 1487),
(313, 1488),
(308, 1489),
(324, 1490),
(329, 1491),
(339, 1492),
(334, 1493),
(335, 1494),
(305, 1495),
(331, 1496),
(321, 1497),
(325, 1498),
(332, 1499),
(320, 1500),
(311, 1501),
(337, 1502),
(302, 1503),
(307, 1504),
(319, 1505),
(309, 1506),
(317, 1507),
(338, 1508),
(326, 1509),
(312, 1510),
(330, 1511),
(322, 1512),
(316, 1513),
(336, 1514),
(328, 1515),
(306, 1516),
(327, 1517),
(314, 1518),
(318, 1519),
(323, 1520),
(310, 1521),
(1079, 1522),
(2078, 1523),
(2080, 1524),
(2079, 1525),
(2096, 1526),
(1872, 1527),
(1701, 1528),
(1636, 1529),
(1637, 1530),
(1638, 1531),
(1977, 1532),
(1978, 1533),
(1098, 1534),
(1099, 1535),
(1100, 1536),
(2320, 1537),
(2321, 1538),
(1858, 1539),
(556, 1540),
(557, 1541),
(558, 1542),
(822, 1543),
(823, 1544),
(824, 1545),
(1044, 1546),
(1045, 1547),
(2087, 1548),
(568, 1549),
(567, 1550),
(787, 1551),
(686, 1552),
(1860, 1553),
(1864, 1554),
(564, 1555),
(1699, 1556),
(1697, 1557),
(1698, 1558),
(1713, 1559),
(1714, 1560),
(191, 1561),
(833, 1562),
(834, 1563),
(1139, 1564),
(1140, 1565),
(1695, 1566),
(569, 1567),
(570, 1568),
(571, 1569),
(572, 1570),
(1544, 1571),
(975, 1572),
(976, 1573),
(1308, 1574),
(1962, 1575),
(1963, 1576),
(1964, 1577),
(1965, 1578),
(1966, 1579),
(1967, 1580),
(1968, 1581),
(1969, 1582),
(1970, 1583),
(1961, 1584),
(583, 1585),
(584, 1586),
(585, 1587),
(2049, 1588),
(2050, 1589),
(2051, 1590),
(2052, 1591),
(2053, 1592),
(1974, 1593),
(2279, 1594),
(1287, 1595),
(2111, 1596),
(2112, 1597),
(1795, 1598),
(837, 1599),
(2218, 1600),
(2219, 1601),
(2220, 1602),
(2221, 1603),
(2222, 1604),
(168, 1605),
(1279, 1606),
(1280, 1607),
(1281, 1608),
(1046, 1609),
(2067, 1610),
(1955, 1611),
(1956, 1612),
(1957, 1613),
(1958, 1614),
(1959, 1615),
(1869, 1616),
(2158, 1617),
(2162, 1618),
(2168, 1619),
(1007, 1620),
(344, 1621),
(1941, 1622),
(1942, 1623),
(1150, 1624),
(2286, 1625),
(2297, 1626),
(1244, 1627),
(1247, 1628),
(1248, 1629),
(1249, 1630),
(1250, 1631),
(1251, 1632),
(1252, 1633),
(1243, 1634),
(1245, 1635),
(1807, 1636),
(2068, 1637),
(2315, 1638),
(1108, 1639),
(1388, 1640),
(2277, 1641),
(2098, 1642),
(2099, 1643),
(1865, 1644),
(1275, 1645),
(1276, 1646),
(1015, 1647),
(1013, 1648),
(1014, 1649),
(1016, 1650),
(1017, 1651),
(1678, 1652),
(1425, 1653),
(1080, 1654),
(2300, 1655),
(2301, 1656),
(1407, 1657),
(1408, 1658),
(1409, 1659),
(2088, 1660),
(2089, 1661),
(2090, 1662),
(1732, 1663),
(1733, 1664),
(1822, 1665),
(1823, 1666),
(2115, 1667),
(2116, 1668),
(2117, 1669),
(2118, 1670),
(2119, 1671),
(2120, 1672),
(2121, 1673),
(2122, 1674),
(1307, 1675),
(550, 1676),
(699, 1677),
(700, 1678),
(696, 1679),
(697, 1680),
(698, 1681),
(701, 1682),
(702, 1683),
(703, 1684),
(1525, 1685),
(1526, 1686),
(1527, 1687),
(300, 1688),
(574, 1689),
(341, 1690),
(342, 1691),
(1708, 1692),
(1739, 1693),
(1740, 1694),
(1741, 1695),
(1742, 1696),
(1743, 1697),
(2205, 1698),
(2211, 1699),
(2226, 1700),
(2238, 1701),
(2239, 1702),
(2223, 1703),
(2240, 1704),
(2227, 1705),
(2185, 1706),
(2241, 1707),
(2186, 1708),
(2232, 1709),
(2187, 1710),
(2184, 1711),
(2207, 1712),
(2178, 1713),
(2224, 1714),
(2242, 1715),
(2175, 1716),
(2225, 1717),
(2235, 1718),
(2180, 1719),
(2234, 1720),
(2236, 1721),
(2206, 1722),
(2216, 1723),
(2228, 1724),
(2179, 1725),
(2213, 1726),
(2173, 1727),
(2215, 1728),
(2233, 1729),
(2182, 1730),
(2212, 1731),
(2244, 1732),
(2174, 1733),
(2214, 1734),
(2230, 1735),
(2181, 1736),
(2204, 1737),
(2243, 1738),
(2176, 1739),
(2231, 1740),
(2237, 1741),
(2183, 1742),
(2208, 1743),
(2229, 1744),
(2177, 1745),
(2209, 1746),
(2210, 1747),
(2245, 1748),
(2217, 1749),
(1426, 1750),
(1430, 1751),
(1493, 1752),
(1494, 1753),
(1495, 1754),
(1496, 1755),
(1498, 1756),
(1499, 1757),
(1502, 1758),
(1503, 1759),
(1504, 1760),
(1505, 1761),
(1506, 1762),
(1507, 1763),
(1509, 1764),
(1510, 1765),
(1516, 1766),
(1519, 1767),
(1484, 1768),
(1483, 1769),
(1477, 1770),
(1487, 1771),
(1488, 1772),
(1489, 1773),
(1490, 1774),
(1491, 1775),
(1492, 1776),
(1497, 1777),
(1500, 1778),
(1501, 1779),
(1508, 1780),
(1511, 1781),
(1512, 1782),
(1513, 1783),
(1514, 1784),
(1515, 1785),
(1517, 1786),
(1479, 1787),
(1478, 1788),
(1481, 1789),
(1486, 1790),
(1482, 1791),
(1518, 1792),
(1480, 1793),
(1456, 1794),
(1460, 1795),
(1461, 1796),
(1462, 1797),
(1463, 1798),
(1445, 1799),
(1446, 1800),
(1447, 1801),
(1457, 1802),
(1459, 1803),
(1475, 1804),
(1476, 1805),
(1458, 1806),
(1439, 1807),
(1464, 1808),
(1466, 1809),
(1468, 1810),
(1469, 1811),
(1474, 1812),
(1440, 1813),
(1441, 1814),
(1442, 1815),
(1443, 1816),
(1465, 1817),
(1467, 1818),
(1432, 1819),
(1435, 1820),
(1436, 1821),
(1437, 1822),
(1438, 1823),
(1472, 1824),
(1427, 1825),
(1429, 1826),
(1434, 1827),
(1470, 1828),
(1471, 1829),
(1473, 1830),
(1428, 1831),
(1431, 1832),
(1433, 1833),
(1448, 1834),
(1451, 1835),
(1452, 1836),
(1444, 1837),
(1449, 1838),
(1450, 1839),
(1453, 1840),
(1454, 1841),
(1455, 1842),
(1485, 1843),
(805, 1844),
(816, 1845),
(1302, 1846),
(2291, 1847),
(2156, 1848),
(924, 1849),
(1861, 1850),
(1253, 1851),
(1523, 1852),
(1374, 1853),
(1379, 1854),
(1377, 1855),
(1378, 1856),
(1863, 1857),
(183, 1858),
(186, 1859),
(238, 1860),
(190, 1861),
(188, 1862),
(185, 1863),
(189, 1864),
(184, 1865),
(239, 1866),
(187, 1867),
(1312, 1868),
(1313, 1869),
(1316, 1870),
(1317, 1871),
(1318, 1872),
(1309, 1873),
(1310, 1874),
(1314, 1875),
(1315, 1876),
(1311, 1877),
(2153, 1878),
(2160, 1879),
(2292, 1880),
(2251, 1881),
(2256, 1882),
(2246, 1883),
(2257, 1884),
(2254, 1885),
(2258, 1886),
(2252, 1887),
(2249, 1888),
(2248, 1889),
(2255, 1890),
(2250, 1891),
(2247, 1892),
(2253, 1893),
(2262, 1894),
(2188, 1895),
(2190, 1896),
(2191, 1897),
(2192, 1898),
(2193, 1899),
(2195, 1900),
(2197, 1901),
(2199, 1902),
(2203, 1903),
(2303, 1904),
(2265, 1905),
(2259, 1906),
(2261, 1907),
(2271, 1908),
(2270, 1909),
(2269, 1910),
(2268, 1911),
(2267, 1912),
(2264, 1913),
(2260, 1914),
(2266, 1915),
(2263, 1916),
(2273, 1917),
(2189, 1918),
(2194, 1919),
(2196, 1920),
(2198, 1921),
(2200, 1922),
(2201, 1923),
(2202, 1924),
(2272, 1925),
(810, 1926),
(811, 1927),
(812, 1928),
(813, 1929),
(1169, 1930),
(1168, 1931),
(1167, 1932),
(1197, 1933),
(1219, 1934),
(1226, 1935),
(1227, 1936),
(1224, 1937),
(1225, 1938),
(1232, 1939),
(1234, 1940),
(1236, 1941),
(1213, 1942),
(1215, 1943),
(1214, 1944),
(1170, 1945),
(1171, 1946),
(1172, 1947),
(1173, 1948),
(1174, 1949),
(1175, 1950),
(1212, 1951),
(1216, 1952),
(1217, 1953),
(1237, 1954),
(1220, 1955),
(1221, 1956),
(1235, 1957),
(1223, 1958),
(1233, 1959),
(1222, 1960),
(1218, 1961),
(1190, 1962),
(1182, 1963),
(1183, 1964),
(1184, 1965),
(1185, 1966),
(1186, 1967),
(1187, 1968),
(1188, 1969),
(1189, 1970),
(1198, 1971),
(1194, 1972),
(1195, 1973),
(1196, 1974),
(1178, 1975),
(1191, 1976),
(1192, 1977),
(1193, 1978),
(1205, 1979),
(1179, 1980),
(1201, 1981),
(1202, 1982),
(1203, 1983),
(1204, 1984),
(1199, 1985),
(1200, 1986),
(1177, 1987),
(1211, 1988),
(1206, 1989),
(1180, 1990),
(1207, 1991),
(1208, 1992),
(1209, 1993),
(1210, 1994),
(1176, 1995),
(1181, 1996),
(1228, 1997),
(1229, 1998),
(1230, 1999),
(1231, 2000),
(1683, 2001),
(1684, 2002),
(1685, 2003),
(1682, 2004),
(2276, 2005),
(2154, 2006),
(2274, 2007),
(2155, 2008),
(2275, 2009),
(2294, 2010),
(2170, 2011),
(2171, 2012),
(973, 2013),
(974, 2014),
(814, 2015),
(815, 2016),
(1600, 2017),
(1625, 2018),
(1628, 2019),
(1629, 2020),
(1630, 2021),
(1609, 2022),
(1610, 2023),
(1593, 2024),
(1592, 2025),
(1594, 2026),
(1595, 2027),
(1597, 2028),
(1612, 2029),
(1613, 2030),
(1611, 2031),
(1607, 2032),
(1608, 2033),
(1606, 2034),
(1605, 2035),
(1604, 2036),
(1627, 2037),
(1632, 2038),
(1633, 2039),
(1615, 2040),
(1620, 2041),
(1617, 2042),
(1619, 2043),
(1622, 2044),
(1623, 2045),
(1621, 2046),
(1618, 2047),
(1616, 2048),
(1614, 2049),
(1631, 2050),
(1602, 2051),
(1603, 2052),
(1626, 2053),
(1596, 2054),
(1599, 2055),
(1624, 2056),
(1598, 2057),
(1601, 2058),
(2287, 2059),
(2295, 2060),
(2296, 2061),
(2289, 2062),
(166, 2063),
(1077, 2064),
(673, 2065),
(672, 2066),
(847, 2067),
(862, 2068),
(875, 2069),
(245, 2070),
(1846, 2071),
(1847, 2072),
(1141, 2073),
(1142, 2074),
(578, 2075),
(1884, 2076),
(1885, 2077),
(1886, 2078),
(1887, 2079),
(1888, 2080),
(2311, 2081),
(146, 2082),
(922, 2083),
(923, 2084),
(1588, 2085),
(1589, 2086),
(1590, 2087),
(2293, 2088),
(1571, 2089),
(1587, 2090),
(695, 2091),
(182, 2092),
(1538, 2093),
(1539, 2094),
(1166, 2095),
(1673, 2096),
(1674, 2097),
(848, 2098),
(932, 2099),
(2157, 2100),
(819, 2101),
(1873, 2102),
(1874, 2103),
(1897, 2104),
(1902, 2105),
(1917, 2106),
(1894, 2107),
(1898, 2108),
(1911, 2109),
(1923, 2110),
(1899, 2111),
(1912, 2112),
(1922, 2113),
(1905, 2114),
(1908, 2115),
(1914, 2116),
(1915, 2117),
(1910, 2118),
(1921, 2119),
(1913, 2120),
(1919, 2121),
(1916, 2122),
(1896, 2123),
(1909, 2124),
(1904, 2125),
(1918, 2126),
(1920, 2127),
(1895, 2128),
(1907, 2129),
(1901, 2130),
(1906, 2131),
(1900, 2132),
(1903, 2133),
(2039, 2134),
(2040, 2135),
(2041, 2136),
(2042, 2137),
(2043, 2138),
(2044, 2139),
(2038, 2140),
(2285, 2141),
(2278, 2142),
(1979, 2143),
(1803, 2144),
(1804, 2145),
(1862, 2146),
(879, 2147),
(880, 2148),
(881, 2149),
(882, 2150),
(883, 2151),
(884, 2152),
(885, 2153),
(886, 2154),
(887, 2155),
(888, 2156),
(889, 2157),
(890, 2158),
(891, 2159),
(892, 2160),
(893, 2161),
(2284, 2162),
(2164, 2163),
(2167, 2164),
(2163, 2165),
(2165, 2166),
(2166, 2167),
(858, 2168),
(859, 2169),
(860, 2170),
(861, 2171),
(262, 2172),
(263, 2173),
(264, 2174),
(265, 2175),
(266, 2176),
(267, 2177),
(268, 2178),
(269, 2179),
(270, 2180),
(271, 2181),
(272, 2182),
(273, 2183),
(274, 2184),
(275, 2185),
(276, 2186),
(277, 2187),
(278, 2188),
(279, 2189),
(280, 2190),
(281, 2191),
(282, 2192),
(283, 2193),
(284, 2194),
(285, 2195),
(286, 2196),
(287, 2197),
(288, 2198),
(289, 2199),
(290, 2200),
(291, 2201),
(292, 2202),
(293, 2203),
(294, 2204),
(295, 2205),
(296, 2206),
(297, 2207),
(1042, 2208),
(1121, 2209),
(1122, 2210),
(1272, 2211),
(1824, 2212),
(1825, 2213),
(1826, 2214),
(1827, 2215),
(1828, 2216),
(2283, 2217),
(1019, 2218),
(1020, 2219),
(1021, 2220),
(1034, 2221),
(1022, 2222),
(1023, 2223),
(1038, 2224),
(1033, 2225),
(1032, 2226),
(1039, 2227),
(1040, 2228),
(1031, 2229),
(1041, 2230),
(1035, 2231),
(1036, 2232),
(1037, 2233),
(1024, 2234),
(1025, 2235),
(1026, 2236),
(1027, 2237),
(1030, 2238),
(1029, 2239),
(1028, 2240),
(873, 2241),
(1284, 2242),
(2071, 2243),
(2072, 2244),
(241, 2245),
(1716, 2246),
(1717, 2247),
(1718, 2248),
(1744, 2249),
(1540, 2250),
(1579, 2251),
(1580, 2252),
(1581, 2253),
(1582, 2254),
(1583, 2255),
(1578, 2256),
(577, 2257),
(1259, 2258),
(1089, 2259),
(1090, 2260),
(977, 2261),
(1891, 2262),
(1892, 2263),
(1893, 2264),
(1975, 2265),
(1976, 2266),
(169, 2267),
(170, 2268),
(2109, 2269),
(747, 2270),
(649, 2271),
(1290, 2272),
(172, 2273),
(171, 2274),
(1688, 2275),
(1689, 2276),
(1690, 2277),
(49, 2278),
(50, 2279),
(222, 2280),
(743, 2281),
(1270, 2282),
(2047, 2283),
(1257, 2284),
(2091, 2285),
(1801, 2286),
(1802, 2287),
(1147, 2288),
(196, 2289),
(197, 2290),
(209, 2291),
(205, 2292),
(212, 2293),
(201, 2294),
(198, 2295),
(200, 2296),
(203, 2297),
(204, 2298),
(202, 2299),
(199, 2300),
(211, 2301),
(210, 2302),
(206, 2303),
(207, 2304),
(208, 2305),
(216, 2306),
(213, 2307),
(214, 2308),
(215, 2309),
(217, 2310),
(1875, 2311),
(2298, 2312),
(2299, 2313),
(2323, 1),
(2338, 2329),
(2339, 2329),
(2340, 2329),
(2341, 2352),
(2342, 2352),
(2343, 2352),
(2344, 2352),
(2345, 2352),
(2346, 2348),
(2347, 2348),
(2348, 2348),
(2349, 2348),
(2350, 2348),
(2351, 2348),
(2352, 2348),
(2353, 2348),
(2354, 2348),
(2355, 2348),
(2356, 2348),
(2357, 2348),
(2358, 2348),
(2359, 2348),
(2360, 2348),
(2361, 2348),
(2362, 2348),
(2363, 2348),
(2364, 2348),
(2365, 2348),
(2366, 2348),
(2367, 2348),
(2368, 2348),
(2369, 2348),
(2370, 2348),
(2371, 2348),
(2372, 2348),
(2373, 2348),
(2374, 2348),
(2375, 2348),
(2376, 2348),
(2377, 2348),
(2378, 2329),
(2379, 2329),
(2380, 2329),
(2381, 2329),
(2382, 2329),
(2383, 2329),
(2384, 2329),
(2385, 2352),
(2386, 2352),
(2387, 2351),
(2388, 2351),
(2389, 2351),
(2390, 2351),
(2391, 2351),
(2392, 2351),
(2393, 2351),
(2394, 2351),
(2395, 2351),
(2396, 2351),
(2397, 2353),
(2397, 2341),
(2397, 2341),
(2398, 2341),
(2399, 2342),
(2400, 2343),
(2400, 2345),
(2400, 2345),
(2401, 2345),
(2402, 2345),
(2403, 2372),
(2404, 2387),
(2406, 2387),
(2406, 2387),
(2408, 2387),
(2408, 2387),
(2410, 2387),
(2410, 2387),
(2412, 2387),
(2412, 2387),
(2414, 2387),
(2414, 2387),
(2416, 2387),
(2416, 2387),
(2418, 2387),
(2418, 2387),
(2420, 2387),
(2420, 2387),
(2422, 2387),
(2422, 2387),
(2424, 2387),
(2424, 2387),
(2426, 2387),
(2426, 2387),
(2427, 2387),
(2428, 2387),
(2429, 2387),
(2430, 2387),
(2431, 2387),
(2432, 2387),
(2433, 2387),
(2435, 2387),
(2435, 2387),
(2437, 2387),
(2437, 2387),
(2438, 2387),
(2440, 2387),
(2441, 2387),
(2441, 2387),
(2443, 2387),
(2443, 2387),
(2444, 2387),
(2446, 2387),
(2446, 2387),
(2447, 2387),
(2449, 2387),
(2449, 2387),
(2450, 2387),
(2452, 2387),
(2453, 2387),
(2453, 2387),
(2455, 2387),
(2455, 2387),
(2456, 2387),
(2458, 2387),
(2458, 2387),
(2459, 2387),
(2461, 2387),
(2462, 2387),
(2462, 2387),
(2464, 2387),
(2465, 2387),
(2465, 2387),
(2467, 2387),
(2467, 2387),
(2468, 2387),
(2470, 2387),
(2470, 2387),
(2471, 2387),
(2473, 2387),
(2473, 2387),
(2474, 2387),
(2476, 2387),
(2476, 2387),
(2477, 2387),
(2479, 2387),
(2479, 2387),
(2480, 2387),
(2482, 2387),
(2482, 2387),
(2483, 2387),
(2485, 2387),
(2485, 2387),
(2486, 2387),
(2488, 2387),
(2488, 2387),
(2489, 2387),
(2491, 2387),
(2491, 2387),
(2492, 2387),
(2494, 2387),
(2494, 2387),
(2495, 2387),
(2497, 2387),
(2497, 2387),
(2498, 2387),
(2500, 2387),
(2500, 2387),
(2501, 2387),
(2503, 2387),
(2503, 2387),
(2504, 2387),
(2506, 2387),
(2506, 2387),
(2507, 2387),
(2509, 2387),
(2509, 2387),
(2510, 2387),
(2512, 2387),
(2513, 2387),
(2513, 2387),
(2515, 2387),
(2515, 2387),
(2516, 2387),
(2517, 2387),
(2519, 2387),
(2519, 2387),
(2520, 2387),
(2522, 2387),
(2522, 2387),
(2523, 2387),
(2525, 2387),
(2525, 2387),
(2526, 2387),
(2528, 2387),
(2528, 2387),
(2529, 2387),
(2531, 2387),
(2531, 2387),
(2533, 2387),
(2534, 2387),
(2534, 2387),
(2535, 2387),
(2537, 2387),
(2537, 2387),
(2538, 2387),
(2540, 2387),
(2540, 2387),
(2541, 2387),
(2543, 2387),
(2543, 2387),
(2544, 2387),
(2546, 2387),
(2546, 2387),
(2547, 2387),
(2549, 2387),
(2549, 2387),
(2551, 2387),
(2552, 2387),
(2552, 2387),
(2554, 2387),
(2555, 2387),
(2555, 2387),
(2556, 2387),
(2558, 2387),
(2558, 2387),
(2559, 2387),
(2561, 2387),
(2561, 2387),
(2562, 2387),
(2564, 2387),
(2564, 2387),
(2565, 2387),
(2567, 2387),
(2567, 2387),
(2568, 2387),
(2570, 2387),
(2570, 2387),
(2571, 2387),
(2573, 2387),
(2573, 2387),
(2574, 2387),
(2576, 2387),
(2576, 2387),
(2577, 2387),
(2579, 2387),
(2579, 2387),
(2580, 2387),
(2582, 2387),
(2582, 2387),
(2583, 2387),
(2585, 2387),
(2585, 2387),
(2586, 2387),
(2588, 2387),
(2588, 2387),
(2589, 2387),
(2591, 2387),
(2591, 2387),
(2592, 2387),
(2594, 2387),
(2594, 2387),
(2595, 2387),
(2596, 2387),
(2598, 2387),
(2598, 2387),
(2599, 2387),
(2601, 2387),
(2601, 2387),
(2602, 2387),
(2604, 2387),
(2604, 2387),
(2605, 2387),
(2607, 2387),
(2607, 2387),
(2609, 2387),
(2610, 2387),
(2610, 2387),
(2612, 2387),
(2613, 2387),
(2613, 2387),
(2615, 2387),
(2616, 2387),
(2616, 2387),
(2619, 2387),
(2619, 2387),
(2619, 2387),
(2621, 2387),
(2622, 2387),
(2622, 2387),
(2624, 2387),
(2625, 2387),
(2625, 2387),
(2627, 2387),
(2628, 2387),
(2628, 2387),
(2630, 2387),
(2631, 2387),
(2631, 2387),
(2632, 2387),
(2633, 2387),
(2634, 2387),
(2635, 2387),
(2636, 2387),
(2637, 2387),
(2638, 2387),
(2639, 2387),
(2640, 2387),
(2641, 2387),
(2642, 2387),
(2643, 2387),
(2644, 2398),
(2645, 2398),
(2646, 2399),
(2646, 2399),
(2646, 2399),
(2647, 2401),
(2647, 2402),
(2648, 2403),
(2648, 2404),
(2648, 2405),
(2648, 2406),
(2648, 2407),
(2648, 2408),
(2648, 2409),
(2649, 2410),
(2650, 2411),
(2651, 2412),
(2652, 2337),
(2653, 2358),
(2654, 2379),
(2655, 2379),
(2656, 2413),
(2657, 2414),
(2658, 2415),
(2659, 2416),
(2660, 2417),
(2661, 2418),
(2662, 2419),
(2663, 2420),
(2663, 2426),
(2663, 2427),
(2663, 2428),
(2664, 2429),
(2665, 2430),
(2666, 2433),
(2667, 2354),
(2668, 2463),
(2669, 2459),
(2670, 2459),
(2671, 2458),
(2672, 2458),
(2673, 2458),
(2674, 2458),
(2675, 2457),
(2676, 2457),
(2677, 2457),
(2678, 2443),
(2679, 2443),
(2680, 2443),
(2681, 2443);

-- --------------------------------------------------------

--
-- Table structure for table `workers`
--

DROP TABLE IF EXISTS `workers`;
CREATE TABLE IF NOT EXISTS `workers` (
  `workerid` int(10) NOT NULL AUTO_INCREMENT,
  `name_prefix` varchar(6) DEFAULT NULL,
  `first_name` varchar(20) NOT NULL,
  `last_name` varchar(30) DEFAULT NULL,
  `phone_num` varchar(15) DEFAULT NULL,
  `mobile_phone_num` varchar(15) DEFAULT NULL,
  `email` varchar(50) DEFAULT NULL,
  `fax` varchar(15) DEFAULT NULL,
  `job_title` varchar(35) DEFAULT NULL,
  `pref_contact_type` varchar(10) DEFAULT NULL,
  `last_contacted` date DEFAULT '2000-01-01',
  PRIMARY KEY (`workerid`)
) ENGINE=InnoDB AUTO_INCREMENT=557 DEFAULT CHARSET=latin1;

--
-- Dumping data for table `workers`
--

INSERT INTO `workers` (`workerid`, `name_prefix`, `first_name`, `last_name`, `phone_num`, `mobile_phone_num`, `email`, `fax`, `job_title`, `pref_contact_type`, `last_contacted`) VALUES
(1, '', 'a', '', '', '', '', '', '', ' ', '2000-01-01'),
(2, '', 'a', 'another', '', '', '', '', '', '', '2000-01-01'),
(3, '', 'a', 'bunch of travellers', '', '', '', '', '', '', '2000-01-01'),
(4, '', 'abm', '', '', '', '', '', '', '', '2000-01-01'),
(5, '', 'advance', 'maintenance', '', '', '', '', '', '', '2000-01-01'),
(6, '', 'aoife', 'o&#39;donohue', '091755161', '', 'aoifeodonohue@galway.brothersofcharity.ie', '', 'Manager', '', '2000-01-01'),
(7, '', 'aidan', 'o''brien', '', '', '', '', '', '', '2000-01-01'),
(8, '', 'aileen', 'costello', '', '', 'aileen.costello@docservice.ie', '', '', '', '2000-01-01'),
(9, '', 'alan', 'corcoran', '091732042', '', 'alan.corcoran@hse.ie', '', '', '', '2000-01-01'),
(10, '', 'alan', 'smart', '091526321', '', 'asmart@enableIreland.ie', '', '', '', '2000-01-01'),
(11, '', 'ambrosse', 'lavery', '0469023745', '', '', '', '', '', '2000-01-01'),
(12, '', 'andrew', 'farrell', '', '', '', '', '', '', '2000-01-01'),
(13, '', 'andrew', 'lambert', '', '', '', '', '', '', '2000-01-01'),
(14, '', 'angela', '', '0498546265', '', '', '', '', '', '2000-01-01'),
(15, '', 'angela', 'hennesy', '6391326', '', '', '', 'principal', '', '2000-01-01'),
(16, '', 'anglea', 'keane', '0749122456', '0868375812', '', '', 'school principle', '', '2000-01-01'),
(17, '', 'ann', 'brennan', '0749186112', '', 'ann.brennan@lyit.ie', '', '', '', '2000-01-01'),
(18, '', 'ann', 'costigan', '014096556', '', '', '', '', '', '2000-01-01'),
(19, '', 'ann', 'foxe', '0749125455', '0861605847', 'lurgybrack@eircom.net', '', 'school principal', '', '2000-01-01'),
(20, '', 'ann', 'gaffney', '', '', '', '', '', '', '2000-01-01'),
(21, '', 'ann', 'gaffney', '', '', '', '', '', '', '2000-01-01'),
(22, '', 'ann', 'gaughran', '05284993', '', '', '', 'principal', '', '2000-01-01'),
(23, '', 'ann', 'kelly', '07323031', '', '', '', '', '', '2000-01-01'),
(24, '', 'ann', 'kildea', '0656943047', '', 'akildea@enableireland.ie', '', '', '', '2000-01-01'),
(25, '', 'ann', 'o''dwyer', '02492106', '', '', '', '', '', '2000-01-01'),
(27, '', 'ann', 'sheedy', '', '', '', '', 'physio dept', '', '2000-01-01'),
(28, '', 'anne', 'connors', '', '', '', '', '', '', '2000-01-01'),
(29, '', 'anne', 'davern', '', '0861572013', '', '', '', '', '2000-01-01'),
(30, '', 'anne', 'drake', '0749123501', '', 'anne.drake@hse.ie', '', '', '', '2000-01-01'),
(31, '', 'anne', 'drake', '0749123501', '', 'anne.drake@hse.ie', '', '', '', '2000-01-01'),
(32, '', 'anne', 'fleck byrne', '', '', '', '', '', '', '2000-01-01'),
(33, '', 'ann', 'gaffeny', '0499525520', '', 'ann.gaffeny@hse.ie', '', '', '', '2000-01-01'),
(34, '', 'anne', 'higgins', '014521966', '0872684095', '', '', 'nurse manager', '', '2000-01-01'),
(35, '', 'anne', 'lowry', '016302414', '', '', '', 'manager', '', '2000-01-01'),
(36, '', 'anne', 'naughton', '0906424840', '', 'annenaughton@hse.ie', '', '', '', '2000-01-01'),
(37, '', 'anne', 'o''leary', '', '', '', '', '', '', '2000-01-01'),
(38, '', 'anne', 'watters', '04348033', '', 'laurellodgelongford@eircom.net', '', '', '', '2000-01-01'),
(39, '', 'anthony', 'franey', '012868285', '', 'braymd@wicklowcoco.ie', '', '', '', '2000-01-01'),
(40, '', 'anthony', 'leavy', '0469487894', '', 'aleavy@athboycs.ie', '', '', '', '2000-01-01'),
(41, '', 'anthony', 'sheridan', '0749125251', '', '', '', '', '', '2000-01-01'),
(42, '', 'aoife', 'delaney', '', '', '', '', '', '', '2000-01-01'),
(43, '', 'ashling', 'quinn', '', '', '', '', '', '', '2000-01-01'),
(44, '', 'audrey', 'darby', '', '', '', '', 'occupational therapist', '', '2000-01-01'),
(45, '', 'audrey', 'wright', '0579359985', '', 'audreykwright@hse.ie', '', '', '', '2000-01-01'),
(46, '', 'avril', 'carberry', '', '', '', '', '', '', '2000-01-01'),
(48, '', 'b', '', '', '', '', '', '', '', '2000-01-01'),
(49, '', 'barry', 'mccauley', '0567785005', '', 'barry.mccauley@hse.ie', '', '', '', '2000-01-01'),
(50, '', 'ber', 'power', '', '', '', '', '', '', '2000-01-01'),
(51, '', 'bernadette', 'mcmallet', '0494362333', '0866006238', 'bernadettek.mcmallet@hse.ie', '', '', '', '2000-01-01'),
(52, '', 'bernadette', 'brennan', '0568830777', '0872584952', '', '', '', '', '2000-01-01'),
(53, '', 'bernadette', 'kane', '018245328', '', 'purchasing.stvin@docservice.ie', '', '', '', '2000-01-01'),
(54, '', 'bernadette', 'mcmanus', '0494362333', '0866006238', '', '', '', '', '2000-01-01'),
(55, '', 'bernard', 'ryan', '061301111', '', 'bernard.ryan@hse.ie', '', '', '', '2000-01-01'),
(56, '', 'bernard', 'ryan', '061301111', '', 'bernard.ryan@hse.ie', '', '', '', '2000-01-01'),
(57, '', 'bernie', 'austin', '091871200', '0863816700', 'bernie.austin@hse.ie', '', 'director of nursing', '', '2000-01-01'),
(58, '', 'bernie', 'austin', '091871200', '', 'bernie.austin@hse.ie', '', 'director of nursing', '', '2000-01-01'),
(60, '', 'bernie', 'buckley', '02641002', '', 'bernie.buckley@hse.ie', '', 'director of nursing', '', '2000-01-01'),
(61, '', 'beryl', 'mckee', '051421266', '', 'beryl.mckee@hse.ie', '', '', '', '2000-01-01'),
(62, '', 'betty', 'synan', '0749157393', '', 'mairead@twrc.ie', '', '', '', '2000-01-01'),
(63, '', 'bety', 'stack', '0667134289', '0861607421', 'ardfertns.ias@eircom.net', '', '', '', '2000-01-01'),
(64, '', 'bill', 'lowe', '18464808', '', '', '', 'school principle', '', '2000-01-01'),
(65, '', 'billy', 'rice', '016464300', '', 'sales@nac.ie', '', '', '', '2000-01-01'),
(66, '', 'brahim', '', '0567725114', '', 'brahim.largate@gmail.com', '', '', '', '2000-01-01'),
(67, '', 'breda', 'grealish', '4936200', '', 'financebreda@gmail.com', '', '', '', '2000-01-01'),
(68, '', 'breda', 'sheehan', '', '', '', '', 'school principal', '', '2000-01-01'),
(69, '', 'brendan', 'boyce', '0656846206', '', 'bboyce@clarecoco.ie', '', '', '', '2000-01-01'),
(70, '', 'brendan', 'byrne', '', '', '', '', '', '', '2000-01-01'),
(71, '', 'brendan', 'hanamy', '050521863', '', '', '', '', '', '2000-01-01'),
(72, '', 'brendan', 'kelly', '0906628500', '0872636319', '', '', '', '', '2000-01-01'),
(73, '', 'brendan', 'mcmillan', '', '', '', '', 'principal', '', '2000-01-01'),
(74, '', 'brendan', 'o''dwyer', '06251806', '', '', '', '', '', '2000-01-01'),
(75, '', 'brian', 'allan', '018373635', '', '', '', '', '', '2000-01-01'),
(76, '', 'bridie', 'murphy', '', '', '', '', '', '', '2000-01-01'),
(77, '', 'briege', 'laverty', '04894424312', '', '', '', '', '', '2000-01-01'),
(78, '', 'brigid', 'mcdonagh', '', '', '', '', '', '', '2000-01-01'),
(79, '', 'brigit', 'lang', '0667126833', '', '', '', '', '', '2000-01-01'),
(80, '', 'brothers', 'of charity', '091515241', '', '', '', '', '', '2000-01-01'),
(81, '', 'carmel', 'connaughton', '091796623', '', 'carmelconnaughton@galway.brothersofcharity.ie', '', '', '', '2000-01-01'),
(82, '', 'carmel', 'coomey', '', '0872183842', 'carmel.coomey@sedexo.com', '', 'manager', '', '2000-01-01'),
(83, '', 'carmel', 'dempsey', '', '', '', '', '', '', '2000-01-01'),
(84, '', 'carol', 'gannon', '0596481255', '0872040499', 'carol.gannon@hse.ie', '', '', '', '2000-01-01'),
(86, '', 'carol', 'hawkins', '', '', '', '', '', '', '2000-01-01'),
(87, '', 'carolin', 'ahlers', '', '0873288743', 'marc.egan@enablesupplies.ie', '', '', '', '2000-01-01'),
(88, '', 'cathal', 'mulligan', '0749560624', '0876365473', 'efriel@arasgaothdohair.ie', '', 'director of nursing', '', '2000-01-01'),
(89, '', 'cathal', 'o'' riada', '02645342', '', 'cuilaodhans@eircom.net', '', '', '', '2000-01-01'),
(90, '', 'catherina', 'mcgrath', '05270554', '02524499', '', '', '', '', '2000-01-01'),
(91, '', 'catherine', 'dulligan', '0214822192', '', 'katherine.dullaghan@cheshire.ie', '', '', '', '2000-01-01'),
(92, '', 'catherine', 'fairclough', '', '', '', '', '', '', '2000-01-01'),
(93, '', 'catherine', 'farrell', '0495552257', '', 'holyfamilysch.ias.@eircom.net', '', '', '', '2000-01-01'),
(94, '', 'catherine', 'mccannon', '0667181746', '', '', '', '', '', '2000-01-01'),
(95, '', 'catherine', 'mcguiness', '0719663165', '', '', '', '', '', '2000-01-01'),
(96, '', 'charlotte', 'may', '0749145361', '', '', '', 'school principle', '', '2000-01-01'),
(97, '', 'christina', 'draney', '2838394050', '', 'christina.drainey@foldgroup.co.uk', '', '', '', '2000-01-01'),
(98, '', 'christina', 'pasley', '091721400', '', 'chrispasley@galway.brothersofcharity.ie', '', 'building and safety officer', '', '2000-01-01'),
(99, '', 'ciara', 'cunningham', '', '', '', '', '', '', '2000-01-01'),
(100, '', 'ciara', 'o''connor', '6848233', '', '', '', 'principal mrs.taren', '', '2000-01-01'),
(101, '', 'cindy', 'bennett', '027500067', '', '', '', '', '', '2000-01-01'),
(102, '', 'clare', 'o''brien', '06251052', '', '', '', 'occupational therapist', '', '2000-01-01'),
(103, '', 'clare', 'russell', '02756434', '', 'admin@colaistepobailbheanntrai.com', '', '', '', '2000-01-01'),
(104, '', 'clifford', 'martin', '00447793652937', '', '', '', '', '', '2000-01-01'),
(105, '', 'cliona', 'ni neill', '353091563495', '', 'info@presgalway.ie', '', '', '', '2000-01-01'),
(106, '', 'collette', '', '06262644', '', 'collette@scoilaonghusa.ie', '', '', '', '2000-01-01'),
(107, '', 'colette', 'cowan', '6746711', '', 'mmoloney@mwhb.ie', '', 'director of nursing', '', '2000-01-01'),
(108, '', 'colm', 'keher', '0567765132', '', 'principal@lorrettokk.ie', '', 'principal', '', '2000-01-01'),
(109, '', 'con', 'o''callaghan', '0214887272', '0877786620', 'minanebridgens.ias@eircom.net', '', 'school principle', '', '2000-01-01'),
(110, '', 'con', 'o''sullivan / marie blake', '06262383', '05224499', '', '', '', '', '2000-01-01'),
(111, '', 'cora', 'monaghan', '', '', '', '', '', '', '2000-01-01'),
(112, '', 'cyril', 'crosbie', '', '', '', '', '', '', '2000-01-01'),
(114, '', 'dairina', 'nic con iomaire', '091590152', '', 'scoilma.ias@eircom.net', '', '', '', '2000-01-01'),
(115, '', 'darbhla', 'twomey', '02341814', '', '', '', '', '', '2000-01-01'),
(116, '', 'dave', 'o''halloran', '091755241', '', 'daveohalloran@galway.brothersofcharity.ie', '', '', '', '2000-01-01'),
(117, '', 'dave', 'o''halloran', '091755241', '', 'daveohalloran@galway.brothersofcharity.ie', '', '', '', '2000-01-01'),
(118, '', 'dave', 'o''halloran', '091755241', '', 'daveohalloran@galway.brothersofcharity.ie', '', 'building and safety officer', '', '2000-01-01'),
(119, '', 'dave', 'o''halloran', '091755241', '', 'daveohalloran@galway.brothersofcharity.ie', '', '', '', '2000-01-01'),
(120, '', 'dave', 'o''halloran', '091755241', '', 'daveohalloran@galway.brothersofcharity.ie', '', '', '', '2000-01-01'),
(121, '', 'dave', 'o''halloran', '091796106', '', 'daveohalloran@galway.brothersofcharity.ie', '', '', '', '2000-01-01'),
(122, '', 'dave', 'o''halloran', '091755241', '', 'daveohalloran@galway.brothersofcharity.ie', '', 'building and safety officer', '', '2000-01-01'),
(123, '', 'david', '& niall stewart', '', '', '', '', '', '', '2000-01-01'),
(124, '', 'david', 'cuffe', '012870131', '', '', '', '', '', '2000-01-01'),
(125, '', 'david', 'oliver', '', '', '', '', 'principal', '', '2000-01-01'),
(126, '', 'debbie', 'fahy', '091510195', '', 'debbiefahy@galway.brothersofcharity.ie', '', 'building and safety officer', '', '2000-01-01'),
(127, '', 'debbie', 'fahy', '091510195', '', 'debbiefahy@galway.brothersofcharity.ie', '', '', '', '2000-01-01'),
(128, '', 'declan', 'ryan', '0469078500', '', 'declan.ryan@hse.ie', '', '', '', '2000-01-01'),
(129, '', 'deidre', 'courtney', '0667134289', '', '', '', '', '', '2000-01-01'),
(130, '', 'deirdre', 'kuaid', '0669151455', '', 'deirdre.kuaid@hse.ie', '', '', '', '2000-01-01'),
(131, '', 'deirdre', 'o''sullivan', '0214255500', '0868613806', '', '', 'principal', '', '2000-01-01'),
(132, '', 'denis', 'ferry', '0906625852', '', 'mbourkersg@eircom.net', '', '', '', '2000-01-01'),
(133, '', 'denis', 'minihane', '02828315', '', 'office@schullcommunitycollege.com', '', '', '', '2000-01-01'),
(134, '', 'derek', 'butler', '051447200', '0872609289', 'info@millhousecarecentre.com', '', '', '', '2000-01-01'),
(135, '', 'dermot', 'duke', '016465000', '', 'dermot.duke@hse.ie', '', '', '', '2000-01-01'),
(136, '', 'dermot', 'healy', '', '0879272293', '', '', '', '', '2000-01-01'),
(137, '', 'dermot', 'o''driscoll', '0214884509', '0876176680', '', '', 'school principal', '', '2000-01-01'),
(138, '', 'derry', 'mcmahon', '06252437', '', 'derry@moorehaven.ie', '', '', '', '2000-01-01'),
(139, '', 'derry', 'mcmahon', '06252437', '', 'derry@moorehaven.ie', '', '', '', '2000-01-01'),
(140, '', 'des', 'connolly', '016072000', '', '', '', '', '', '2000-01-01'),
(141, '', 'diarmaid', 'hennessy', '0214887272', '0877786620', '', '', 'school principle', '', '2000-01-01'),
(142, '', 'director', 'of nursing', '', '', '', '', 'director of nursing', '', '2000-01-01'),
(143, '', 'director', 'of nursing', '0214620600', '', 'managerballincollig@mowlamhealthcare.com', '', '', '', '2000-01-01'),
(144, '', 'director', 'of nursing', '', '', '', '', '', '', '2000-01-01'),
(145, '', 'director', 'of nursing', '', '', '', '', '', '', '2000-01-01'),
(146, '', 'director', 'of nursing', '', '', '', '', '', '', '2000-01-01'),
(147, '', 'director', 'of nursing', '', '', '', '', '', '', '2000-01-01'),
(148, '', 'don', 'campbell', '06262383', '', 'donald.campbell@iwa.ie', '', '', '', '2000-01-01'),
(149, '', 'don', 'campbell', '06252744', '0872050869', 'donald.campbell@iwa.ie', '', '', '', '2000-01-01'),
(150, '', 'donal', 'mc kiernan', '012860498', '0868032525', '', '', '', '', '2000-01-01'),
(151, '', 'donal', 'o''gallagher', '04751069', '', '', '', '', '', '2000-01-01'),
(152, '', 'donal', 'o''murchu', '2242709', '', 'gaelscoiltd@eircom.net', '', 'principal', '', '2000-01-01'),
(153, '', 'doreen', 'tobin', '', '', 'dtobin@abiireland.ie', '', '', '', '2000-01-01'),
(154, '', 'dunaca', 'geary', '0214294803', '', '', '', 'director of nursing', '', '2000-01-01'),
(155, '', 'eamon', 'corrigan', '0719633223', '', '', '', 'school principal', '', '2000-01-01'),
(156, '', 'eamonn', 'martin', '', '', '', '', '', '', '2000-01-01'),
(157, '', 'eimear', 'goulding', '', '0872486745', 'eimear.goulding@hse.ie', '', '', '', '2000-01-01'),
(158, '', 'eithne', 'deeney', '018038056', '', 'office@portcs.iol.ie', '', 'principal', '', '2000-01-01'),
(159, '', 'elaine', 'dalton', '018671053', '', '', '', '', '', '2000-01-01'),
(160, '', 'elaine', 'mcgregors class', '0214643244', '', '', '', 'principal', '', '2000-01-01'),
(161, '', 'elizabeth', 'lanigan ryan', '05229776', '', '', '', '', '', '2000-01-01'),
(163, '', 'emer', 'murphy', '', '016518335', '', '', '', '', '2000-01-01'),
(164, '', 'emily', 'mckenna', '', '', '', '', '', '', '2000-01-01'),
(165, '', 'ethel', 'mccullagh', '0214927942', '', '', '', '', '', '2000-01-01'),
(166, '', 'eugene', 'o''loughlan', '0214821012', '', '', '', '', '', '2000-01-01'),
(167, '', 'eunan', 'gallagher', '0749150169', '', '', '', '', '', '2000-01-01'),
(168, '', 'fiona', 'cooney', '', '0872645078', '', '', '', '', '2000-01-01'),
(169, '', 'fiona', 'mcsweeney', '0876949083', '', '', '', '', '', '2000-01-01'),
(170, '', 'fiona', 'toolan', '016272255', '', '', '', '', '', '2000-01-01'),
(171, '', 'fiona', 'walsh', '0214292195', '', '', '', 'occupational therapist', '', '2000-01-01'),
(172, '', 'frances', 'fortune', '', '', '', '', '', '', '2000-01-01'),
(173, '', 'frank', 'stephens', '0214391333', '', '', '', '', '', '2000-01-01'),
(174, '', 'frank', 'tobbin', '0217337344', '', '', '', 'school principle', '', '2000-01-01'),
(175, '', 'gabriel', 'keane', '', '', '', '', '', '', '2000-01-01'),
(176, '', 'gail', 'hickey', '02533272', '', 'fermoyleisurecentre@eircom.net', '', '', '', '2000-01-01'),
(177, '', 'gareth', 'mcmillan', '', '01615900', '', '', 'occupational therapist', '', '2000-01-01'),
(178, '', 'garret', 'mcmillan', '012695355', '01615900', '', '', 'occupational therapist', '', '2000-01-01'),
(179, '', 'garrett', 'hayes', '02258402', '', 'garrett.hayes@hse.ie', '', '', '', '2000-01-01'),
(180, '', 'georgina', 'mccudden', '0749125624', '', 'georgina.mccudden@hse.ie', '', 'architect', '', '2000-01-01'),
(181, '', 'ger', 'costello', '091526321', '', 'asmart@enableIreland.ie', '', '', '', '2000-01-01'),
(182, '', 'ger', 'o''doyal', '0667135644', '', 'doyg@eircom.net', '', '', '', '2000-01-01'),
(183, '', 'geraldine', 'coyle', '0749560624', '', 'efriel@arasgaothdohair.ie', '', 'director of nursing', '', '2000-01-01'),
(184, '', 'geraldine', 'mclean', '0749135104', '', 'geraldine.mclean@hse.ie', '', 'occupational therapisthospital', '', '2000-01-01'),
(185, '', 'geraldine', 'mclean', '0749135133', '', 'geraldine.mclean@hse.ie', '', '', '', '2000-01-01'),
(186, '', 'gillian', 'kelt', '', '', '', '', '', '', '2000-01-01'),
(187, '', 'grainne', 'dooley', '0909627109', '0852447660', '', '', 'principal', '', '2000-01-01'),
(188, '', 'gwenda', 'johnson', '018373696', '0879752437', 'principal@stjosephsprimaryvi.ie', '', 'school principal', '', '2000-01-01'),
(189, '', 'hazel', '', '0909644988', '', 'maryhazlett@galway.brothersofcharity.ie', '', '', '', '2000-01-01'),
(190, '', 'heather', '', '2890902686', '', '', '', '', '', '2000-01-01'),
(192, '', 'heather', 'lynch', '051641892', '', 'heatherlynchjournyman@gmail.com', '', '', '', '2000-01-01'),
(193, '', 'helen', 'guinan', '021450131', '', '', '', 'principal', '', '2000-01-01'),
(194, '', 'helen', 'lawrence', '91755162', '', 'helenlawrence@galway.brothersofcharity.ie', '', '', '', '2000-01-01'),
(196, '', 'helen', 'lawrence', '91755162', '', 'helenlawrence@galway.brothersofcharity.ie', '', 'building and safety officer', '', '2000-01-01'),
(197, '', 'helen', 'lawrence', '091721400', '', 'helenlawrence@galway.brothersofcharity.ie', '', 'building and safety officer', '', '2000-01-01'),
(198, '', 'helen', 'lawrence', '091721400', '', 'helenlawrence@galway.brothersofcharity.ie', '', 'building and safety officer', '', '2000-01-01'),
(200, '', 'helen', 'mulroy', '091721400', '', '', '', 'building and safety officer', '', '2000-01-01'),
(201, '', 'ines', 'lawlor', '014993700', '', '', '', 'occupational therapist', '', '2000-01-01'),
(202, '', 'j', 'o''mahony', '', '', '', '', '', '', '2000-01-01'),
(203, '', 'jacinta', 'lyons & sarah smith', '0749735925', '', '', '', '', '', '2000-01-01'),
(204, '', 'jack', 'durkin', '0214964640', '', '', '', '', '', '2000-01-01'),
(205, '', 'jacqueline', 'hayes', '', '', '', '', '', '', '2000-01-01'),
(206, '', 'jacqueline', 'o''reilly dillon', '', '', '', '', '', '', '2000-01-01'),
(207, '', 'jamie', 'mcerlaine', '0667120767', '', '', '', '', '', '2000-01-01'),
(209, '', 'jarleth', 'tunney', '5529143', '', '', '', '', '', '2000-01-01'),
(210, '', 'jason', 'farrell', '012355507', '0862611592', 'jasonfarrell@nrh.ie', '', 'maintenance manager', '', '2000-01-01'),
(211, '', 'jason', 'reylonds', '0719167321', '', '', '', '', '', '2000-01-01'),
(212, '', 'jean', 'mc kenzie', '0749127678', '', '', '', '', '', '2000-01-01'),
(213, '', 'jennifer', 'deasy', '', '', 'jenniferdeasy@corkcoco.ie', '', '', '', '2000-01-01'),
(214, '', 'jennifer', 'quirke', '0656846206', '', '', '', '', '', '2000-01-01'),
(215, '', 'jennifer', 'scott', '0719671771', '', 'jscott@auragroup.ie', '', '', '', '2000-01-01'),
(216, '', 'jeremiah', 'kirby', '6845366', '', '', '', 'principal', '', '2000-01-01'),
(217, '', 'jessica', 'mcgrath', '', '', '', '', '', '', '2000-01-01'),
(218, '', 'jill', 'carey', '012720704', '0863549755', 'jillcarey@festinalente.ie', '', 'ceo', '', '2000-01-01'),
(219, '', 'jim', 'bradshaw', '0567725812', '0863334326', '', '', '', '', '2000-01-01'),
(220, '', 'jim', 'brennan', '0749521316', '', '', '', '', '', '2000-01-01'),
(221, '', 'jim', 'collins', '061927299', '', '', '', 'principle', '', '2000-01-01'),
(222, '', 'jim', 'kinsella', '', '', '', '', '', '', '2000-01-01'),
(223, '', 'jim', 'kinsella', '', '', '', '', '', '', '2000-01-01'),
(224, '', 'jodie', 'kelly', '051842155', '', '', '', '', '', '2000-01-01'),
(225, '', 'jody', 'carey', '0469074808', '', '', '', '', '', '2000-01-01'),
(226, '', 'joe', 'cannon', '091841463', '', 'weasternro@corksourts.ie', '', '', '', '2000-01-01'),
(227, '', 'joe', 'flawler', '0469078500', '', 'joeflawler@hse.ie', '', '', '', '2000-01-01'),
(228, '', 'joe', 'flynn', '0719620880', '', '', '', 'school principal', '', '2000-01-01'),
(229, '', 'john', 'campbell', '0719841711', '', '', '', 'principal', '', '2000-01-01'),
(230, '', 'john', 'drooney', '', '0868142211', '', '', '', '', '2000-01-01'),
(231, '', 'john', 'herlihy', '0214378238', '', 'ringaskiddyns@eircom.net', '', '', '', '2000-01-01'),
(232, '', 'john', 'landers', '', '', '', '', '', '', '2000-01-01'),
(233, '', 'john', 'mcguire', '', '', '', '', '', '', '2000-01-01'),
(234, '', 'john', 'ryan', '', '', '', '', '', '', '2000-01-01'),
(235, '', 'john', 'scott', '', '', '', '', 'residential home', '', '2000-01-01'),
(236, '', 'jonna', 'goranson', '06743046', '', 'jonna.goranson@rehabcare.ie', '', '', '', '2000-01-01'),
(237, '', 'joy', 'batzs', '0749145389', '', '', '', '', '', '2000-01-01'),
(238, '', 'judy', 'fahy', '', '', '', '', '', '', '2000-01-01'),
(239, '', 'julie', 'brown', '0214294803', '', '', '', 'occupational therapist', '', '2000-01-01'),
(240, '', 'julienne', 'donegan', '06849130', '', '', '', '', '', '2000-01-01'),
(241, '', 'karen', 'burke logan', '018401316', '', 'colmcilles@gmail.com', '', '', '', '2000-01-01'),
(242, '', 'karen', 'finson', '0669477211', '0872239933', 'portmageens@gmail.com', '', 'school principle', '', '2000-01-01'),
(243, '', 'karen', 'sheehan', '0646632164', '', 'kccccom@iol.ie', '', '', '', '2000-01-01'),
(244, '', 'kate', 'cullinane friel', '06433933', '', '', '', '', '', '2000-01-01'),
(245, '', 'katherine', 'duran', '0214635300', '', 'katherine.duran@hse.ie', '', '', '', '2000-01-01'),
(246, '', 'katherine', 'kelly', '0749121596', '', 'katherinemary.kelly@hse.ie', '', '', '', '2000-01-01'),
(247, '', 'kathleen', 'barrett retired', '0749521388', '', '', '', '', '', '2000-01-01'),
(248, '', 'kathleen', 'barry murphy', '016518316', '', '', '', '', '', '2000-01-01'),
(249, '', 'kathleen', 'doherty', '', '', '', '', '', '', '2000-01-01'),
(250, '', 'kathleen', 'o''mahony', '0868324700', '', '', '', '', '', '2000-01-01'),
(251, '', 'kathleen', 'ryan', '0656832477', '0879305804', 'kildysartns.ias@eircom.net', '', '', '', '2000-01-01'),
(252, '', 'kathy', 'doherty', '0749361113', '', '', '', 'administrator', '', '2000-01-01'),
(253, '', 'kay', 'gilmore', '', '', '', '', '', '', '2000-01-01'),
(254, '', 'kay', 'o''keefe', '0429334488', '', '', '', '', '', '2000-01-01'),
(255, '', 'kay', 'o''mahony', '0214822192', '', 'oifig@cloghroens.ie', '', 'occupational therapist', '', '2000-01-01'),
(256, '', 'kay', 'o''mahony', '0214385547', '', 'oifig@cloghroens.ie', '', '', '', '2000-01-01'),
(257, '', 'kayren', 'hayes', '02524264', '', 'bunscoilnatoirbhirte@gmail.com', '', '', '', '2000-01-01'),
(258, '', 'kevin', 'caldwell', '0749124498', '', '', '', 'school principal', '', '2000-01-01'),
(259, '', 'kevin', 'collins', '0599143911', '', 'sharon@theholyangels.org', '', '', '', '2000-01-01'),
(260, '', 'kevin', 'cusack', '06964094', '', 'mercycc@eircom.net', '', '', '', '2000-01-01'),
(261, '', 'kieran', 'byrne', '', '', '', '', '', '', '2000-01-01'),
(262, '', 'killarney', 'nursing home', '06435005', '', 'kccccom@iol.ie', '', '', '', '2000-01-01'),
(263, '', 'kristy', 'sanderson', '016579005', '0872773097', 'ksanderson@chartermedical.ie', '', '', '', '2000-01-01'),
(264, '', 'laura', 'hartrey', '051301050', '', 'lhartrey@crc.ie', '', '', '', '2000-01-01'),
(265, '', 'laura', 'humphries', '', '', '', '', '', '', '2000-01-01'),
(266, '', 'laureen', 'mckenna', '061493034', '087226461', '', '', '', '', '2000-01-01'),
(267, '', 'lee', 'rogers', '0539233657', '', '', '', 'principal', '', '2000-01-01'),
(269, '', 'leslie', 'mclaughlin', '', '', '', '', '', '', '2000-01-01'),
(270, '', 'liam', 'carson', '50521572', '', 'liam.carson@hse.ie', '', '', '', '2000-01-01'),
(271, '', 'liam', 'fitzgerald', '012819485', '0879098808', '', '', 'maintenance manager', '', '2000-01-01'),
(272, '', 'liam', 'long', '05229438', '0862593067', '', '', '', '', '2000-01-01'),
(273, '', 'liam', 'mchugh', '', '', '', '', 'h.s.e.', '', '2000-01-01'),
(274, '', 'liam', 'o''connor', '', '', '', '', '', '', '2000-01-01'),
(275, '', 'liam', 'sinnott', '', '0878059931', '', '', '', '', '2000-01-01'),
(276, '', 'limerick', 'institue of technology', '', '', '', '', '', '', '2000-01-01'),
(277, '', 'linda', 'mccarthy', '', '0861613140', 'lindamccarthy@live.ie', '', '', '', '2000-01-01'),
(278, '', 'lisa', 'coughlan', '', '0867924282', '', '', '', '', '2000-01-01'),
(279, '', 'liz', 'carey', '016206000', '', 'liz.carey@hse.ie', '', '', '', '2000-01-01'),
(280, '', 'lorna', 'o''neill client', '0539375602', '0860786914', '', '', '', '', '2000-01-01'),
(281, '', 'lorraine', 'kenneally', '', '', '', '', '', '', '2000-01-01'),
(282, '', 'louise', 'jackson', '', '', '', '', '', '', '2000-01-01'),
(283, '', 'lucy', 'o''donavan', '0238843313', '', 'laraghns.ias@eircom.net', '', '', '', '2000-01-01'),
(284, '', 'maeve', 'lawlor', '0494361800', '', '', '', '', '', '2000-01-01'),
(285, '', 'maeve', 'tierney', '', '', '', '', '', '', '2000-01-01'),
(286, '', 'mairead', 'hallrohan', '0872059539', '', 'mairead@twrc.ie', '', '', '', '2000-01-01'),
(287, '', 'mairead', 'kerr', '', '', '', '', '', '', '2000-01-01'),
(288, '', 'majella', 'french o''connor', '', '', '', '', '', '', '2000-01-01'),
(289, '', 'manager', '', '', '', '', '', '', '', '2000-01-01'),
(290, '', 'manager', '', '', '', '', '', '', '', '2000-01-01'),
(291, '', 'manager', '', '', '', '', '', '', '', '2000-01-01'),
(292, '', 'manager', '', '', '', '', '', '', '', '2000-01-01'),
(293, '', 'marc', '', '', '0876143399', 'marc.egan@enablesupplies.com', '', '', '', '2000-01-01'),
(294, '', 'marc', 'sheehan', '0217332179', '', 'vicarstownns@eircom.net', '', '', '', '2000-01-01'),
(295, '', 'margaret', 'bourke', '0906625852', '', 'mbourkersg@eircom.net', '', '', '', '2000-01-01'),
(296, '', 'margaret', 'fitzgerald', '02950024', '0872066643', 'margaretb.fitzgerald@hse.ie', '', 'director of nursing', '', '2000-01-01'),
(297, '', 'margaret', 'hughes', '04346212', '', '', '', '', '', '2000-01-01'),
(298, '', 'margaret', 'kearney', '091632395', '', '', '', 'building and safety officer', '', '2000-01-01'),
(299, '', 'margaret', 'kearney', '', '', '', '', '', '', '2000-01-01'),
(300, '', 'margaret', 'lordan', '0214544068', '', '', '', '', '', '2000-01-01'),
(301, '', 'margaret', 'maguire', '0749735925', '', '', '', '', '', '2000-01-01'),
(302, '', 'margaret', 'mcnally', '0429795081', '', '', '', '', '', '2000-01-01'),
(303, '', 'margaret', 'o''sullivan', '0646641088', '', 'margaret.osullivan7@hse.ie', '', '', '', '2000-01-01'),
(304, '', 'margaret', 'wilson', '0749521388', '', '', '', '', '', '2000-01-01'),
(305, '', 'margaret', 'wilson', '0749521777', '', '', '', '', '', '2000-01-01'),
(306, '', 'margaret', 'wilson', '0749521388', '', '', '', '', '', '2000-01-01'),
(307, '', 'margie', 'carty', '091515241', '', '', '', 'building and safety officer', '', '2000-01-01'),
(308, '', 'maria', 'o''riordan', '', '', '', '', '', '', '2000-01-01'),
(309, '', 'marian', 'dillon', '', '', '', '', '', '', '2000-01-01'),
(310, '', 'marian', 'glynn', '018297233', '', 'marian.glynn@hse.ie', '', '', '', '2000-01-01'),
(311, '', 'marian', 'hall', '0749521160', '', '', '', 'director of services', '', '2000-01-01'),
(312, '', 'marie', 'aiken', '0749175353', '', 'marie.aiken@hse.ie', '', '', '', '2000-01-01'),
(313, '', 'marie', 'breslin', '0949384137', '', '', '', '', '', '2000-01-01'),
(314, '', 'marie', 'dunphy', '012868033', '', '', '', '', '', '2000-01-01'),
(315, '', 'marie', 'leydon', '', '', '', '', '', '', '2000-01-01'),
(316, '', 'marie', 'mcquillam', '4781822', '0872434517', 'mariemcq@eircom.net', '', '', '', '2000-01-01'),
(317, '', 'marie', 'o''sullivan', '018248636', '', '', '', '', '', '2000-01-01'),
(318, '', 'marion', 'o''brien', '061229325', '', 'cresentfinance@gmail.com', '', '', '', '2000-01-01'),
(319, '', 'mark', 'hickey', '4359444', '', '', '', '', '', '2000-01-01'),
(320, '', 'martin', 'patwell', '6261833', '', '', '', 'school principle', '', '2000-01-01'),
(321, '', 'martina', 'mckinstrey', '051440270', '', '', '', '', '', '2000-01-01'),
(322, '', 'mary', '& kevin comer', '0879877011', '0876408069', '', '', '', '', '2000-01-01'),
(323, '', 'mary', 'auchincloss', '061338244', '', '', '', 'occupational therapist', '', '2000-01-01'),
(324, '', 'mary', 'byrne', '0214501168', '', 'byrnem@cope-foundation.ie', '', '', '', '2000-01-01'),
(325, '', 'mary', 'conroy', '012861649', '', '', '', '', '', '2000-01-01'),
(326, '', 'mary', 'cooke', '06746766', '', '', '', '', '', '2000-01-01'),
(327, '', 'mary', 'dillan', '06821470', '', 'amnh@eircom.net', '', '', '', '2000-01-01'),
(328, '', 'mary', 'flanagan', '18373722', '', '', '', '', '', '2000-01-01'),
(329, '', 'mary', 'hazlett', '0906442766', '', 'maryhazlett@galway.brothersofcharity.ie', '', '', '', '2000-01-01'),
(330, '', 'mary', 'hazlett', '0909644988', '', 'maryhazlett@galway.brothersofcharity.ie', '', '', '', '2000-01-01'),
(331, '', 'mary', 'killane', '04340994', '', '', '', '', '', '2000-01-01'),
(332, '', 'mary', 'mcswiney', '0214385547', '', 'oifig@cloghroens.ie', '', '', '', '2000-01-01'),
(333, '', 'mary', 'moran', '0719667171', '', '', '', '', '', '2000-01-01'),
(334, '', 'mary', 'o''byrne', '0238834151', '', 'byrnem@cope-foundation.ie', '', '', '', '2000-01-01'),
(335, '', 'mary', 'o''connor', '06840226', '', 'dromc@eircom.net', '', '', '', '2000-01-01'),
(336, '', 'mary', 'o''sullivan', '02770177', '', 'beara2@eircom.net', '', 'school principle', '', '2000-01-01'),
(337, '', 'mary', 'prendergast', '06270328', '', '', '', '', '', '2000-01-01'),
(338, '', 'mary', 'rice', '0214646080', '0872366498', 'ossice@oaklodgenursinghome.ie', '', '', '', '2000-01-01'),
(339, '', 'mary', 'seymore', '018186400', '', '', '', '', '', '2000-01-01'),
(340, '', 'mary', 'sheary', '6742336', '', 'mmoloney@mwhb.ie', '', 'area manager', '', '2000-01-01'),
(341, '', 'mary', 'twohig mccarthy', '02531300', '', '', '', '', '', '2000-01-01'),
(342, '', 'mary', 'twohig mccarthy', '', '', '', '', 'director of nursing', '', '2000-01-01'),
(343, '', 'mary', 'verling', '02584337', '0862122236', 'kilbehennyns@hotmail.com', '', 'principal', '', '2000-01-01'),
(344, '', 'matron', '', '', '', '', '', '', '', '2000-01-01'),
(345, '', 'matron', '', '', '', '', '', '', '', '2000-01-01'),
(346, '', 'maura', 'crowley', '0214502586', '', '', '', '', '', '2000-01-01'),
(347, '', 'maura', 'ryan', '061378566', '0863569340', 'newportdcc@outlook.ie', '', '', '', '2000-01-01'),
(348, '', 'maureen', 'hannon', '05281555', '', 'clonmel@ntdi.ie', '', '', '', '2000-01-01'),
(349, '', 'maurice', 'walsh', '02750114', '', 'ceo@co-action.ie', '', '', '', '2000-01-01'),
(350, '', 'maurice', 'walsh', '02750114', '', 'ceo@co-action.ie', '', '', '', '2000-01-01'),
(351, '', 'michael', 'bracken', '', '', '', '', '', '', '2000-01-01'),
(352, '', 'michael', 'cronin', '', '', '', '', '', '', '2000-01-01'),
(353, '', 'michael', 'dunbarr', '0439233657', '', '', '', 'principal', '', '2000-01-01'),
(354, '', 'michael', 'o''donnell', '0749521316', '', '', '', '', '', '2000-01-01'),
(355, '', 'micheal', 'madden', '016250329', '', 'micheal.madden@hse.ie', '', '', '', '2000-01-01'),
(356, '', 'micheal', 'madden', '016250300', '', 'micheal.madden@hse.ie', '', '', '', '2000-01-01'),
(357, '', 'michele', 'cahalane', '', '040446585', 'bnsrathdrum@gmail.com', '', 'school principal', '', '2000-01-01'),
(358, '', 'michelle', 'foley', '51302000', '', '', '', '', '', '2000-01-01'),
(359, '', 'michelle', 'o''neill', '091595619', '', 'michelleoneill@galway.brothersofcharity.ie', '', '', '', '2000-01-01'),
(360, '', 'miriam', 'butler', '050421448', '', 'reception@scoilailbhe.ie', '', '', '', '2000-01-01'),
(361, '', 'miriam', 'stokes', '', '', '', '', '', '', '2000-01-01'),
(362, '', 'monica', 'shannon', '06261338', '', 'scoilcormac@eircom.net', '', '', '', '2000-01-01'),
(363, '', 'mourice', 'o''riordan', '0214922000', '', 'mourice.oriordan@hse.ie', '', '', '', '2000-01-01'),
(364, '', 'mr', 'o''conner', '0949620524', '0906628502', 'toconnor@roscommon.brothersofcharity.ie', '', '', '', '2000-01-01'),
(365, '', 'mr', 'o''donnel', '', '', 'principal@cbsthurles.ie', '', '', '', '2000-01-01'),
(366, '', 'n.', 'finnegan', '02970003', '', '', '', 'director of nursing', '', '2000-01-01'),
(367, '', 'netty', 'gibson', '0749155132', '', '', '', 'school principle', '', '2000-01-01'),
(368, '', 'niamh', 'cooney', '014521966', '0872684095', 'anne_p_higgins@hotmail.com', '', 'nurse manager', '', '2000-01-01'),
(369, '', 'niamh', 'mcmanus', '0527443773', '', '', '', '', '', '2000-01-01'),
(370, '', 'noel', 'connolly', '091721400', '', '', '', 'building and safety officer', '', '2000-01-01'),
(371, '', 'noel', 'wash', '012883724', '', 'info@newparkschool.ie', '', 'principal', '', '2000-01-01'),
(373, '', 'noelle', 'burke', '091850139', '0877988741', 'noelleburke@galway.brothersofcharity.ie', '', '', '', '2000-01-01'),
(374, '', 'noelle', 'burke', '091850139', '0877988741', 'noelleburke@galway.brothersofcharity.ie', '', '', '', '2000-01-01'),
(375, '', 'noreen', 'connolly', '', '', '', '', '', '', '2000-01-01'),
(376, '', 'noreen', 'donnell', '0909642142', '', '', '', '', '', '2000-01-01'),
(377, '', 'noreen', 'mcsweeney', '02970003', '', '', '', 'director of nursing', '', '2000-01-01'),
(378, '', 'nuala', 'boyd', '', '', '', '', 'director of nursing', '', '2000-01-01'),
(379, '', 'nuala', 'nolan', '016106351', '', 'nuala.nolan@hse.ie', '', '', '', '2000-01-01'),
(380, '', 'nuala', 'o''reily', '', '', 'nualaoreily@hse.ie', '', '', '', '2000-01-01'),
(381, '', 'oonagh', 'magner', '0615014431', '', 'oonagh.magner@lim-docservice.ie', '', '', '', '2000-01-01'),
(382, '', 'oonagh', 'magner', '61501400', '', 'oonagh.magner@lim-docservice.ie', '', 'area manager', '', '2000-01-01'),
(383, '', 'oonagh', 'magner', '0615014431', '', 'oonagh.magner@lim-docservice.ie', '', '', '', '2000-01-01'),
(384, '', 'orla', 'murphy', '', '', '', '', '', '', '2000-01-01'),
(385, '', 'p', 'coady', '', '0878667877', '', '', '', '', '2000-01-01'),
(386, '', 'paddy', 'cowman', '051337400', '', '', '', '', '', '2000-01-01'),
(387, '', 'paddy', 'mc inerney', '0876147377', '', '', '', '', '', '2000-01-01'),
(388, '', 'paddy', 'o''brien', '012974100', '0872790430', '', '', '', '', '2000-01-01'),
(389, '', 'pamala', 'emnis', '017077909', '', 'pamala.emnis@hse.ie', '', '', '', '2000-01-01'),
(390, '', 'paschal', '', '0879098808', '0866032852', '', '', 'maintenance manager', '', '2000-01-01'),
(391, '', 'pat', 'cronin', '', '', '', '', '', '', '2000-01-01'),
(392, '', 'pat', 'o''connor', '', '', '', '', '', '', '2000-01-01'),
(393, '', 'pat', 'o''donaghoe', '015054426', '0866031577', '', '', 'manager', '', '2000-01-01'),
(394, '', 'pat', 'o''halloran', '06252656', '', 'moncbstipperary@eircom.net', '', '', '', '2000-01-01'),
(395, '', 'pat', 'piggott', '02970087', '', '', '', '', '', '2000-01-01'),
(396, '', 'pat', 'sealen', '0567763211', '0866016365', 'codriscoll@soskilkenny.ie', '', '', '', '2000-01-01'),
(397, '', 'pat', 'tobin', '', '', '', '', '', '', '2000-01-01'),
(398, '', 'patsy', 'o''keffe', '', '', '', '', '', '', '2000-01-01'),
(399, '', 'paul', 'o''callaghan', '0214871303', '', 'ocallaghanp@headway.ie', '', '', '', '2000-01-01'),
(400, '', 'paul', 'o''brien', '051561016', '', '', '', '', '', '2000-01-01'),
(401, '', 'paula', 'christian', '', '0876799857', '', '', 'secretary', '', '2000-01-01'),
(402, '', 'pauline', 'travers', '045986315', '', 'pauline.travers@hse.ie', '', '', '', '2000-01-01'),
(403, '', 'peter', 'forrest', '091768700', '', 'abigalway@rehabcare.ie', '', '', '', '2000-01-01'),
(404, '', 'peter', 'o''sullivan', '5222838', '0876296462', '', '', '', '', '2000-01-01'),
(405, '', 'principal', '', '0916386454', '', 'drumfriesschool.ias@eircom.net', '', '', '', '2000-01-01'),
(406, '', 'principal', '', '0499522802', '', '', '', '', '', '2000-01-01'),
(407, '', 'principal', '', '', '', '', '', '', '', '2000-01-01'),
(408, '', 'principal', '', '0949022902', '', '', '', '', '', '2000-01-01'),
(409, '', 'principal', '', '0469553940', '', 'principal@stconlethsns.ie', '', '', '', '2000-01-01'),
(410, '', 'principal', '', '', '', '', '', '', '', '2000-01-01'),
(411, '', 'principal', '', '', '', '', '', '', '', '2000-01-01'),
(412, '', 'principal', '', '', '', '', '', '', '', '2000-01-01'),
(413, '', 'principal', '', '', '', '', '', '', '', '2000-01-01'),
(414, '', 'principal', '', '0906454548', '', 'ufinnegan@gallencs.com', '', '', '', '2000-01-01'),
(415, '', 'prinicpal', '', '50442015', '', '', '', 'principal', '', '2000-01-01'),
(416, '', 'ray', 'dwyer', '', '', '', '', '', '', '2000-01-01'),
(417, '', 'ray', 'dwyer', '02492106', '', '', '', '', '', '2000-01-01'),
(418, '', 'raymond', 'swan', '0539489662', '', 'info@goreyeducatetogether.ie', '', 'school principal', '', '2000-01-01'),
(419, '', 'rebecca', 'davies', '', '', '', '', '', '', '2000-01-01'),
(420, '', 'regina', 'brennan', '06721271', '', '', '', '', '', '2000-01-01'),
(421, '', 'rory', 'd''arcy', '06432047', '', '', '', 'school principal', '', '2000-01-01'),
(422, '', 'roseta', 'herr', '', '', '', '', '', '', '2000-01-01'),
(423, '', 'rosie', 'gowran', '061202959', '0876993376', '', '', '', '', '2000-01-01'),
(425, '', 'sadie', 'mc kenna', '02893323677', '', '', '', '', '', '2000-01-01'),
(426, '', 'sandra', 'carroll', '0539235298', '', '', '', '', '', '2000-01-01'),
(427, '', 'sandra', 'collins', '0539235298', '', '', '', '', '', '2000-01-01'),
(428, '', 'sarah', 'gallagher', '0599136251', '', 'sgallagher@carlowcoco.ie', '', '', '', '2000-01-01'),
(429, '', 'sarah', 'hynes', '016464300', '', '', '', '', '', '2000-01-01'),
(430, '', 'seamus', 'o''branainn', '0749521316', '', '', '', '', '', '2000-01-01'),
(431, '', 'sean', 'tully', '0909642117', '', '', '', 'supplies dept.', '', '2000-01-01'),
(432, '', 'shane', 'mccluskey', '', '0872223330', '', '', '', '', '2000-01-01'),
(433, '', 'shane', 'mcloon', '0749125251', '', '', '', '', '', '2000-01-01'),
(434, '', 'sinead', 'seoighe', '091753977', '', 'sinead.seoighe@gretb.ie', '', '', '', '2000-01-01'),
(435, '', 'siobhan', 'bergin', '', '', '', '', '', '', '2000-01-01'),
(437, '', 'siobhan', 'taylor', '0749721769', '', '', '', '', '', '2000-01-01'),
(438, '', 'siobhan', 'turner', '012353202', '', 'siobhan.turner@hse.ie', '', '', '', '2000-01-01'),
(439, '', 'sister', 'in charge', '', '', '', '', '', '', '2000-01-01'),
(440, '', 'sofie', '', '0539233039', '', 'info@cwe.ie', '', '', '', '2000-01-01'),
(441, '', 'sr', 'catherine o''donovan', '0214291851', '', '', '', '', '', '2000-01-01'),
(442, '', 'sr', 'jean browne', '', '0861730726', '', '', 'school principal', '', '2000-01-01'),
(443, '', 'stephan', 'sheehan', '0578662160', '0866012188', '', '', '', '', '2000-01-01'),
(444, '', 'stephanie', 'ryan', '05284350', '', '', '', '', '', '2000-01-01'),
(445, '', 'stephen', 'boyd', '04890902000', '', '', '', '', '', '2000-01-01'),
(446, '', 'stephen', 'eustace', '', '018374444', 'eustace@highfieldhaelthcare.ie', '', '', '', '2000-01-01'),
(447, '', 'sue', 'islam', '0749521044', '', 'sue.islam@hse.ie', '', '', '', '2000-01-01'),
(448, '', 'sue', 'islam', '0749521044', '', 'sue.islam@hse.ie', '', 'director of nursing', '', '2000-01-01'),
(449, '', 'susan', 'brophy', '', '', '', '', '', '', '2000-01-01'),
(450, '', 'susan', 'doran', '0539136992', '0864061550', '', '', '', '', '2000-01-01'),
(451, '', 'tadgh', 'o''leary', '0214316029', '', '', '', '', '', '2000-01-01'),
(452, '', 'teresa', 'gordan', '0719841952', '', '', '', '', '', '2000-01-01'),
(453, '', 'theresa', 'duffy', '0539233419', '', '', '', '', '', '2000-01-01'),
(454, '', 'theresa', 'harrington', '0469073285', '', '', '', '', '', '2000-01-01'),
(455, '', 'theresa', 'harrington', '0469074808', '', '', '', '', '', '2000-01-01'),
(456, '', 'theresa', 'smith', '0879098808', '', '', '', '', '', '2000-01-01'),
(457, '', 'therese', 'mcdermott', '', '', '', '', '', '', '2000-01-01'),
(458, '', 'tina', 'byrne', '0539235255', '', '', '', '', '', '2000-01-01'),
(459, '', 'tom', 'sullivan', '', '', 'tom.sullivan@hse.ie', '', '', '', '2000-01-01'),
(460, '', 'tom', 'sullivan', '0539120083', '', 'tom.sullivan@hse.ie', '', '', '', '2000-01-01'),
(461, '', 'tom', 'sullivan', '', '', 'tom.sullivan@hse.ie', '', '', '', '2000-01-01'),
(462, '', 'tom', 'ryan', '61481423', '0879368088', '', '', '', '', '2000-01-01'),
(463, '', 'tom', 'sargent', '', '', '', '', '', '', '2000-01-01'),
(464, '', 'tom', 'sullivan', '0529233419', '', 'tom.sullivan@hse.ie', '', '', '', '2000-01-01'),
(465, '', 'tom', 'sullivan', '0529233419', '', 'tom.sullivan@hse.ie', '', '', '', '2000-01-01'),
(466, '', 'tom', 'sullivan', '', '', 'tom.sullivan@hse.ie', '', '', '', '2000-01-01'),
(467, '', 'tom', 'traynor', '0469097269', '', 'ttraynor@meathcoco.ie', '', '', '', '2000-01-01'),
(468, '', 'tony', 'diver', '0749188832', '', '', '', 'maintenance', '', '2000-01-01'),
(469, '', 'tracy', 'hutchin', '018730422', '', 'thutchin@imnda.ie', '', '', '', '2000-01-01'),
(470, '', 'tricia', 'hamilton', '0214271971', '', 'thamilton@muh.ie', '', '', '', '2000-01-01'),
(471, '', 'trudie', 'rowan', '0469731285', '', 'ofaliahouse@hse.ie', '', '', '', '2000-01-01'),
(472, '', 'una', 'kingston', '', '0872310075', '', '', '', '', '2000-01-01'),
(473, '', 'val', 'nolan', '', '0862538341', '', '', '', '', '2000-01-01'),
(474, '', 'vincent', '', '', '', '', '', '', '', '2000-01-01'),
(475, '', 'walter', 'maguire', '018294083', '0860403617', 'wmaguire@sfh.ie', '', '', '', '2000-01-01'),
(476, '', 'yvonne', 'burd', '09249257', '', 'yburd@midwayservices.ie', '', '', '', '2000-01-01'),
(477, '', 'yvonne', 'huston', '07522155', '07521388', 'yvoone.huston@hse.ie', '', '', '', '2000-01-01'),
(479, '', 'yvonne', 'mckibbin', '02890903355', '', 'yvoone.mckibbin@belfasttrust.hscni.net', '', 'nurse manager', '', '2000-01-01'),
(480, '', 'no', 'name available', '', '', '', '', '', '', '2000-01-01'),
(481, '', 'no', 'name available', '', '', '', '', 'principal', '', '2000-01-01'),
(482, '', 'no', 'name available', '', '', '', '', '', '', '2000-01-01'),
(483, '', 'no', 'name available', '', '', '', '', '', '', '2000-01-01'),
(484, '', 'no', 'name available', '02750114', '', 'ceo@co-action.ie', '', '', '', '2000-01-01'),
(485, '', 'no', 'name available', '', '', '', '', '', '', '2000-01-01'),
(486, '', 'no', 'name available', '0749363396', '', 'drumfriesschool.ias@eircom.net', '', '', '', '2000-01-01'),
(487, '', 'no', 'name available', '', '', '', '', '', '', '2000-01-01'),
(488, '', 'no', 'name available', '0469731285', '', '', '', '', '', '2000-01-01'),
(489, '', 'no', 'name available', '', '', '', '', '', '', '2000-01-01'),
(490, '', 'no', 'name available', '0749145389', '', '', '', '', '', '2000-01-01'),
(491, '', 'no', 'name available', '', '', '', '', '', '', '2000-01-01'),
(492, '', 'no', 'name available', '', '', '', '', '', '', '2000-01-01'),
(493, '', 'no', 'name available', '', '', '', '', '', '', '2000-01-01'),
(494, '', 'no', 'name available', '', '', '', '', '', '', '2000-01-01'),
(495, '', 'no', 'name available', '0879098808', '', '', '', 'maintenance manager', '', '2000-01-01'),
(496, '', 'no', 'name available', '', '', '', '', '', '', '2000-01-01'),
(497, '', 'no', 'name available', '02524314', '', '', '', '', '', '2000-01-01'),
(498, '', 'no', 'name available', '', '', '', '', '', '', '2000-01-01'),
(499, '', 'no', 'name available', '', '', '', '', '', '', '2000-01-01'),
(500, '', 'no', 'name available', '', '', '', '', '', '', '2000-01-01'),
(501, '', 'no', 'name available', '', '', '', '', '', '', '2000-01-01'),
(502, '', 'no', 'name available', '06432047', '', '', '', 'school principle', '', '2000-01-01'),
(503, '', 'no', 'name available', '012893293', '', '', '', '', '', '2000-01-01'),
(504, '', 'no', 'name available', '', '', '', '', '', '', '2000-01-01'),
(505, '', 'no', 'name available', '', '', '', '', '', '', '2000-01-01'),
(506, '', 'no', 'name available', '', '0873530726', '', '', '', '', '2000-01-01'),
(507, '', 'no', 'name available', '', '', '', '', '', '', '2000-01-01'),
(508, '', 'no', 'name available', '02492106', '', '', '', '', '', '2000-01-01'),
(510, NULL, 'oi', 'bhj', '8890', '345', 'fr@gmail.com', '5678', 'hy78i', NULL, NULL),
(511, NULL, '1', '1', '1', '1', '12345@gmail.com', '11', '1', NULL, NULL),
(512, NULL, 'mary', 'murphy', '123456789', '', 'mm@gmail.com', '1234', 'afesrd', NULL, NULL),
(513, NULL, 'colin', 'curran', '1234567890', '0987654321', 'example@gmail.com', '123', 'dosser', NULL, NULL),
(514, NULL, 'marc', 'egan', '123456789', '9876543', 'marc@gmail.com', '234567', 'director', NULL, NULL),
(515, NULL, 'john', 'lane', '123', '', '', '', 'arc', NULL, NULL),
(517, NULL, 'g542', 'g', '1234', '543234', '12345@gmail.com', '234', 'grbe', NULL, NULL),
(518, NULL, 'colin', 'curran', '1234567890', '0987654321', '12345@gmail.com', '1234', 'manager', NULL, NULL),
(519, NULL, 'colin', 'curran', '1234567890', '0987654321', '12345@gmail.com', '1234', 'manager', NULL, NULL),
(520, NULL, 'colin', 'curran', '1234567890', '0987654321', '12345@gmail.com', '1234', 'manager', NULL, NULL),
(521, NULL, 'iu', 'ui', '12', '09876', '12345@gmail.com', '033', '232', NULL, NULL),
(522, NULL, 'iu', 'ui', '12', '09876', '12345@gmail.com', '033', '232', NULL, NULL),
(523, NULL, 'iu', 'ui', '12', '09876', '12345@gmail.com', '033', '232', NULL, NULL),
(524, NULL, 'jerry', 'mullens', '', '', 'jm@clancey.com', '', 'contracts manager', NULL, NULL),
(525, NULL, 'jerry', 'mullens', '', '', 'jm@clancey.com', '', 'contracts manager', NULL, NULL),
(526, NULL, 'jerry', 'mullens', '', '', 'jm@clancey.com', '', 'contracts manager', NULL, NULL),
(527, NULL, 'jerry', 'mullens', '', '', 'jm@clancey.com', '', 'contracts manager', NULL, NULL),
(528, NULL, 'jerry', 'mullens', '', '', 'jm@clancey.com', '', 'contracts manager', NULL, NULL),
(529, NULL, 'jerry', 'mullens', '', '', 'jm@clancey.com', '', 'contracts manager', NULL, NULL),
(530, NULL, 'jerry', 'mullens', '', '', 'jm@clancey.com', '', 'contracts manager', NULL, NULL),
(531, NULL, 'jerry', 'mullens', '', '', 'jm@clancey.com', '', 'contracts manager', NULL, NULL),
(532, NULL, 'jerry', 'mullens', '', '', 'jm@clancey.com', '', 'contracts manager', NULL, NULL),
(533, NULL, 'jerry', 'mullens', '0214856759', '0852758275', 'jm@clancey.com', '4856759', 'QS', NULL, '2000-01-01'),
(534, NULL, 'wsd', 'ewed', '8765432', '12345', 'sasdf@gmaik.com', '6543', 'werwrethr', NULL, NULL),
(536, NULL, 'colin', 'curran', '1234567890', '0987654321', 'colin@gmail.com', '1234567', 'builder', NULL, NULL),
(537, NULL, 'barry', 'scott', '1234567890', '0987654321', 'barryscott@gmail.com', '1234', 'qs', NULL, NULL),
(538, NULL, 'colin', 'curran', '1234567890', '098765432', 'cc@gmail.com', '234', 'architech', NULL, NULL),
(539, NULL, 'paul', 'barry', '4827583', '0876274527', 'paulbarry@gmail.com', '', 'architech', NULL, NULL),
(540, NULL, 'h', 'h', '363466', '3463463', 'hgf@gmail.com', '346', 'sdfhw', NULL, NULL),
(541, NULL, 'nbv', 'dtgf', '2341234', '9987654', 'hi@gmail.com', '345', 'gfdshgnrrd', NULL, NULL),
(542, NULL, 'nbv', 'dtgf', '2341234', '9987654', 'hi@gmail.com', '345', 'gfdshgnrrd', NULL, NULL),
(543, NULL, 'nbv', 'dtgf', '2341234', '9987654', 'hi@gmail.com', '345', 'gfdshgnrrd', NULL, NULL),
(544, NULL, 'ftj', 'fy', '', '', 'dyj@g', '', 'dfgh', NULL, NULL),
(545, NULL, 'jack', 'o&#39;connell', '21345', '0876255525', 'jack@gmail.com', '8765', 'Owner', NULL, '2000-01-01'),
(546, NULL, 'as', '', '', '', '', '', 'as', NULL, '2000-01-01'),
(547, NULL, 'aer', '', '', '', '', '', 'afesrd', NULL, '2000-01-01'),
(548, NULL, 'wewf', 'we', '', '', '', '', '', NULL, '2000-01-01'),
(549, NULL, 's', '', '', '', '', '', 's', NULL, '2000-01-01'),
(550, NULL, 's', 's', '', '', '', '', 's', NULL, '2000-01-01'),
(551, NULL, 'a', 'a', '', '', '', '', 'a', NULL, '2000-01-01'),
(552, NULL, 'fake', 'fake', '1', '2', 'fake@gmail.com', '3', 'fake', NULL, '2000-01-01'),
(553, NULL, 'fake', 'fake', '4', '4', 'fake@gmail.com', '4', 'fake', NULL, '2000-01-01'),
(554, NULL, 'fake', 'f', '3', '3', 'fake@gmail.com', '', 'fake', NULL, '2000-01-01'),
(555, NULL, 'fake', 'e', '3', '3', 'fake@gmail.com', '', 'wefv', NULL, '2000-01-01'),
(556, NULL, '1', '1', '1', '1', 'fake@gmail.com', '1', '1', NULL, '2000-01-01');

-- --------------------------------------------------------

--
-- Table structure for table `worker_to_project`
--

DROP TABLE IF EXISTS `worker_to_project`;
CREATE TABLE IF NOT EXISTS `worker_to_project` (
  `workerid` int(10) NOT NULL,
  `projectid` int(10) NOT NULL,
  KEY `workerid` (`workerid`),
  KEY `projectid` (`projectid`)
) ENGINE=InnoDB DEFAULT CHARSET=latin1;

--
-- Dumping data for table `worker_to_project`
--

INSERT INTO `worker_to_project` (`workerid`, `projectid`) VALUES
(6, 9),
(8, 9),
(7, 9),
(9, 9),
(536, 9),
(536, 9),
(536, 9),
(536, 9),
(536, 9),
(536, 9),
(536, 9),
(536, 9),
(536, 9),
(536, 9),
(536, 9),
(537, 9),
(538, 9),
(12, 9),
(550, 10),
(551, 10),
(7, 9),
(7, 9),
(7, 9),
(7, 9),
(7, 9),
(33, 9),
(421, 9),
(2, 2),
(1, 2);

-- --------------------------------------------------------

--
-- Table structure for table `works_with`
--

DROP TABLE IF EXISTS `works_with`;
CREATE TABLE IF NOT EXISTS `works_with` (
  `workerid` int(10) NOT NULL,
  `companyid` int(10) NOT NULL,
  KEY `companyid` (`companyid`),
  KEY `workerid` (`workerid`)
) ENGINE=InnoDB DEFAULT CHARSET=latin1;

--
-- Dumping data for table `works_with`
--

INSERT INTO `works_with` (`workerid`, `companyid`) VALUES
(425, 1),
(5, 2),
(420, 3),
(360, 4),
(480, 5),
(247, 6),
(304, 6),
(153, 7),
(286, 8),
(62, 9),
(88, 10),
(183, 10),
(327, 11),
(63, 12),
(40, 13),
(36, 14),
(215, 15),
(57, 16),
(481, 17),
(482, 18),
(84, 19),
(472, 20),
(391, 21),
(336, 22),
(171, 23),
(426, 24),
(427, 24),
(238, 25),
(274, 26),
(205, 27),
(39, 28),
(33, 29),
(52, 30),
(6, 31),
(186, 32),
(95, 33),
(298, 34),
(72, 35),
(81, 36),
(116, 36),
(194, 37),
(80, 38),
(126, 38),
(307, 38),
(161, 39),
(200, 40),
(359, 41),
(322, 42),
(117, 43),
(329, 44),
(373, 45),
(118, 46),
(309, 47),
(189, 48),
(330, 48),
(376, 48),
(299, 49),
(110, 50),
(483, 51),
(392, 52),
(198, 53),
(119, 54),
(244, 55),
(370, 56),
(196, 57),
(166, 58),
(90, 59),
(120, 60),
(79, 61),
(148, 62),
(197, 63),
(369, 64),
(374, 65),
(121, 66),
(102, 67),
(37, 68),
(122, 69),
(98, 70),
(127, 70),
(257, 71),
(66, 72),
(70, 73),
(428, 73),
(228, 74),
(137, 75),
(50, 76),
(365, 77),
(167, 78),
(305, 79),
(263, 80),
(201, 81),
(279, 82),
(91, 83),
(209, 83),
(212, 83),
(255, 83),
(313, 83),
(101, 84),
(23, 85),
(69, 86),
(214, 86),
(256, 87),
(332, 87),
(435, 88),
(4, 90),
(143, 91),
(144, 92),
(349, 93),
(350, 93),
(484, 93),
(434, 94),
(260, 95),
(103, 96),
(396, 97),
(131, 98),
(115, 99),
(447, 100),
(333, 101),
(334, 102),
(324, 103),
(281, 104),
(252, 105),
(264, 106),
(318, 107),
(29, 108),
(180, 109),
(363, 110),
(89, 111),
(438, 112),
(381, 113),
(464, 114),
(8, 115),
(53, 115),
(382, 115),
(383, 115),
(453, 116),
(465, 116),
(432, 117),
(270, 118),
(129, 119),
(485, 120),
(140, 121),
(295, 122),
(132, 123),
(130, 124),
(157, 125),
(454, 126),
(32, 127),
(335, 128),
(405, 129),
(486, 129),
(311, 130),
(448, 130),
(430, 131),
(213, 132),
(94, 133),
(315, 134),
(207, 135),
(24, 136),
(154, 137),
(239, 137),
(177, 138),
(178, 138),
(10, 139),
(181, 139),
(293, 140),
(87, 141),
(440, 142),
(185, 143),
(184, 144),
(413, 145),
(176, 146),
(218, 147),
(174, 148),
(479, 149),
(152, 150),
(114, 151),
(414, 152),
(278, 153),
(422, 154),
(250, 155),
(418, 156),
(289, 157),
(400, 158),
(310, 159),
(165, 160),
(290, 160),
(284, 161),
(175, 162),
(402, 163),
(399, 164),
(321, 165),
(446, 166),
(259, 167),
(93, 168),
(217, 169),
(457, 170),
(384, 171),
(30, 172),
(471, 173),
(2, 174),
(31, 174),
(469, 175),
(142, 176),
(487, 176),
(221, 177),
(339, 178),
(233, 179),
(1, 180),
(168, 181),
(169, 182),
(35, 183),
(266, 184),
(149, 185),
(230, 186),
(192, 187),
(296, 188),
(303, 189),
(343, 190),
(251, 191),
(15, 192),
(219, 193),
(182, 194),
(243, 195),
(262, 196),
(49, 197),
(380, 198),
(240, 199),
(288, 200),
(283, 201),
(38, 202),
(17, 203),
(41, 204),
(433, 204),
(55, 205),
(277, 206),
(54, 207),
(51, 208),
(16, 209),
(249, 210),
(331, 211),
(108, 212),
(58, 213),
(226, 214),
(100, 215),
(60, 216),
(206, 217),
(124, 218),
(379, 219),
(86, 220),
(467, 221),
(389, 222),
(470, 223),
(9, 224),
(56, 225),
(245, 226),
(476, 227),
(323, 228),
(459, 229),
(134, 230),
(395, 231),
(406, 232),
(394, 233),
(138, 234),
(139, 234),
(135, 235),
(179, 236),
(190, 237),
(445, 237),
(76, 238),
(65, 239),
(429, 239),
(348, 240),
(210, 241),
(128, 242),
(227, 242),
(355, 243),
(107, 244),
(61, 245),
(388, 246),
(403, 247),
(371, 248),
(347, 249),
(83, 250),
(109, 251),
(141, 251),
(104, 252),
(338, 253),
(398, 254),
(265, 255),
(488, 256),
(351, 257),
(97, 258),
(68, 259),
(344, 260),
(18, 261),
(312, 262),
(27, 263),
(273, 264),
(136, 265),
(419, 266),
(242, 267),
(158, 268),
(246, 269),
(105, 270),
(211, 271),
(96, 272),
(352, 273),
(357, 274),
(235, 275),
(489, 276),
(236, 277),
(43, 278),
(452, 279),
(45, 280),
(231, 281),
(460, 282),
(415, 283),
(364, 284),
(346, 285),
(443, 286),
(237, 287),
(490, 288),
(404, 289),
(67, 290),
(151, 291),
(224, 292),
(462, 293),
(73, 294),
(133, 295),
(106, 296),
(407, 297),
(71, 298),
(362, 299),
(367, 300),
(22, 301),
(155, 301),
(253, 302),
(361, 302),
(74, 303),
(328, 304),
(203, 305),
(301, 305),
(439, 307),
(82, 308),
(451, 308),
(441, 309),
(491, 309),
(291, 310),
(474, 311),
(385, 312),
(156, 313),
(492, 313),
(12, 314),
(287, 314),
(225, 315),
(455, 315),
(437, 316),
(408, 317),
(493, 318),
(216, 319),
(48, 320),
(431, 321),
(261, 322),
(494, 323),
(271, 324),
(390, 324),
(456, 324),
(495, 324),
(241, 325),
(308, 326),
(496, 327),
(468, 328),
(409, 329),
(285, 330),
(220, 331),
(354, 331),
(316, 332),
(232, 333),
(497, 334),
(314, 335),
(463, 336),
(375, 337),
(397, 338),
(475, 338),
(300, 339),
(64, 340),
(112, 341),
(320, 342),
(44, 343),
(75, 343),
(46, 344),
(366, 344),
(377, 344),
(498, 344),
(317, 345),
(145, 346),
(297, 346),
(499, 347),
(188, 348),
(410, 348),
(272, 349),
(319, 350),
(306, 351),
(411, 352),
(20, 353),
(302, 353),
(146, 354),
(269, 354),
(356, 354),
(500, 354),
(202, 355),
(147, 356),
(345, 356),
(477, 357),
(501, 358),
(11, 359),
(229, 360),
(99, 361),
(159, 361),
(164, 361),
(172, 361),
(21, 362),
(401, 363),
(254, 364),
(78, 365),
(421, 365),
(502, 365),
(7, 366),
(187, 367),
(341, 368),
(503, 369),
(337, 370),
(342, 370),
(111, 371),
(19, 372),
(325, 373),
(267, 374),
(353, 374),
(160, 375),
(193, 375),
(504, 376),
(150, 377),
(416, 378),
(449, 378),
(505, 378),
(444, 379),
(387, 380),
(412, 381),
(173, 382),
(506, 383),
(507, 384),
(163, 385),
(42, 386),
(222, 386),
(248, 386),
(282, 386),
(393, 386),
(223, 387),
(170, 388),
(292, 389),
(458, 389),
(461, 389),
(34, 390),
(368, 390),
(378, 391),
(326, 392),
(340, 392),
(77, 393),
(276, 394),
(234, 395),
(204, 396),
(423, 397),
(442, 398),
(13, 399),
(473, 400),
(125, 401),
(92, 402),
(294, 402),
(14, 403),
(358, 404),
(3, 405),
(28, 406),
(123, 406),
(280, 406),
(450, 406),
(275, 407),
(466, 407),
(386, 408),
(258, 409),
(25, 410),
(417, 410),
(508, 410),
(510, 414),
(511, 415),
(512, 416),
(513, 417),
(514, 418),
(515, 419),
(518, 421),
(519, 422),
(520, 423),
(521, 424),
(522, 425),
(523, 426),
(524, 427),
(525, 428),
(526, 429),
(527, 430),
(528, 431),
(529, 432),
(530, 433),
(531, 434),
(532, 435),
(533, 436),
(536, 438),
(536, 31),
(536, 31),
(536, 31),
(536, 31),
(536, 31),
(536, 10),
(536, 10),
(537, 235),
(538, 433),
(539, 443),
(540, 445),
(541, 446),
(542, 447),
(543, 448),
(544, 449),
(545, 451),
(546, 1),
(547, 1),
(548, 1),
(549, 1),
(550, 1),
(551, 1),
(552, 1),
(546, 452),
(547, 453),
(548, 452),
(549, 454),
(550, 455),
(551, 456),
(552, 457),
(553, 458),
(554, 460),
(555, 461),
(556, 462);

-- --------------------------------------------------------

--
-- Table structure for table `work_sheets`
--

DROP TABLE IF EXISTS `work_sheets`;
CREATE TABLE IF NOT EXISTS `work_sheets` (
  `worksheetid` int(10) NOT NULL AUTO_INCREMENT,
  `worksheet_number` varchar(40) NOT NULL,
  PRIMARY KEY (`worksheetid`)
) ENGINE=InnoDB AUTO_INCREMENT=342 DEFAULT CHARSET=latin1;

--
-- Dumping data for table `work_sheets`
--

INSERT INTO `work_sheets` (`worksheetid`, `worksheet_number`) VALUES
(11, 'wert'),
(12, 'ntrtegvf'),
(13, 'ewf43'),
(14, 'jy78'),
(15, 'cr532d234'),
(16, 'hyiuo98'),
(17, 'ghiu'),
(18, 'i89'),
(19, 'gt67989'),
(20, 'juiy8675r6f'),
(21, 'jhy9uo'),
(22, 'gt67989'),
(23, 'juiy8675r6f'),
(24, 'jhy9uo'),
(25, 'gt67989'),
(26, 'juiy8675r6f'),
(27, 'jhy9uo'),
(28, 'gt67989'),
(29, 'juiy8675r6f'),
(30, 'jhy9uo'),
(31, 'cdvfre'),
(32, 'rtbq'),
(33, 'vewft'),
(34, 'cdvfre'),
(35, 'rtbq'),
(36, 'vewft'),
(37, 'cdvfre'),
(38, 'rtbq'),
(39, 'vewft'),
(40, 'ytuyi'),
(41, 'kloioui'),
(42, 'ipip89'),
(43, 'ytuyi'),
(44, 'kloioui'),
(45, 'ipip89'),
(46, 'scqfe24t'),
(47, 'sevwr3g54'),
(48, 'kouipy'),
(49, 'wre565'),
(50, 'j7uy'),
(51, 'ouyiuo'),
(52, 'w'),
(53, 'ff'),
(54, 'gy'),
(55, 'vui'),
(56, 'g'),
(57, 'hiu9'),
(58, '2'),
(59, '2'),
(60, 'e'),
(61, 'k'),
(62, 'i'),
(63, 'o'),
(64, 'ju'),
(65, 'e'),
(66, 'k'),
(67, 'i'),
(68, 'o'),
(69, 'ju'),
(70, '1421'),
(71, 'nyh453q'),
(72, 'nyh453q'),
(73, 'nyh453q'),
(74, 'gterweq'),
(75, '54'),
(76, '234'),
(77, '234'),
(78, '234'),
(79, '234'),
(80, 'wr4543'),
(81, '1'),
(82, '2'),
(83, '1'),
(84, '3'),
(85, '2'),
(86, '4'),
(87, '3'),
(88, '5'),
(89, '4'),
(90, '6'),
(91, '5'),
(92, '6'),
(93, '7'),
(94, '7'),
(95, '8'),
(96, '8'),
(97, '9'),
(98, '9'),
(99, '10'),
(100, '10'),
(101, '1'),
(102, '1'),
(103, '2'),
(104, '2'),
(105, '3'),
(106, '1'),
(107, '3'),
(108, '4'),
(109, '2'),
(110, '4'),
(111, '5'),
(112, '3'),
(113, '5'),
(114, '6'),
(115, '4'),
(116, '6'),
(117, '7'),
(118, '5'),
(119, '7'),
(120, '8'),
(121, '6'),
(122, '8'),
(123, '9'),
(124, '7'),
(125, '9'),
(126, '10'),
(127, '8'),
(128, '10'),
(129, '1'),
(130, '9'),
(131, '1'),
(132, '1'),
(133, '10'),
(134, '1'),
(135, '1'),
(136, '1'),
(137, '1'),
(138, '1'),
(139, '2'),
(140, '1'),
(141, '1'),
(142, '3'),
(143, '1'),
(144, '1'),
(145, '4'),
(146, '1'),
(147, '1'),
(148, '5'),
(149, '1'),
(150, '1'),
(151, '6'),
(152, '1'),
(153, '1'),
(154, '7'),
(155, '1'),
(156, '1'),
(157, '8'),
(158, '1'),
(159, '1'),
(160, '9'),
(161, '1'),
(162, '1'),
(163, '10'),
(164, '1'),
(165, '1'),
(166, '1'),
(167, '1'),
(168, '1'),
(169, '1'),
(170, '1'),
(171, '1'),
(172, '1'),
(173, '1'),
(174, '1'),
(175, '1'),
(176, '1'),
(177, '1'),
(178, '1'),
(179, '1'),
(180, '1'),
(181, '1'),
(182, '1'),
(183, '1'),
(184, '1'),
(185, '1'),
(186, '2'),
(187, '1'),
(188, '2'),
(189, '2'),
(190, '1'),
(191, '2'),
(192, '2'),
(193, '1'),
(194, '2'),
(195, '2'),
(196, '1'),
(197, '2'),
(198, '2'),
(199, '1'),
(200, '2'),
(201, '2'),
(202, '1'),
(203, '2'),
(204, '2'),
(205, '1'),
(206, '2'),
(207, '2'),
(208, '1'),
(209, '2'),
(210, '0'),
(211, '1'),
(212, '0'),
(213, '1'),
(214, '1'),
(215, '1'),
(216, '1'),
(217, '1'),
(218, '1'),
(219, '1'),
(220, '1'),
(221, '1'),
(222, '1'),
(223, '2'),
(224, '1'),
(225, '1'),
(226, '2'),
(227, '1'),
(228, '1'),
(229, '2'),
(230, '1'),
(231, '1'),
(232, '2'),
(233, '1'),
(234, '1'),
(235, '2'),
(236, '1'),
(237, '1'),
(238, '2'),
(239, '1'),
(240, '1'),
(241, '2'),
(242, '1'),
(243, '1'),
(244, '2'),
(245, '1'),
(246, '1'),
(247, '0'),
(248, '1'),
(249, '1'),
(250, '1'),
(251, '1'),
(252, '1'),
(253, '1'),
(254, '1'),
(255, '1'),
(256, '1'),
(257, '1'),
(258, '1'),
(259, '1'),
(260, '1'),
(261, '1'),
(262, '1'),
(263, '1'),
(264, '1'),
(265, '1'),
(266, '1'),
(267, '1'),
(268, '1'),
(269, '1'),
(270, '1'),
(271, '1'),
(272, '1'),
(273, '1'),
(274, '1'),
(275, '1'),
(276, '1'),
(277, '1'),
(278, '1'),
(279, '1'),
(280, '1'),
(281, '1'),
(282, '1'),
(283, '1'),
(284, '1'),
(285, '1'),
(286, '1'),
(287, '1'),
(288, '1'),
(289, '1'),
(290, '1'),
(291, '1'),
(292, '1'),
(293, '1'),
(294, '1'),
(295, '1'),
(296, '1'),
(297, '1'),
(298, '1'),
(299, '1'),
(300, '1'),
(301, '1'),
(302, '1'),
(303, '1'),
(304, '1'),
(305, '1'),
(306, '1'),
(307, '1'),
(308, '1'),
(309, '1'),
(310, '1'),
(311, '1'),
(312, '1'),
(313, '1'),
(314, '1'),
(315, '1'),
(316, '1'),
(317, '1'),
(318, '1'),
(319, '1'),
(320, '1'),
(321, '89'),
(322, '90'),
(323, 'bgfds554'),
(324, '3'),
(325, '234'),
(326, '234'),
(327, 'weffq'),
(328, 'gfr43456'),
(329, '111111111111'),
(330, '22222222222'),
(331, '122341'),
(332, '2432'),
(333, '122341'),
(334, '2432'),
(335, '3'),
(336, '4'),
(337, '4'),
(338, '234'),
(339, '14'),
(340, '2345'),
(341, '43');

--
-- Constraints for dumped tables
--

--
-- Constraints for table `assigned_activity`
--
ALTER TABLE `assigned_activity`
  ADD CONSTRAINT `link activity assigned to activity` FOREIGN KEY (`activityid`) REFERENCES `activity` (`activityid`),
  ADD CONSTRAINT `link assigned activity to users` FOREIGN KEY (`userid`) REFERENCES `users` (`userid`);

--
-- Constraints for table `company_activity`
--
ALTER TABLE `company_activity`
  ADD CONSTRAINT `link company_activity to company` FOREIGN KEY (`companyid`) REFERENCES `company` (`companyid`),
  ADD CONSTRAINT `link customer_activity to activity` FOREIGN KEY (`activityid`) REFERENCES `activity` (`activityid`);

--
-- Constraints for table `company_requires`
--
ALTER TABLE `company_requires`
  ADD CONSTRAINT `link company_requires to company` FOREIGN KEY (`companyid`) REFERENCES `company` (`companyid`),
  ADD CONSTRAINT `link company_requires to jobs` FOREIGN KEY (`jobid`) REFERENCES `jobs` (`jobid`);

--
-- Constraints for table `company_to_project`
--
ALTER TABLE `company_to_project`
  ADD CONSTRAINT `link company to projects` FOREIGN KEY (`companyid`) REFERENCES `company` (`companyid`),
  ADD CONSTRAINT `link project to company` FOREIGN KEY (`projectid`) REFERENCES `projects` (`projectid`);

--
-- Constraints for table `customer_activity`
--
ALTER TABLE `customer_activity`
  ADD CONSTRAINT `link customer_activity to customer` FOREIGN KEY (`customerid`) REFERENCES `customer` (`customerid`),
  ADD CONSTRAINT `link to activity form customer activity` FOREIGN KEY (`activityid`) REFERENCES `activity` (`activityid`);

--
-- Constraints for table `customer_requires`
--
ALTER TABLE `customer_requires`
  ADD CONSTRAINT `link customer_requires to customers` FOREIGN KEY (`customerid`) REFERENCES `customer` (`customerid`),
  ADD CONSTRAINT `link customer_requires to jobs` FOREIGN KEY (`jobid`) REFERENCES `jobs` (`jobid`);

--
-- Constraints for table `jobs_to_history`
--
ALTER TABLE `jobs_to_history`
  ADD CONSTRAINT `link history` FOREIGN KEY (`historyid`) REFERENCES `job_history` (`historyid`),
  ADD CONSTRAINT `link jobs` FOREIGN KEY (`jobid`) REFERENCES `jobs` (`jobid`);

--
-- Constraints for table `managed_by`
--
ALTER TABLE `managed_by`
  ADD CONSTRAINT `link to projects` FOREIGN KEY (`projectid`) REFERENCES `projects` (`projectid`);

--
-- Constraints for table `stock_to_worksheets`
--
ALTER TABLE `stock_to_worksheets`
  ADD CONSTRAINT `link stock_to_worksheets to stock` FOREIGN KEY (`stockid`) REFERENCES `stock` (`stockid`),
  ADD CONSTRAINT `link stock_to_worksheets to work_sheets` FOREIGN KEY (`worksheetid`) REFERENCES `work_sheets` (`worksheetid`);

--
-- Constraints for table `uses`
--
ALTER TABLE `uses`
  ADD CONSTRAINT `link uses to jobs` FOREIGN KEY (`jobid`) REFERENCES `jobs` (`jobid`),
  ADD CONSTRAINT `link uses to stock` FOREIGN KEY (`stockid`) REFERENCES `stock` (`stockid`);

--
-- Constraints for table `worker_to_project`
--
ALTER TABLE `worker_to_project`
  ADD CONSTRAINT `link to workers` FOREIGN KEY (`workerid`) REFERENCES `workers` (`workerid`),
  ADD CONSTRAINT `link worker_to_project to projects` FOREIGN KEY (`projectid`) REFERENCES `projects` (`projectid`);

--
-- Constraints for table `works_with`
--
ALTER TABLE `works_with`
  ADD CONSTRAINT `link works_with to company` FOREIGN KEY (`companyid`) REFERENCES `company` (`companyid`),
  ADD CONSTRAINT `link works_with to workers` FOREIGN KEY (`workerid`) REFERENCES `workers` (`workerid`);

/*!40101 SET CHARACTER_SET_CLIENT=@OLD_CHARACTER_SET_CLIENT */;
/*!40101 SET CHARACTER_SET_RESULTS=@OLD_CHARACTER_SET_RESULTS */;
/*!40101 SET COLLATION_CONNECTION=@OLD_COLLATION_CONNECTION */;
